iter_name,gi,pj,sk,cl,gmod_pa,phi_rad,psi_rad,cval_pa,x_min,x_max,spread,z_max,n_floor,retained_frac,ranoff_frac
grid_g0_p0_s0_c1,0,0,0,1,1000000.0,0.45,0.0,500.0,0.000200616,1.98865,1.988449384,0.0876034,598,0.03260869565217391,0.03881987577639751
grid_g0_p0_s0_c4,0,0,0,4,1000000.0,0.45,0.0,2000.0,0.0116234,1.16373,1.1521066,0.127275,627,0.017080745341614908,0.0
grid_g0_p0_s0_c2,0,0,0,2,1000000.0,0.45,0.0,1000.0,0.00536166,1.76415,1.7587883400000002,0.129448,620,0.027950310559006212,0.009316770186335404
grid_g0_p0_s0_c6,0,0,0,6,1000000.0,0.45,0.0,3000.0,0.0550996,0.89725,0.8421504,0.149455,635,0.013975155279503106,0.0
grid_g0_p0_s0_c3,0,0,0,3,1000000.0,0.45,0.0,1500.0,0.000328097,1.41024,1.409911903,0.10260140000000001,620,0.027950310559006212,0.009316770186335404
grid_g0_p0_s1_c0,0,0,1,0,1000000.0,0.45,0.0583333333333333,0.0,0.00471516,1.98054,1.97582484,0.0822386,526,0.04813664596273292,0.13509316770186336
grid_g0_p0_s0_c0,0,0,0,0,1000000.0,0.45,0.0,0.0,0.250606,1.98336,1.732754,0.05148,542,0.09006211180124224,0.055900621118012424
grid_g0_p0_s0_c5,0,0,0,5,1000000.0,0.45,0.0,2500.0,0.00633627,0.962654,0.95631773,0.142147,627,0.017080745341614908,0.0
grid_g0_p0_s1_c1,0,0,1,1,1000000.0,0.45,0.0583333333333333,500.0,0.00161623,1.97102,1.96940377,0.12915,521,0.034161490683229816,0.15683229813664595
grid_g0_p0_s1_c3,0,0,1,3,1000000.0,0.45,0.0583333333333333,1500.0,0.00262104,1.78682,1.7841989600000001,0.131759,580,0.031055900621118012,0.06677018633540373
grid_g0_p0_s1_c6,0,0,1,6,1000000.0,0.45,0.0583333333333333,3000.0,0.00270716,1.5444,1.54169284,0.170322,629,0.017080745341614908,0.0015527950310559005
grid_g0_p0_s1_c2,0,0,1,2,1000000.0,0.45,0.0583333333333333,1000.0,0.00175524,1.98944,1.98768476,0.122692,549,0.023291925465838508,0.12267080745341614
grid_g0_p0_s2_c0,0,0,2,0,1000000.0,0.45,0.1166666666666666,0.0,0.00217218,1.9883,1.9861278199999999,0.133492,491,0.046583850931677016,0.19099378881987578
grid_g0_p0_s2_c1,0,0,2,1,1000000.0,0.45,0.1166666666666666,500.0,0.00448402,1.98834,1.98385598,0.201591,464,0.03571428571428571,0.2406832298136646
grid_g0_p0_s1_c4,0,0,1,4,1000000.0,0.45,0.0583333333333333,2000.0,0.00126699,1.91306,1.91179301,0.132204,615,0.012422360248447204,0.027950310559006212
grid_g0_p0_s1_c5,0,0,1,5,1000000.0,0.45,0.0583333333333333,2500.0,0.00069448,1.88805,1.88735552,0.130429,626,0.020186335403726708,0.004658385093167702
grid_g0_p0_s2_c2,0,0,2,2,1000000.0,0.45,0.1166666666666666,1000.0,0.00962691,1.98623,1.97660309,0.174785,501,0.03571428571428571,0.18633540372670807
grid_g0_p0_s2_c3,0,0,2,3,1000000.0,0.45,0.1166666666666666,1500.0,0.00355208,1.98252,1.97896792,0.156783,514,0.023291925465838508,0.17857142857142858
grid_g0_p0_s2_c4,0,0,2,4,1000000.0,0.45,0.1166666666666666,2000.0,0.00209904,1.96412,1.96202096,0.14932299999999998,511,0.027950310559006212,0.17701863354037267
grid_g0_p0_s2_c5,0,0,2,5,1000000.0,0.45,0.1166666666666666,2500.0,0.00145754,1.9893,1.98784246,0.134157,561,0.023291925465838508,0.10093167701863354
grid_g0_p0_s2_c6,0,0,2,6,1000000.0,0.45,0.1166666666666666,3000.0,0.00298689,1.98874,1.9857531099999999,0.15622999999999998,590,0.026397515527950312,0.04813664596273292
grid_g0_p0_s3_c1,0,0,3,1,1000000.0,0.45,0.175,500.0,0.00598436,1.98536,1.97937564,0.237276,418,0.05434782608695652,0.2888198757763975
grid_g0_p0_s3_c0,0,0,3,0,1000000.0,0.45,0.175,0.0,0.00465374,1.98982,1.98516626,0.187915,461,0.03881987577639751,0.24378881987577639
grid_g0_p0_s3_c2,0,0,3,2,1000000.0,0.45,0.175,1000.0,0.00298499,1.97743,1.97444501,0.178441,428,0.037267080745341616,0.29347826086956524
grid_g0_p0_s3_c3,0,0,3,3,1000000.0,0.45,0.175,1500.0,0.00291048,1.98995,1.9870395200000002,0.20502099999999998,449,0.04192546583850932,0.2562111801242236
grid_g0_p0_s3_c4,0,0,3,4,1000000.0,0.45,0.175,2000.0,0.00803262,1.98878,1.98074738,0.205949,506,0.029503105590062112,0.18167701863354038
grid_g0_p0_s3_c5,0,0,3,5,1000000.0,0.45,0.175,2500.0,0.0148276,1.98966,1.9748324,0.176865,506,0.020186335403726708,0.18322981366459629
grid_g0_p0_s3_c6,0,0,3,6,1000000.0,0.45,0.175,3000.0,0.00150258,1.98841,1.98690742,0.187438,558,0.023291925465838508,0.10714285714285714
grid_g0_p0_s4_c0,0,0,4,0,1000000.0,0.45,0.2333333333333333,0.0,0.00234132,1.98614,1.98379868,0.16724899999999998,431,0.03571428571428571,0.2826086956521739
grid_g0_p0_s4_c3,0,0,4,3,1000000.0,0.45,0.2333333333333333,1500.0,0.00196351,1.98697,1.98500649,0.332305,404,0.04503105590062112,0.3136645962732919
grid_g0_p0_s4_c1,0,0,4,1,1000000.0,0.45,0.2333333333333333,500.0,0.00485578,1.98517,1.9803142200000001,0.22844299999999998,383,0.043478260869565216,0.3385093167701863
grid_g0_p0_s4_c2,0,0,4,2,1000000.0,0.45,0.2333333333333333,1000.0,0.00649484,1.98726,1.98076516,0.27449999999999997,394,0.05434782608695652,0.3245341614906832
grid_g0_p0_s4_c4,0,0,4,4,1000000.0,0.45,0.2333333333333333,2000.0,0.00723258,1.98905,1.98181742,0.20135599999999998,425,0.04503105590062112,0.2826086956521739
grid_g0_p0_s4_c5,0,0,4,5,1000000.0,0.45,0.2333333333333333,2500.0,0.000529298,1.96709,1.966560702,0.241263,459,0.034161490683229816,0.2406832298136646
grid_g0_p0_s4_c6,0,0,4,6,1000000.0,0.45,0.2333333333333333,3000.0,0.00355925,1.9854,1.9818407500000002,0.206276,455,0.03881987577639751,0.2453416149068323
grid_g0_p0_s5_c0,0,0,5,0,1000000.0,0.45,0.2916666666666666,0.0,0.0950359,1.98706,1.8920241,0.209495,405,0.037267080745341616,0.31211180124223603
grid_g0_p0_s5_c1,0,0,5,1,1000000.0,0.45,0.2916666666666666,500.0,0.00473384,1.9841,1.9793661599999999,0.236344,367,0.03260869565217391,0.36801242236024845
grid_g0_p0_s5_c3,0,0,5,3,1000000.0,0.45,0.2916666666666666,1500.0,0.00582625,1.9833,1.9774737500000001,0.287802,358,0.04813664596273292,0.3804347826086957
grid_g0_p0_s5_c2,0,0,5,2,1000000.0,0.45,0.2916666666666666,1000.0,0.00573677,1.98381,1.9780732300000001,0.314569,362,0.046583850931677016,0.37422360248447206
grid_g0_p0_s5_c4,0,0,5,4,1000000.0,0.45,0.2916666666666666,2000.0,0.00173863,1.9817,1.97996137,0.201813,396,0.027950310559006212,0.31521739130434784
grid_g0_p0_s5_c5,0,0,5,5,1000000.0,0.45,0.2916666666666666,2500.0,0.00958301,1.98837,1.97878699,0.301786,374,0.037267080745341616,0.3167701863354037
grid_g0_p0_s5_c6,0,0,5,6,1000000.0,0.45,0.2916666666666666,3000.0,0.00266556,1.9883,1.98563444,0.23638599999999999,373,0.03881987577639751,0.3136645962732919
grid_g0_p0_s6_c0,0,0,6,0,1000000.0,0.45,0.35,0.0,0.0139294,1.98914,1.9752105999999998,0.230839,384,0.03260869565217391,0.34316770186335405
grid_g0_p0_s6_c3,0,0,6,3,1000000.0,0.45,0.35,1500.0,0.00898535,1.98614,1.9771546500000001,0.23751899999999998,328,0.040372670807453416,0.38664596273291924
grid_g0_p0_s6_c1,0,0,6,1,1000000.0,0.45,0.35,500.0,0.00358643,1.98511,1.98152357,0.233927,319,0.034161490683229816,0.39906832298136646
grid_g0_p0_s6_c2,0,0,6,2,1000000.0,0.45,0.35,1000.0,0.00143143,1.9838,1.98236857,0.324545,341,0.03881987577639751,0.39751552795031053
grid_g0_p0_s6_c4,0,0,6,4,1000000.0,0.45,0.35,2000.0,0.00597298,1.98663,1.98065702,0.268105,364,0.026397515527950312,0.34316770186335405
grid_g0_p0_s6_c5,0,0,6,5,1000000.0,0.45,0.35,2500.0,0.000762401,1.9856,1.984837599,0.275013,373,0.03260869565217391,0.31832298136645965
grid_g0_p0_s6_c6,0,0,6,6,1000000.0,0.45,0.35,3000.0,0.00228396,1.98896,1.98667604,0.313904,373,0.03260869565217391,0.32142857142857145
grid_g0_p1_s0_c0,0,1,0,0,1000000.0,0.525,0.0,0.0,0.00747227,1.8279,1.82042773,0.0594785,587,0.08695652173913043,0.0
grid_g0_p1_s0_c1,0,1,0,1,1000000.0,0.525,0.0,500.0,0.000934288,1.68217,1.6812357119999999,0.1050179,623,0.03260869565217391,0.0
grid_g0_p1_s0_c2,0,1,0,2,1000000.0,0.525,0.0,1000.0,0.00744036,1.51706,1.5096196400000002,0.11935319999999999,625,0.021739130434782608,0.0
grid_g0_p1_s0_c3,0,1,0,3,1000000.0,0.525,0.0,1500.0,0.00458884,1.1675,1.16291116,0.13635,616,0.031055900621118012,0.0
grid_g0_p1_s0_c4,0,1,0,4,1000000.0,0.525,0.0,2000.0,0.00912061,0.980772,0.97165139,0.137567,635,0.013975155279503106,0.0
grid_g0_p1_s0_c5,0,1,0,5,1000000.0,0.525,0.0,2500.0,0.00612862,0.833503,0.82737438,0.156155,635,0.013975155279503106,0.0
grid_g0_p1_s0_c6,0,1,0,6,1000000.0,0.525,0.0,3000.0,0.0422307,0.71593,0.6736993,0.17153,633,0.017080745341614908,0.0
grid_g0_p1_s1_c0,0,1,1,0,1000000.0,0.525,0.0583333333333333,0.0,0.00284535,1.98724,1.9843946499999998,0.130064,596,0.05745341614906832,0.017080745341614908
grid_g0_p1_s1_c1,0,1,1,1,1000000.0,0.525,0.0583333333333333,500.0,0.000458786,1.98969,1.989231214,0.12412699999999999,609,0.03260869565217391,0.021739130434782608
grid_g0_p1_s1_c2,0,1,1,2,1000000.0,0.525,0.0583333333333333,1000.0,0.0033963,1.97575,1.9723537,0.121363,624,0.020186335403726708,0.009316770186335404
grid_g0_p1_s1_c3,0,1,1,3,1000000.0,0.525,0.0583333333333333,1500.0,0.000289319,1.87943,1.879140681,0.13697,630,0.010869565217391304,0.006211180124223602
grid_g0_p1_s1_c4,0,1,1,4,1000000.0,0.525,0.0583333333333333,2000.0,0.00136028,1.43153,1.4301697199999999,0.14959899999999998,625,0.024844720496894408,0.004658385093167702
grid_g0_p1_s1_c5,0,1,1,5,1000000.0,0.525,0.0583333333333333,2500.0,0.00457512,1.14358,1.13900488,0.121972,616,0.034161490683229816,0.007763975155279503
grid_g0_p1_s1_c6,0,1,1,6,1000000.0,0.525,0.0583333333333333,3000.0,0.00152145,1.10264,1.10111855,0.17085899999999998,630,0.010869565217391304,0.003105590062111801
grid_g0_p1_s2_c0,0,1,2,0,1000000.0,0.525,0.1166666666666666,0.0,0.00215062,1.98087,1.9787193799999998,0.19125599999999998,577,0.046583850931677016,0.05745341614906832
grid_g0_p1_s2_c1,0,1,2,1,1000000.0,0.525,0.1166666666666666,500.0,0.00302662,1.98812,1.9850933800000001,0.200462,542,0.059006211180124224,0.09782608695652174
grid_g0_p1_s2_c2,0,1,2,2,1000000.0,0.525,0.1166666666666666,1000.0,0.00262648,1.98676,1.98413352,0.191169,565,0.03881987577639751,0.08385093167701864
grid_g0_p1_s2_c3,0,1,2,3,1000000.0,0.525,0.1166666666666666,1500.0,0.00172282,1.98268,1.98095718,0.169293,618,0.024844720496894408,0.013975155279503106
grid_g0_p1_s2_c4,0,1,2,4,1000000.0,0.525,0.1166666666666666,2000.0,0.00178007,1.85266,1.85087993,0.174693,616,0.027950310559006212,0.009316770186335404
grid_g0_p1_s3_c0,0,1,3,0,1000000.0,0.525,0.175,0.0,0.00566046,1.9849,1.97923954,0.197012,548,0.03881987577639751,0.10559006211180125
grid_g0_p1_s2_c6,0,1,2,6,1000000.0,0.525,0.1166666666666666,3000.0,0.00196091,1.56985,1.56788909,0.178013,614,0.026397515527950312,0.006211180124223602
grid_g0_p1_s2_c5,0,1,2,5,1000000.0,0.525,0.1166666666666666,2500.0,0.000987191,1.7915,1.790512809,0.172294,620,0.031055900621118012,0.006211180124223602
grid_g0_p1_s3_c1,0,1,3,1,1000000.0,0.525,0.175,500.0,0.000486785,1.98881,1.9883232149999999,0.29207099999999997,506,0.052795031055900624,0.15683229813664595
grid_g0_p1_s3_c2,0,1,3,2,1000000.0,0.525,0.175,1000.0,0.00631846,1.98337,1.9770515400000002,0.267772,535,0.037267080745341616,0.13043478260869565
grid_g0_p1_s3_c3,0,1,3,3,1000000.0,0.525,0.175,1500.0,0.0113961,1.98545,1.9740539,0.264258,549,0.037267080745341616,0.10403726708074534
grid_g0_p1_s3_c4,0,1,3,4,1000000.0,0.525,0.175,2000.0,0.00508298,1.98986,1.98477702,0.25588500000000003,595,0.023291925465838508,0.052795031055900624
grid_g0_p1_s4_c0,0,1,4,0,1000000.0,0.525,0.2333333333333333,0.0,0.0125796,1.98736,1.9747804,0.263925,532,0.04813664596273292,0.11956521739130435
grid_g0_p1_s3_c5,0,1,3,5,1000000.0,0.525,0.175,2500.0,0.000603381,1.98161,1.9810066190000002,0.20582499999999998,575,0.03571428571428571,0.06832298136645963
grid_g0_p1_s3_c6,0,1,3,6,1000000.0,0.525,0.175,3000.0,0.00182843,1.98477,1.98294157,0.19631099999999999,607,0.026397515527950312,0.024844720496894408
grid_g0_p1_s4_c1,0,1,4,1,1000000.0,0.525,0.2333333333333333,500.0,0.00319004,1.98431,1.98111996,0.249997,460,0.055900621118012424,0.20652173913043478
grid_g0_p1_s4_c2,0,1,4,2,1000000.0,0.525,0.2333333333333333,1000.0,0.00298176,1.97464,1.97165824,0.296849,472,0.049689440993788817,0.18478260869565216
grid_g0_p1_s4_c3,0,1,4,3,1000000.0,0.525,0.2333333333333333,1500.0,0.0019489,1.98753,1.9855811,0.310659,497,0.034161490683229816,0.18633540372670807
grid_g0_p1_s4_c4,0,1,4,4,1000000.0,0.525,0.2333333333333333,2000.0,0.00710347,1.9834,1.9762965300000002,0.23372199999999999,508,0.04192546583850932,0.16614906832298137
grid_g0_p1_s4_c5,0,1,4,5,1000000.0,0.525,0.2333333333333333,2500.0,0.0017064,1.98715,1.9854436,0.252069,539,0.04813664596273292,0.10714285714285714
grid_g0_p1_s4_c6,0,1,4,6,1000000.0,0.525,0.2333333333333333,3000.0,0.00299329,1.98446,1.9814667099999999,0.285601,584,0.049689440993788817,0.037267080745341616
grid_g0_p1_s5_c0,0,1,5,0,1000000.0,0.525,0.2916666666666666,0.0,0.0080668,1.98804,1.9799732,0.192001,484,0.040372670807453416,0.19099378881987578
grid_g0_p1_s5_c1,0,1,5,1,1000000.0,0.525,0.2916666666666666,500.0,0.0055144,1.98666,1.9811456,0.263588,442,0.05434782608695652,0.2468944099378882
grid_g0_p1_s5_c2,0,1,5,2,1000000.0,0.525,0.2916666666666666,1000.0,0.00373778,1.98537,1.98163222,0.353493,431,0.05745341614906832,0.2562111801242236
grid_g0_p1_s5_c3,0,1,5,3,1000000.0,0.525,0.2916666666666666,1500.0,0.00580862,1.98724,1.9814313799999999,0.306401,415,0.059006211180124224,0.2732919254658385
grid_g0_p1_s5_c4,0,1,5,4,1000000.0,0.525,0.2916666666666666,2000.0,0.000870379,1.98661,1.985739621,0.24909,480,0.040372670807453416,0.19875776397515527
grid_g0_p1_s5_c5,0,1,5,5,1000000.0,0.525,0.2916666666666666,2500.0,0.00361531,1.97228,1.96866469,0.24465599999999998,484,0.05124223602484472,0.18322981366459629
grid_g0_p1_s5_c6,0,1,5,6,1000000.0,0.525,0.2916666666666666,3000.0,0.0019256,1.98815,1.9862244,0.243355,487,0.043478260869565216,0.18012422360248448
grid_g0_p1_s6_c0,0,1,6,0,1000000.0,0.525,0.35,0.0,0.000324613,1.98604,1.985715387,0.247215,470,0.034161490683229816,0.21583850931677018
grid_g0_p1_s6_c1,0,1,6,1,1000000.0,0.525,0.35,500.0,0.00853178,1.98852,1.97998822,0.294385,413,0.04192546583850932,0.2748447204968944
grid_g0_p1_s6_c2,0,1,6,2,1000000.0,0.525,0.35,1000.0,0.000329137,1.98964,1.989310863,0.316677,403,0.049689440993788817,0.30434782608695654
grid_g0_p1_s6_c3,0,1,6,3,1000000.0,0.525,0.35,1500.0,0.000355442,1.98837,1.988014558,0.266978,423,0.055900621118012424,0.2686335403726708
grid_g1_p0_s0_c1,1,0,0,1,2075781.6311124284,0.45,0.0,500.0,0.00456757,1.95394,1.94937243,0.10009100000000001,584,0.029503105590062112,0.06366459627329192
grid_g1_p0_s0_c0,1,0,0,0,2075781.6311124284,0.45,0.0,0.0,0.000270966,1.98901,1.988739034,0.0525188,559,0.08074534161490683,0.05124223602484472
grid_g2_p0_s0_c0,2,0,0,0,4308869.380063765,0.45,0.0,0.0,0.00165767,1.98868,1.98702233,0.0524622,570,0.07763975155279502,0.037267080745341616
grid_g2_p0_s0_c1,2,0,0,1,4308869.380063765,0.45,0.0,500.0,0.00386664,1.98531,1.9814433599999999,0.10656560000000001,559,0.031055900621118012,0.10093167701863354
grid_g3_p0_s0_c0,3,0,0,0,8944271.90999916,0.45,0.0,0.0,0.00472782,1.98794,1.98321218,0.0545748,591,0.049689440993788817,0.03260869565217391
grid_g4_p0_s0_c0,4,0,0,0,18566355.33445113,0.45,0.0,0.0,0.00216013,1.98498,1.98281987,0.0541726,603,0.03571428571428571,0.027950310559006212
grid_g3_p0_s0_c1,3,0,0,1,8944271.90999916,0.45,0.0,500.0,0.000720532,1.9638,1.9630794679999999,0.10732420000000001,579,0.024844720496894408,0.07608695652173914
grid_g1_p0_s0_c2,1,0,0,2,2075781.6311124284,0.45,0.0,1000.0,0.00471066,1.74488,1.74016934,0.10189409999999999,617,0.03260869565217391,0.009316770186335404
grid_g5_p0_s0_c0,5,0,0,0,38539699.35995991,0.45,0.0,0.0,0.0037631,1.97916,1.9753969,0.0546085,608,0.03571428571428571,0.020186335403726708
grid_g4_p0_s0_c1,4,0,0,1,18566355.33445113,0.45,0.0,500.0,0.000735622,1.98878,1.988044378,0.11869299999999999,549,0.024844720496894408,0.11645962732919254
grid_g2_p0_s0_c2,2,0,0,2,4308869.380063765,0.45,0.0,1000.0,0.00646383,1.74208,1.7356161700000001,0.1053242,621,0.017080745341614908,0.018633540372670808
grid_g3_p0_s0_c2,3,0,0,2,8944271.90999916,0.45,0.0,1000.0,0.00109071,1.8078,1.8067092900000001,0.1073315,622,0.024844720496894408,0.009316770186335404
grid_g1_p0_s0_c3,1,0,0,3,2075781.6311124284,0.45,0.0,1500.0,0.0321934,1.5017,1.4695066,0.132052,623,0.023291925465838508,0.0
grid_g5_p0_s0_c1,5,0,0,1,38539699.35995991,0.45,0.0,500.0,0.00104429,1.91184,1.91079571,0.126074,564,0.026397515527950312,0.09161490683229814
grid_g6_p0_s0_c0,6,0,0,0,80000000.00000003,0.45,0.0,0.0,0.00492097,1.98785,1.98292903,0.0568348,618,0.031055900621118012,0.009316770186335404
grid_g4_p0_s0_c2,4,0,0,2,18566355.33445113,0.45,0.0,1000.0,0.00254269,1.76747,1.76492731,0.1170398,624,0.018633540372670808,0.012422360248447204
grid_g2_p0_s0_c3,2,0,0,3,4308869.380063765,0.45,0.0,1500.0,0.0363192,1.40225,1.3659308,0.11465059999999999,619,0.020186335403726708,0.018633540372670808
grid_g6_p0_s0_c1,6,0,0,1,80000000.00000003,0.45,0.0,500.0,0.000227306,1.84259,1.842362694,0.137577,559,0.026397515527950312,0.10559006211180125
grid_g3_p0_s0_c3,3,0,0,3,8944271.90999916,0.45,0.0,1500.0,0.0165333,1.51285,1.4963167,0.12434600000000001,634,0.015527950310559006,0.0
grid_g1_p0_s0_c4,1,0,0,4,2075781.6311124284,0.45,0.0,2000.0,0.0229347,1.2356,1.2126653,0.13325,635,0.013975155279503106,0.0
grid_g5_p0_s0_c2,5,0,0,2,38539699.35995991,0.45,0.0,1000.0,0.00364159,1.82878,1.82513841,0.11913489999999999,622,0.013975155279503106,0.006211180124223602
grid_g4_p0_s0_c3,4,0,0,3,18566355.33445113,0.45,0.0,1500.0,0.0262899,1.64365,1.6173601,0.1049724,635,0.013975155279503106,0.0
grid_g2_p0_s0_c4,2,0,0,4,4308869.380063765,0.45,0.0,2000.0,0.012816,1.2925,1.279684,0.125749,638,0.009316770186335404,0.0
grid_g3_p0_s0_c4,3,0,0,4,8944271.90999916,0.45,0.0,2000.0,0.00140634,1.3107,1.30929366,0.124467,638,0.009316770186335404,0.0
grid_g1_p0_s0_c5,1,0,0,5,2075781.6311124284,0.45,0.0,2500.0,0.0329945,0.984838,0.9518435,0.132969,631,0.010869565217391304,0.0
grid_g5_p0_s0_c3,5,0,0,3,38539699.35995991,0.45,0.0,1500.0,0.0329602,1.52048,1.4875198,0.11201169999999999,637,0.010869565217391304,0.0
grid_g6_p0_s0_c2,6,0,0,2,80000000.00000003,0.45,0.0,1000.0,0.000477378,1.77842,1.7779426219999999,0.144674,630,0.015527950310559006,0.006211180124223602
grid_g4_p0_s0_c4,4,0,0,4,18566355.33445113,0.45,0.0,2000.0,0.00774086,1.30034,1.29259914,0.10791139999999999,632,0.007763975155279503,0.0
grid_g2_p0_s0_c5,2,0,0,5,4308869.380063765,0.45,0.0,2500.0,0.0661593,1.15408,1.0879207,0.153259,635,0.013975155279503106,0.0
grid_g6_p0_s0_c3,6,0,0,3,80000000.00000003,0.45,0.0,1500.0,0.0336739,1.64581,1.6121361,0.1118007,637,0.010869565217391304,0.0
grid_g3_p0_s0_c5,3,0,0,5,8944271.90999916,0.45,0.0,2500.0,0.00360102,1.1967,1.19309898,0.150204,635,0.013975155279503106,0.0
grid_g1_p0_s0_c6,1,0,0,6,2075781.6311124284,0.45,0.0,3000.0,0.005779,0.90839,0.902611,0.166102,638,0.009316770186335404,0.0
grid_g5_p0_s0_c4,5,0,0,4,38539699.35995991,0.45,0.0,2000.0,0.0586861,1.33053,1.2718439,0.133175,634,0.015527950310559006,0.0
grid_g4_p0_s0_c5,4,0,0,5,18566355.33445113,0.45,0.0,2500.0,0.013502,1.10478,1.0912780000000002,0.161724,642,0.003105590062111801,0.0
grid_g2_p0_s0_c6,2,0,0,6,4308869.380063765,0.45,0.0,3000.0,0.0074877,0.914047,0.9065593000000001,0.162933,637,0.010869565217391304,0.0
grid_g5_p0_s0_c5,5,0,0,5,38539699.35995991,0.45,0.0,2500.0,0.0979379,1.12632,1.0283821,0.1432,637,0.009316770186335404,0.0
grid_g3_p0_s0_c6,3,0,0,6,8944271.90999916,0.45,0.0,3000.0,0.0596734,0.977712,0.9180386,0.161551,640,0.006211180124223602,0.0
grid_g6_p0_s0_c4,6,0,0,4,80000000.00000003,0.45,0.0,2000.0,0.00699117,1.39667,1.38967883,0.138005,640,0.006211180124223602,0.0
grid_g1_p0_s1_c0,1,0,1,0,2075781.6311124284,0.45,0.0583333333333333,0.0,0.0133651,1.98735,1.9739849,0.0812552,549,0.03571428571428571,0.11024844720496894
grid_g4_p0_s0_c6,4,0,0,6,18566355.33445113,0.45,0.0,3000.0,0.0525181,0.989808,0.9372899,0.156085,640,0.006211180124223602,0.0
grid_g2_p0_s1_c0,2,0,1,0,4308869.380063765,0.45,0.0583333333333333,0.0,0.00682479,1.98821,1.98138521,0.0754653,573,0.020186335403726708,0.09006211180124224
grid_g3_p0_s1_c0,3,0,1,0,8944271.90999916,0.45,0.0583333333333333,0.0,0.00558986,1.98633,1.98074014,0.0695923,585,0.026397515527950312,0.06521739130434782
grid_g5_p0_s0_c6,5,0,0,6,38539699.35995991,0.45,0.0,3000.0,0.15773,1.02965,0.8719199999999999,0.154035,635,0.013975155279503106,0.0
grid_g6_p0_s0_c5,6,0,0,5,80000000.00000003,0.45,0.0,2500.0,0.00851901,1.098,1.08948099,0.148529,639,0.007763975155279503,0.0
grid_g1_p0_s1_c1,1,0,1,1,2075781.6311124284,0.45,0.0583333333333333,500.0,0.000132197,1.98836,1.988227803,0.139548,520,0.020186335403726708,0.16459627329192547
grid_g4_p0_s1_c0,4,0,1,0,18566355.33445113,0.45,0.0583333333333333,0.0,0.00164229,1.98702,1.98537771,0.0662652,600,0.024844720496894408,0.043478260869565216
grid_g2_p0_s1_c1,2,0,1,1,4308869.380063765,0.45,0.0583333333333333,500.0,0.00129081,1.9894,1.98810919,0.13774,531,0.021739130434782608,0.15372670807453417
grid_g5_p0_s1_c0,5,0,1,0,38539699.35995991,0.45,0.0583333333333333,0.0,0.00635217,1.98705,1.98069783,0.0595454,611,0.021739130434782608,0.029503105590062112
grid_g3_p0_s1_c1,3,0,1,1,8944271.90999916,0.45,0.0583333333333333,500.0,0.00053516,1.98903,1.98849484,0.1132938,519,0.027950310559006212,0.16614906832298137
grid_g6_p0_s0_c6,6,0,0,6,80000000.00000003,0.45,0.0,3000.0,0.140546,0.941944,0.801398,0.14857599999999999,639,0.007763975155279503,0.0
grid_g1_p0_s1_c2,1,0,1,2,2075781.6311124284,0.45,0.0583333333333333,1000.0,0.00266621,1.78522,1.7825537900000001,0.11923230000000001,541,0.029503105590062112,0.12422360248447205
grid_g4_p0_s1_c1,4,0,1,1,18566355.33445113,0.45,0.0583333333333333,500.0,0.000193341,1.98248,1.9822866590000001,0.11253179999999999,521,0.037267080745341616,0.15372670807453417
grid_g2_p0_s1_c2,2,0,1,2,4308869.380063765,0.45,0.0583333333333333,1000.0,0.000500392,1.93268,1.932179608,0.1161517,533,0.027950310559006212,0.13975155279503104
grid_g3_p0_s1_c2,3,0,1,2,8944271.90999916,0.45,0.0583333333333333,1000.0,0.00336422,1.9866,1.98323578,0.129923,555,0.017080745341614908,0.12111801242236025
grid_g6_p0_s1_c0,6,0,1,0,80000000.00000003,0.45,0.0583333333333333,0.0,0.00150591,1.98957,1.98806409,0.0708271,623,0.015527950310559006,0.017080745341614908
grid_g5_p0_s1_c1,5,0,1,1,38539699.35995991,0.45,0.0583333333333333,500.0,0.00311814,1.9894,1.98628186,0.124112,545,0.031055900621118012,0.12267080745341614
grid_g1_p0_s1_c3,1,0,1,3,2075781.6311124284,0.45,0.0583333333333333,1500.0,0.000761239,1.98126,1.980498761,0.130183,610,0.037267080745341616,0.013975155279503106
grid_g4_p0_s1_c2,4,0,1,2,18566355.33445113,0.45,0.0583333333333333,1000.0,0.00153903,1.98655,1.98501097,0.132922,562,0.020186335403726708,0.10714285714285714
grid_g2_p0_s1_c3,2,0,1,3,4308869.380063765,0.45,0.0583333333333333,1500.0,0.000499057,1.88768,1.887180943,0.139513,613,0.026397515527950312,0.021739130434782608
grid_g1_p0_s1_c4,1,0,1,4,2075781.6311124284,0.45,0.0583333333333333,2000.0,0.00150791,1.84206,1.84055209,0.126402,621,0.029503105590062112,0.006211180124223602
grid_g3_p0_s1_c3,3,0,1,3,8944271.90999916,0.45,0.0583333333333333,1500.0,0.000429766,1.98926,1.988830234,0.1422,607,0.017080745341614908,0.03881987577639751
grid_g5_p0_s1_c2,5,0,1,2,38539699.35995991,0.45,0.0583333333333333,1000.0,0.000854859,1.98815,1.9872951410000002,0.1156096,577,0.024844720496894408,0.07919254658385093
grid_g6_p0_s1_c1,6,0,1,1,80000000.00000003,0.45,0.0583333333333333,500.0,0.00249844,1.98848,1.98598156,0.138522,559,0.021739130434782608,0.11024844720496894
grid_g4_p0_s1_c3,4,0,1,3,18566355.33445113,0.45,0.0583333333333333,1500.0,0.00205105,1.93252,1.93046895,0.130025,631,0.020186335403726708,0.0
grid_g2_p0_s1_c4,2,0,1,4,4308869.380063765,0.45,0.0583333333333333,2000.0,0.00262121,1.97393,1.97130879,0.147399,626,0.021739130434782608,0.0015527950310559005
grid_g6_p0_s1_c2,6,0,1,2,80000000.00000003,0.45,0.0583333333333333,1000.0,0.000575668,1.93807,1.937494332,0.132455,622,0.026397515527950312,0.007763975155279503
grid_g3_p0_s1_c4,3,0,1,4,8944271.90999916,0.45,0.0583333333333333,2000.0,0.00113257,1.7764,1.77526743,0.11265819999999999,615,0.026397515527950312,0.0
grid_g5_p0_s1_c3,5,0,1,3,38539699.35995991,0.45,0.0583333333333333,1500.0,0.00136195,1.78688,1.78551805,0.143686,624,0.024844720496894408,0.006211180124223602
grid_g1_p0_s1_c5,1,0,1,5,2075781.6311124284,0.45,0.0583333333333333,2500.0,0.00283338,1.61115,1.60831662,0.156713,628,0.010869565217391304,0.013975155279503106
grid_g4_p0_s1_c4,4,0,1,4,18566355.33445113,0.45,0.0583333333333333,2000.0,0.000439362,1.75278,1.752340638,0.159726,627,0.020186335403726708,0.0
grid_g2_p0_s1_c5,2,0,1,5,4308869.380063765,0.45,0.0583333333333333,2500.0,0.0029924,1.74429,1.7412976,0.15789999999999998,623,0.031055900621118012,0.0015527950310559005
grid_g3_p0_s1_c5,3,0,1,5,8944271.90999916,0.45,0.0583333333333333,2500.0,0.0105909,1.65712,1.6465291,0.156055,637,0.010869565217391304,0.0
grid_g5_p0_s1_c4,5,0,1,4,38539699.35995991,0.45,0.0583333333333333,2000.0,0.00252489,1.69195,1.6894251100000002,0.143478,633,0.012422360248447204,0.0
grid_g6_p0_s1_c3,6,0,1,3,80000000.00000003,0.45,0.0583333333333333,1500.0,0.00119753,1.73475,1.73355247,0.141624,639,0.007763975155279503,0.0
grid_g1_p0_s1_c6,1,0,1,6,2075781.6311124284,0.45,0.0583333333333333,3000.0,0.000519344,1.52605,1.525530656,0.160569,624,0.015527950310559006,0.0015527950310559005
grid_g4_p0_s1_c5,4,0,1,5,18566355.33445113,0.45,0.0583333333333333,2500.0,0.000264619,1.54515,1.544885381,0.149256,640,0.006211180124223602,0.0
grid_g2_p0_s1_c6,2,0,1,6,4308869.380063765,0.45,0.0583333333333333,3000.0,0.00422164,1.5322,1.52797836,0.168657,635,0.012422360248447204,0.0
grid_g5_p0_s1_c5,5,0,1,5,38539699.35995991,0.45,0.0583333333333333,2500.0,0.00593302,1.68023,1.6742969799999998,0.160377,638,0.009316770186335404,0.0
grid_g3_p0_s1_c6,3,0,1,6,8944271.90999916,0.45,0.0583333333333333,3000.0,0.00921436,1.90133,1.8921156399999999,0.16433699999999998,635,0.013975155279503106,0.0
grid_g6_p0_s1_c4,6,0,1,4,80000000.00000003,0.45,0.0583333333333333,2000.0,0.00370063,1.57936,1.5756593700000001,0.143894,641,0.004658385093167702,0.0
grid_g1_p0_s2_c0,1,0,2,0,2075781.6311124284,0.45,0.1166666666666666,0.0,0.000850472,1.98948,1.988629528,0.10448969999999999,518,0.04192546583850932,0.15217391304347827
grid_g4_p0_s1_c6,4,0,1,6,18566355.33445113,0.45,0.0583333333333333,3000.0,0.00295182,1.59265,1.5896981799999998,0.169564,638,0.009316770186335404,0.0
grid_g2_p0_s2_c0,2,0,2,0,4308869.380063765,0.45,0.1166666666666666,0.0,0.00378345,1.9898,1.98601655,0.0952749,551,0.034161490683229816,0.10869565217391304
grid_g3_p0_s2_c0,3,0,2,0,8944271.90999916,0.45,0.1166666666666666,0.0,0.00281257,1.98422,1.9814074300000002,0.0833949,562,0.037267080745341616,0.09006211180124224
grid_g5_p0_s1_c6,5,0,1,6,38539699.35995991,0.45,0.0583333333333333,3000.0,0.0101046,1.42188,1.4117754,0.159191,639,0.007763975155279503,0.0
grid_g6_p0_s1_c5,6,0,1,5,80000000.00000003,0.45,0.0583333333333333,2500.0,0.00561477,1.56023,1.55461523,0.147369,639,0.007763975155279503,0.0
grid_g1_p0_s2_c1,1,0,2,1,2075781.6311124284,0.45,0.1166666666666666,500.0,0.00508606,1.98969,1.98460394,0.169815,475,0.034161490683229816,0.22826086956521738
grid_g4_p0_s2_c0,4,0,2,0,18566355.33445113,0.45,0.1166666666666666,0.0,0.00548039,1.98798,1.98249961,0.0691171,592,0.017080745341614908,0.06366459627329192
grid_g2_p0_s2_c1,2,0,2,1,4308869.380063765,0.45,0.1166666666666666,500.0,0.00235785,1.97648,1.97412215,0.135576,497,0.024844720496894408,0.20341614906832298
grid_g6_p0_s1_c6,6,0,1,6,80000000.00000003,0.45,0.0583333333333333,3000.0,5.10957e-05,1.27692,1.2768689043,0.169355,632,0.018633540372670808,0.0
grid_g5_p0_s2_c0,5,0,2,0,38539699.35995991,0.45,0.1166666666666666,0.0,0.00804753,1.98922,1.98117247,0.06944059999999999,603,0.023291925465838508,0.040372670807453416
grid_g3_p0_s2_c1,3,0,2,1,8944271.90999916,0.45,0.1166666666666666,500.0,0.00206682,1.97606,1.97399318,0.13214,505,0.015527950310559006,0.19875776397515527
grid_g1_p0_s2_c2,1,0,2,2,2075781.6311124284,0.45,0.1166666666666666,1000.0,0.00062264,1.98874,1.98811736,0.130898,523,0.03260869565217391,0.15527950310559005
grid_g4_p0_s2_c1,4,0,2,1,18566355.33445113,0.45,0.1166666666666666,500.0,0.000602124,1.98728,1.986677876,0.146246,509,0.024844720496894408,0.18478260869565216
grid_g2_p0_s2_c2,2,0,2,2,4308869.380063765,0.45,0.1166666666666666,1000.0,0.000943052,1.9868,1.985856948,0.128279,520,0.024844720496894408,0.16770186335403728
grid_g3_p0_s2_c2,3,0,2,2,8944271.90999916,0.45,0.1166666666666666,1000.0,0.00194746,1.90017,1.89822254,0.15048699999999998,528,0.026397515527950312,0.13975155279503104
grid_g1_p0_s2_c3,1,0,2,3,2075781.6311124284,0.45,0.1166666666666666,1500.0,0.00286601,1.97857,1.97570399,0.156977,517,0.027950310559006212,0.16770186335403728
grid_g5_p0_s2_c1,5,0,2,1,38539699.35995991,0.45,0.1166666666666666,500.0,0.000209682,1.9899,1.989690318,0.129542,549,0.013975155279503106,0.13354037267080746
grid_g6_p0_s2_c0,6,0,2,0,80000000.00000003,0.45,0.1166666666666666,0.0,0.0028309,1.98171,1.9788791000000001,0.08097850000000001,619,0.015527950310559006,0.023291925465838508
grid_g4_p0_s2_c2,4,0,2,2,18566355.33445113,0.45,0.1166666666666666,1000.0,0.00219557,1.88568,1.88348443,0.123444,560,0.024844720496894408,0.10559006211180125
grid_g2_p0_s2_c3,2,0,2,3,4308869.380063765,0.45,0.1166666666666666,1500.0,0.000565694,1.98651,1.985944306,0.15440099999999998,517,0.03260869565217391,0.16304347826086957
grid_g3_p0_s2_c3,3,0,2,3,8944271.90999916,0.45,0.1166666666666666,1500.0,0.00121565,1.79731,1.79609435,0.148595,533,0.018633540372670808,0.13819875776397517
grid_g5_p0_s2_c2,5,0,2,2,38539699.35995991,0.45,0.1166666666666666,1000.0,0.00139924,1.9899,1.98850076,0.12026899999999999,551,0.026397515527950312,0.11801242236024845
grid_g1_p0_s2_c4,1,0,2,4,2075781.6311124284,0.45,0.1166666666666666,2000.0,0.00259479,1.86107,1.85847521,0.135947,537,0.026397515527950312,0.13975155279503104
grid_g6_p0_s2_c1,6,0,2,1,80000000.00000003,0.45,0.1166666666666666,500.0,0.000924166,1.98888,1.987955834,0.133439,536,0.015527950310559006,0.15217391304347827
grid_g4_p0_s2_c3,4,0,2,3,18566355.33445113,0.45,0.1166666666666666,1500.0,0.000917019,1.8423,1.841382981,0.151031,566,0.027950310559006212,0.09316770186335403
grid_g2_p0_s2_c4,2,0,2,4,4308869.380063765,0.45,0.1166666666666666,2000.0,0.00507742,1.97729,1.9722125799999999,0.1457,527,0.024844720496894408,0.14130434782608695
grid_g3_p0_s2_c4,3,0,2,4,8944271.90999916,0.45,0.1166666666666666,2000.0,0.000167481,1.95342,1.9532525189999999,0.154033,586,0.017080745341614908,0.07142857142857142
grid_g1_p0_s2_c5,1,0,2,5,2075781.6311124284,0.45,0.1166666666666666,2500.0,0.00459856,1.98975,1.9851514399999999,0.125544,570,0.017080745341614908,0.09782608695652174
grid_g5_p0_s2_c3,5,0,2,3,38539699.35995991,0.45,0.1166666666666666,1500.0,0.000918736,1.98738,1.986461264,0.11974409999999999,599,0.017080745341614908,0.046583850931677016
grid_g6_p0_s2_c2,6,0,2,2,80000000.00000003,0.45,0.1166666666666666,1000.0,0.000841808,1.98753,1.986688192,0.13123,603,0.013975155279503106,0.049689440993788817
grid_g4_p0_s2_c4,4,0,2,4,18566355.33445113,0.45,0.1166666666666666,2000.0,0.000793352,1.9808,1.9800066479999998,0.147285,578,0.010869565217391304,0.09161490683229814
grid_g2_p0_s2_c5,2,0,2,5,4308869.380063765,0.45,0.1166666666666666,2500.0,0.000781629,1.9887,1.987918371,0.167037,556,0.017080745341614908,0.11801242236024845
grid_g5_p0_s2_c4,5,0,2,4,38539699.35995991,0.45,0.1166666666666666,2000.0,0.00697809,1.89077,1.88379191,0.121364,639,0.007763975155279503,0.0
grid_g3_p0_s2_c5,3,0,2,5,8944271.90999916,0.45,0.1166666666666666,2500.0,0.000446373,1.98933,1.988883627,0.147396,612,0.03260869565217391,0.017080745341614908
grid_g6_p0_s2_c3,6,0,2,3,80000000.00000003,0.45,0.1166666666666666,1500.0,0.000318509,1.86269,1.862371491,0.123441,635,0.013975155279503106,0.0
grid_g1_p0_s2_c6,1,0,2,6,2075781.6311124284,0.45,0.1166666666666666,3000.0,0.00206262,1.98601,1.98394738,0.155658,593,0.017080745341614908,0.055900621118012424
grid_g4_p0_s2_c5,4,0,2,5,18566355.33445113,0.45,0.1166666666666666,2500.0,0.0040335,1.95382,1.9497864999999999,0.14688199999999998,640,0.006211180124223602,0.0
grid_g2_p0_s2_c6,2,0,2,6,4308869.380063765,0.45,0.1166666666666666,3000.0,0.00248889,1.68078,1.67829111,0.18223799999999998,577,0.026397515527950312,0.06987577639751552
grid_g3_p0_s2_c6,3,0,2,6,8944271.90999916,0.45,0.1166666666666666,3000.0,0.000380142,1.96735,1.966969858,0.171868,619,0.007763975155279503,0.027950310559006212
grid_g5_p0_s2_c5,5,0,2,5,38539699.35995991,0.45,0.1166666666666666,2500.0,0.00455813,1.7779,1.77334187,0.146946,632,0.018633540372670808,0.0
grid_g6_p0_s2_c4,6,0,2,4,80000000.00000003,0.45,0.1166666666666666,2000.0,0.00272257,1.75845,1.75572743,0.14526799999999998,640,0.006211180124223602,0.0
grid_g1_p0_s3_c0,1,0,3,0,2075781.6311124284,0.45,0.175,0.0,0.00268221,1.98934,1.9866577900000002,0.1167937,495,0.031055900621118012,0.20031055900621117
grid_g4_p0_s2_c6,4,0,2,6,18566355.33445113,0.45,0.1166666666666666,3000.0,0.00160137,1.81334,1.81173863,0.173599,639,0.007763975155279503,0.0
grid_g2_p0_s3_c0,2,0,3,0,4308869.380063765,0.45,0.175,0.0,0.00625917,1.9878,1.98154083,0.1112785,526,0.026397515527950312,0.15683229813664595
grid_g5_p0_s2_c6,5,0,2,6,38539699.35995991,0.45,0.1166666666666666,3000.0,8.35796e-05,1.76607,1.7659864204,0.170128,630,0.021739130434782608,0.0
grid_g6_p0_s2_c5,6,0,2,5,80000000.00000003,0.45,0.1166666666666666,2500.0,0.00165581,1.56993,1.5682741900000001,0.152482,639,0.007763975155279503,0.0
grid_g3_p0_s3_c0,3,0,3,0,8944271.90999916,0.45,0.175,0.0,0.00374665,1.98478,1.98103335,0.09108720000000001,559,0.020186335403726708,0.11024844720496894
grid_g1_p0_s3_c1,1,0,3,1,2075781.6311124284,0.45,0.175,500.0,0.000602506,1.98261,1.982007494,0.199323,429,0.049689440993788817,0.2779503105590062
grid_g4_p0_s3_c0,4,0,3,0,18566355.33445113,0.45,0.175,0.0,0.00661741,1.98515,1.97853259,0.08985109999999999,585,0.023291925465838508,0.06832298136645963
grid_g2_p0_s3_c1,2,0,3,1,4308869.380063765,0.45,0.175,500.0,0.00445944,1.98857,1.98411056,0.19766599999999998,464,0.034161490683229816,0.2453416149068323
grid_g5_p0_s3_c0,5,0,3,0,38539699.35995991,0.45,0.175,0.0,0.00439742,1.98649,1.98209258,0.0700993,606,0.018633540372670808,0.03881987577639751
grid_g3_p0_s3_c1,3,0,3,1,8944271.90999916,0.45,0.175,500.0,0.00148629,1.98489,1.9834037100000002,0.174498,476,0.029503105590062112,0.22981366459627328
grid_g1_p0_s3_c2,1,0,3,2,2075781.6311124284,0.45,0.175,1000.0,0.00105389,1.98709,1.9860361100000001,0.194331,455,0.024844720496894408,0.2686335403726708
grid_g6_p0_s2_c6,6,0,2,6,80000000.00000003,0.45,0.1166666666666666,3000.0,0.0028583,1.4331,1.4302417,0.172673,640,0.006211180124223602,0.0
grid_g4_p0_s3_c1,4,0,3,1,18566355.33445113,0.45,0.175,500.0,0.00193977,1.89722,1.89528023,0.12462200000000001,480,0.024844720496894408,0.21583850931677018
grid_g2_p0_s3_c2,2,0,3,2,4308869.380063765,0.45,0.175,1000.0,0.00230559,1.98933,1.98702441,0.176724,470,0.031055900621118012,0.2375776397515528
grid_g5_p0_s3_c1,5,0,3,1,38539699.35995991,0.45,0.175,500.0,0.00267042,1.94996,1.9472895799999999,0.135635,519,0.018633540372670808,0.17391304347826086
grid_g3_p0_s3_c2,3,0,3,2,8944271.90999916,0.45,0.175,1000.0,0.00324387,1.98679,1.9835461300000001,0.12379299999999999,506,0.017080745341614908,0.1956521739130435
grid_g1_p0_s3_c3,1,0,3,3,2075781.6311124284,0.45,0.175,1500.0,0.0031263,1.98583,1.9827037,0.17164,481,0.03260869565217391,0.21894409937888198
grid_g6_p0_s3_c0,6,0,3,0,80000000.00000003,0.45,0.175,0.0,0.00162879,1.98944,1.98781121,0.0591999,620,0.010869565217391304,0.024844720496894408
grid_g4_p0_s3_c2,4,0,3,2,18566355.33445113,0.45,0.175,1000.0,0.00146906,1.96899,1.96752094,0.14893,505,0.017080745341614908,0.1972049689440994
grid_g2_p0_s3_c3,2,0,3,3,4308869.380063765,0.45,0.175,1500.0,0.00066176,1.98579,1.9851282399999999,0.1707,491,0.031055900621118012,0.20496894409937888
grid_g3_p0_s3_c3,3,0,3,3,8944271.90999916,0.45,0.175,1500.0,0.000314337,1.76561,1.7652956629999998,0.175066,461,0.029503105590062112,0.2406832298136646
grid_g1_p0_s3_c4,1,0,3,4,2075781.6311124284,0.45,0.175,2000.0,0.000209891,1.98821,1.9880001090000001,0.17138899999999999,492,0.023291925465838508,0.2096273291925466
grid_g5_p0_s3_c2,5,0,3,2,38539699.35995991,0.45,0.175,1000.0,0.00203805,1.9891,1.9870619500000002,0.149359,558,0.013975155279503106,0.11801242236024845
grid_g6_p0_s3_c1,6,0,3,1,80000000.00000003,0.45,0.175,500.0,0.000122062,1.98771,1.987587938,0.137421,542,0.021739130434782608,0.13664596273291926
grid_g4_p0_s3_c3,4,0,3,3,18566355.33445113,0.45,0.175,1500.0,0.00133656,1.98595,1.9846134400000002,0.11280190000000001,516,0.004658385093167702,0.18633540372670807
grid_g2_p0_s3_c4,2,0,3,4,4308869.380063765,0.45,0.175,2000.0,0.00175101,1.98574,1.98398899,0.139004,489,0.03260869565217391,0.2080745341614907
grid_g3_p0_s3_c4,3,0,3,4,8944271.90999916,0.45,0.175,2000.0,0.00342782,1.98169,1.97826218,0.155108,504,0.021739130434782608,0.19254658385093168
grid_g1_p0_s3_c5,1,0,3,5,2075781.6311124284,0.45,0.175,2500.0,0.000438023,1.97039,1.969951977,0.16006199999999998,512,0.029503105590062112,0.17391304347826086
grid_g5_p0_s3_c3,5,0,3,3,38539699.35995991,0.45,0.175,1500.0,0.00430754,1.83832,1.8340124599999998,0.122562,574,0.010869565217391304,0.09782608695652174
grid_g6_p0_s3_c2,6,0,3,2,80000000.00000003,0.45,0.175,1000.0,0.00188749,1.9885,1.9866125099999998,0.154023,607,0.021739130434782608,0.03571428571428571
grid_g4_p0_s3_c4,4,0,3,4,18566355.33445113,0.45,0.175,2000.0,0.00114058,1.98348,1.98233942,0.133099,555,0.012422360248447204,0.12422360248447205
grid_g2_p0_s3_c5,2,0,3,5,4308869.380063765,0.45,0.175,2500.0,0.0024957,1.95712,1.9546242999999999,0.166244,478,0.013975155279503106,0.24378881987577639
grid_g3_p0_s3_c5,3,0,3,5,8944271.90999916,0.45,0.175,2500.0,0.00125961,1.88763,1.88637039,0.16745,525,0.027950310559006212,0.15372670807453417
grid_g5_p0_s3_c4,5,0,3,4,38539699.35995991,0.45,0.175,2000.0,0.00222883,1.9877,1.98547117,0.11971770000000001,602,0.020186335403726708,0.04503105590062112
grid_g6_p0_s3_c3,6,0,3,3,80000000.00000003,0.45,0.175,1500.0,0.00200602,1.97203,1.97002398,0.129584,638,0.007763975155279503,0.0015527950310559005
grid_g1_p0_s3_c6,1,0,3,6,2075781.6311124284,0.45,0.175,3000.0,0.00582415,1.98431,1.97848585,0.156855,524,0.023291925465838508,0.16149068322981366
grid_g4_p0_s3_c5,4,0,3,5,18566355.33445113,0.45,0.175,2500.0,0.00212633,1.98364,1.98151367,0.139983,589,0.020186335403726708,0.06366459627329192
grid_g2_p0_s3_c6,2,0,3,6,4308869.380063765,0.45,0.175,3000.0,0.00108331,1.96461,1.96352669,0.16957,555,0.03881987577639751,0.09782608695652174
grid_g6_p0_s3_c4,6,0,3,4,80000000.00000003,0.45,0.175,2000.0,0.000574274,1.89694,1.896365726,0.14948,637,0.010869565217391304,0.0
grid_g5_p0_s3_c5,5,0,3,5,38539699.35995991,0.45,0.175,2500.0,0.00178946,1.98493,1.9831405400000002,0.14537799999999998,613,0.010869565217391304,0.037267080745341616
grid_g3_p0_s3_c6,3,0,3,6,8944271.90999916,0.45,0.175,3000.0,0.000421256,1.88152,1.881098744,0.135099,545,0.031055900621118012,0.10714285714285714
grid_g1_p0_s4_c0,1,0,4,0,2075781.6311124284,0.45,0.2333333333333333,0.0,0.00799258,1.98146,1.97346742,0.155187,470,0.03260869565217391,0.2360248447204969
grid_g4_p0_s3_c6,4,0,3,6,18566355.33445113,0.45,0.175,3000.0,0.00429786,1.98762,1.9833221399999998,0.17243699999999998,628,0.007763975155279503,0.017080745341614908
grid_g2_p0_s4_c0,2,0,4,0,4308869.380063765,0.45,0.2333333333333333,0.0,0.00193226,1.98796,1.98602774,0.112204,501,0.027950310559006212,0.19099378881987578
grid_g5_p0_s3_c6,5,0,3,6,38539699.35995991,0.45,0.175,3000.0,2.1929e-05,1.82348,1.823458071,0.171255,633,0.017080745341614908,0.0
grid_g3_p0_s4_c0,3,0,4,0,8944271.90999916,0.45,0.2333333333333333,0.0,0.000690325,1.98329,1.982599675,0.144936,539,0.023291925465838508,0.13975155279503104
grid_g1_p0_s4_c1,1,0,4,1,2075781.6311124284,0.45,0.2333333333333333,500.0,0.00929542,1.98836,1.97906458,0.342732,394,0.055900621118012424,0.3245341614906832
grid_g6_p0_s3_c5,6,0,3,5,80000000.00000003,0.45,0.175,2500.0,0.00131799,1.79213,1.79081201,0.154136,642,0.003105590062111801,0.0
grid_g4_p0_s4_c0,4,0,4,0,18566355.33445113,0.45,0.2333333333333333,0.0,0.00691656,1.98812,1.98120344,0.08833350000000001,570,0.015527950310559006,0.09937888198757763
grid_g2_p0_s4_c1,2,0,4,1,4308869.380063765,0.45,0.2333333333333333,500.0,0.00629213,1.98925,1.98295787,0.20990499999999998,449,0.04192546583850932,0.2562111801242236
grid_g3_p0_s4_c1,3,0,4,1,8944271.90999916,0.45,0.2333333333333333,500.0,0.00144313,1.98875,1.98730687,0.213333,467,0.026397515527950312,0.2484472049689441
grid_g1_p0_s4_c2,1,0,4,2,2075781.6311124284,0.45,0.2333333333333333,1000.0,0.00520454,1.98991,1.98470546,0.27397699999999997,417,0.04192546583850932,0.3027950310559006
grid_g5_p0_s4_c0,5,0,4,0,38539699.35995991,0.45,0.2333333333333333,0.0,0.0133824,1.98759,1.9742076,0.0781798,597,0.015527950310559006,0.05745341614906832
grid_g6_p0_s3_c6,6,0,3,6,80000000.00000003,0.45,0.175,3000.0,0.00177588,1.6425,1.64072412,0.162111,636,0.012422360248447204,0.0
grid_g4_p0_s4_c1,4,0,4,1,18566355.33445113,0.45,0.2333333333333333,500.0,0.000354537,1.98412,1.9837654630000001,0.16943999999999998,482,0.026397515527950312,0.2236024844720497
grid_g2_p0_s4_c2,2,0,4,2,4308869.380063765,0.45,0.2333333333333333,1000.0,0.0075339,1.97005,1.9625161,0.205363,431,0.03260869565217391,0.2950310559006211
grid_g1_p0_s4_c3,1,0,4,3,2075781.6311124284,0.45,0.2333333333333333,1500.0,0.0050374,1.98998,1.9849426000000001,0.247384,433,0.040372670807453416,0.2795031055900621
grid_g3_p0_s4_c2,3,0,4,2,8944271.90999916,0.45,0.2333333333333333,1000.0,0.00398855,1.98548,1.9814914499999998,0.165767,444,0.023291925465838508,0.28726708074534163
grid_g5_p0_s4_c1,5,0,4,1,38539699.35995991,0.45,0.2333333333333333,500.0,0.000853535,1.96722,1.966366465,0.142313,511,0.021739130434782608,0.18167701863354038
grid_g6_p0_s4_c0,6,0,4,0,80000000.00000003,0.45,0.2333333333333333,0.0,0.00114216,1.98728,1.98613784,0.10910790000000001,610,0.021739130434782608,0.031055900621118012
grid_g4_p0_s4_c2,4,0,4,2,18566355.33445113,0.45,0.2333333333333333,1000.0,0.00199646,1.98883,1.9868335400000001,0.14319,479,0.023291925465838508,0.22981366459627328
grid_g2_p0_s4_c3,2,0,4,3,4308869.380063765,0.45,0.2333333333333333,1500.0,0.00619533,1.98617,1.97997467,0.240733,433,0.034161490683229816,0.2919254658385093
grid_g3_p0_s4_c3,3,0,4,3,8944271.90999916,0.45,0.2333333333333333,1500.0,0.00798279,1.96389,1.95590721,0.16006299999999998,478,0.03260869565217391,0.2251552795031056
grid_g5_p0_s4_c2,5,0,4,2,38539699.35995991,0.45,0.2333333333333333,1000.0,0.00547472,1.98476,1.97928528,0.140713,541,0.015527950310559006,0.14440993788819875
grid_g6_p0_s4_c1,6,0,4,1,80000000.00000003,0.45,0.2333333333333333,500.0,0.00120399,1.90273,1.90152601,0.1120294,531,0.020186335403726708,0.15527950310559005
grid_g1_p0_s4_c4,1,0,4,4,2075781.6311124284,0.45,0.2333333333333333,2000.0,0.00360106,1.98788,1.98427894,0.22028599999999998,439,0.03260869565217391,0.2779503105590062
grid_g4_p0_s4_c3,4,0,4,3,18566355.33445113,0.45,0.2333333333333333,1500.0,0.00410456,1.98979,1.98568544,0.16588999999999998,484,0.027950310559006212,0.21739130434782608
grid_g2_p0_s4_c4,2,0,4,4,4308869.380063765,0.45,0.2333333333333333,2000.0,0.0033382,1.98805,1.9847118000000001,0.195992,476,0.021739130434782608,0.2391304347826087
grid_g6_p0_s4_c2,6,0,4,2,80000000.00000003,0.45,0.2333333333333333,1000.0,0.000389393,1.9894,1.989010607,0.126994,532,0.023291925465838508,0.14285714285714285
grid_g5_p0_s4_c3,5,0,4,3,38539699.35995991,0.45,0.2333333333333333,1500.0,0.000289493,1.98717,1.9868805070000002,0.121729,540,0.009316770186335404,0.15217391304347827
grid_g3_p0_s4_c4,3,0,4,4,8944271.90999916,0.45,0.2333333333333333,2000.0,0.00206145,1.97859,1.97652855,0.18262799999999998,455,0.040372670807453416,0.2531055900621118
grid_g1_p0_s4_c5,1,0,4,5,2075781.6311124284,0.45,0.2333333333333333,2500.0,0.00433448,1.98199,1.97765552,0.18907,458,0.031055900621118012,0.2531055900621118
grid_g4_p0_s4_c4,4,0,4,4,18566355.33445113,0.45,0.2333333333333333,2000.0,0.00511184,1.90592,1.90080816,0.143131,498,0.013975155279503106,0.2111801242236025
grid_g2_p0_s4_c5,2,0,4,5,4308869.380063765,0.45,0.2333333333333333,2500.0,0.00327442,1.98467,1.98139558,0.19486199999999998,464,0.034161490683229816,0.2453416149068323
grid_g3_p0_s4_c5,3,0,4,5,8944271.90999916,0.45,0.2333333333333333,2500.0,0.000189189,1.97943,1.979240811,0.138696,480,0.021739130434782608,0.22826086956521738
grid_g6_p0_s4_c3,6,0,4,3,80000000.00000003,0.45,0.2333333333333333,1500.0,0.000643558,1.9888,1.988156442,0.17915899999999998,587,0.024844720496894408,0.06366459627329192
grid_g1_p0_s4_c6,1,0,4,6,2075781.6311124284,0.45,0.2333333333333333,3000.0,0.000813524,1.98702,1.986206476,0.20676,497,0.03260869565217391,0.19099378881987578
grid_g5_p0_s4_c4,5,0,4,4,38539699.35995991,0.45,0.2333333333333333,2000.0,0.000748067,1.98952,1.988771933,0.145092,557,0.021739130434782608,0.11180124223602485
grid_g4_p0_s4_c5,4,0,4,5,18566355.33445113,0.45,0.2333333333333333,2500.0,0.00144527,1.98896,1.98751473,0.15308,547,0.021739130434782608,0.12422360248447205
grid_g2_p0_s4_c6,2,0,4,6,4308869.380063765,0.45,0.2333333333333333,3000.0,0.00467345,1.97961,1.97493655,0.17338499999999998,458,0.03260869565217391,0.2546583850931677
grid_g5_p0_s4_c5,5,0,4,5,38539699.35995991,0.45,0.2333333333333333,2500.0,0.000445539,1.98739,1.986944461,0.137948,595,0.029503105590062112,0.034161490683229816
grid_g3_p0_s4_c6,3,0,4,6,8944271.90999916,0.45,0.2333333333333333,3000.0,0.00198085,1.98514,1.9831591499999999,0.164546,470,0.034161490683229816,0.21739130434782608
grid_g6_p0_s4_c4,6,0,4,4,80000000.00000003,0.45,0.2333333333333333,2000.0,0.00703485,1.98559,1.97855515,0.128302,627,0.006211180124223602,0.006211180124223602
grid_g1_p0_s5_c0,1,0,5,0,2075781.6311124284,0.45,0.2916666666666666,0.0,0.00131634,1.97884,1.97752366,0.162022,437,0.027950310559006212,0.2826086956521739
grid_g4_p0_s4_c6,4,0,4,6,18566355.33445113,0.45,0.2333333333333333,3000.0,0.00884919,1.85762,1.84877081,0.143814,536,0.017080745341614908,0.14751552795031056
grid_g2_p0_s5_c0,2,0,5,0,4308869.380063765,0.45,0.2916666666666666,0.0,0.000509009,1.98886,1.9883509910000001,0.1198726,487,0.021739130434782608,0.21894409937888198
grid_g5_p0_s4_c6,5,0,4,6,38539699.35995991,0.45,0.2333333333333333,3000.0,0.00248211,1.97739,1.9749078899999999,0.15825899999999998,553,0.015527950310559006,0.12577639751552794
grid_g3_p0_s5_c0,3,0,5,0,8944271.90999916,0.45,0.2916666666666666,0.0,0.00507544,1.98719,1.98211456,0.12695,512,0.023291925465838508,0.18012422360248448
grid_g6_p0_s4_c5,6,0,4,5,80000000.00000003,0.45,0.2333333333333333,2500.0,0.00324786,1.74859,1.74534214,0.162371,642,0.003105590062111801,0.0
grid_g1_p0_s5_c1,1,0,5,1,2075781.6311124284,0.45,0.2916666666666666,500.0,0.00165789,1.98991,1.9882521100000001,0.274483,393,0.040372670807453416,0.33229813664596275
grid_g4_p0_s5_c0,4,0,5,0,18566355.33445113,0.45,0.2916666666666666,0.0,0.00320773,1.9875,1.98429227,0.09235550000000001,570,0.013975155279503106,0.10093167701863354
grid_g2_p0_s5_c1,2,0,5,1,4308869.380063765,0.45,0.2916666666666666,500.0,0.00662789,1.97847,1.9718421099999999,0.215593,405,0.04503105590062112,0.3167701863354037
grid_g6_p0_s4_c6,6,0,4,6,80000000.00000003,0.45,0.2333333333333333,3000.0,0.00283248,1.74404,1.7412075200000001,0.181226,637,0.010869565217391304,0.0
grid_g3_p0_s5_c1,3,0,5,1,8944271.90999916,0.45,0.2916666666666666,500.0,0.00187891,1.98602,1.9841410899999998,0.251662,425,0.031055900621118012,0.3027950310559006
grid_g5_p0_s5_c0,5,0,5,0,38539699.35995991,0.45,0.2916666666666666,0.0,0.00203241,1.98945,1.98741759,0.0746414,591,0.018633540372670808,0.06366459627329192
grid_g1_p0_s5_c2,1,0,5,2,2075781.6311124284,0.45,0.2916666666666666,1000.0,0.00463791,1.98463,1.9799920899999999,0.310592,396,0.04503105590062112,0.33229813664596275
grid_g4_p0_s5_c1,4,0,5,1,18566355.33445113,0.45,0.2916666666666666,500.0,0.00290744,1.98297,1.98006256,0.21001599999999998,454,0.03571428571428571,0.2593167701863354
grid_g2_p0_s5_c2,2,0,5,2,4308869.380063765,0.45,0.2916666666666666,1000.0,0.000243644,1.98436,1.984116356,0.203814,397,0.026397515527950312,0.3447204968944099
grid_g3_p0_s5_c2,3,0,5,2,8944271.90999916,0.45,0.2916666666666666,1000.0,0.000710324,1.98666,1.9859496760000002,0.21825,439,0.029503105590062112,0.2826086956521739
grid_g5_p0_s5_c1,5,0,5,1,38539699.35995991,0.45,0.2916666666666666,500.0,0.00300584,1.98605,1.9830441600000002,0.175969,498,0.023291925465838508,0.1972049689440994
grid_g6_p0_s5_c0,6,0,5,0,80000000.00000003,0.45,0.2916666666666666,0.0,0.00113417,1.98408,1.98294583,0.07416980000000001,611,0.012422360248447204,0.03881987577639751
grid_g1_p0_s5_c3,1,0,5,3,2075781.6311124284,0.45,0.2916666666666666,1500.0,0.00374776,1.98941,1.98566224,0.26388300000000003,376,0.034161490683229816,0.3555900621118012
grid_g4_p0_s5_c2,4,0,5,2,18566355.33445113,0.45,0.2916666666666666,1000.0,0.00283769,1.98896,1.98612231,0.15592399999999998,488,0.027950310559006212,0.2111801242236025
grid_g2_p0_s5_c3,2,0,5,3,4308869.380063765,0.45,0.2916666666666666,1500.0,0.000825667,1.98952,1.988694333,0.265645,400,0.04503105590062112,0.32919254658385094
grid_g3_p0_s5_c3,3,0,5,3,8944271.90999916,0.45,0.2916666666666666,1500.0,0.000933265,1.98668,1.985746735,0.167573,453,0.034161490683229816,0.2593167701863354
grid_g6_p0_s5_c1,6,0,5,1,80000000.00000003,0.45,0.2916666666666666,500.0,0.000922274,1.98917,1.9882477260000002,0.156326,556,0.018633540372670808,0.11801242236024845
grid_g5_p0_s5_c2,5,0,5,2,38539699.35995991,0.45,0.2916666666666666,1000.0,0.0022878,1.82319,1.8209022000000001,0.125276,477,0.015527950310559006,0.24378881987577639
grid_g1_p0_s5_c4,1,0,5,4,2075781.6311124284,0.45,0.2916666666666666,2000.0,0.00195393,1.98936,1.98740607,0.268757,398,0.037267080745341616,0.3416149068322981
grid_g4_p0_s5_c3,4,0,5,3,18566355.33445113,0.45,0.2916666666666666,1500.0,0.00711077,1.98299,1.97587923,0.228764,464,0.013975155279503106,0.265527950310559
grid_g2_p0_s5_c4,2,0,5,4,4308869.380063765,0.45,0.2916666666666666,2000.0,0.00434228,1.98821,1.9838677200000001,0.220278,439,0.029503105590062112,0.2857142857142857
grid_g6_p0_s5_c2,6,0,5,2,80000000.00000003,0.45,0.2916666666666666,1000.0,0.000216037,1.98831,1.988093963,0.138713,589,0.009316770186335404,0.07608695652173914
grid_g3_p0_s5_c4,3,0,5,4,8944271.90999916,0.45,0.2916666666666666,2000.0,0.00748556,1.98545,1.97796444,0.173434,469,0.018633540372670808,0.25
grid_g5_p0_s5_c3,5,0,5,3,38539699.35995991,0.45,0.2916666666666666,1500.0,0.0010536,1.83236,1.8313064,0.129282,513,0.010869565217391304,0.19099378881987578
grid_g1_p0_s5_c5,1,0,5,5,2075781.6311124284,0.45,0.2916666666666666,2500.0,0.00409038,1.98654,1.98244962,0.280147,404,0.04503105590062112,0.30124223602484473
grid_g4_p0_s5_c4,4,0,5,4,18566355.33445113,0.45,0.2916666666666666,2000.0,0.00030573,1.97554,1.97523427,0.18140599999999998,493,0.017080745341614908,0.21739130434782608
grid_g2_p0_s5_c5,2,0,5,5,4308869.380063765,0.45,0.2916666666666666,2500.0,0.000976952,1.98993,1.988953048,0.25305300000000003,427,0.027950310559006212,0.2981366459627329
grid_g3_p0_s5_c5,3,0,5,5,8944271.90999916,0.45,0.2916666666666666,2500.0,0.00477222,1.98907,1.98429778,0.18068199999999998,433,0.031055900621118012,0.29347826086956524
grid_g5_p0_s5_c4,5,0,5,4,38539699.35995991,0.45,0.2916666666666666,2000.0,1.24146e-05,1.90418,1.9041675854,0.146678,584,0.026397515527950312,0.06677018633540373
grid_g6_p0_s5_c3,6,0,5,3,80000000.00000003,0.45,0.2916666666666666,1500.0,0.00747037,1.98883,1.98135963,0.128839,612,0.009316770186335404,0.040372670807453416
grid_g1_p0_s5_c6,1,0,5,6,2075781.6311124284,0.45,0.2916666666666666,3000.0,0.0019263,1.98922,1.9872937,0.26831,436,0.043478260869565216,0.2717391304347826
grid_g4_p0_s5_c5,4,0,5,5,18566355.33445113,0.45,0.2916666666666666,2500.0,0.000983409,1.87595,1.874966591,0.17421599999999998,481,0.018633540372670808,0.2329192546583851
grid_g2_p0_s5_c6,2,0,5,6,4308869.380063765,0.45,0.2916666666666666,3000.0,0.000880996,1.98989,1.989009004,0.213991,456,0.024844720496894408,0.2593167701863354
grid_g5_p0_s5_c5,5,0,5,5,38539699.35995991,0.45,0.2916666666666666,2500.0,0.000340441,1.92962,1.9292795589999998,0.136749,519,0.009316770186335404,0.16149068322981366
grid_g3_p0_s5_c6,3,0,5,6,8944271.90999916,0.45,0.2916666666666666,3000.0,0.00438683,1.96751,1.96312317,0.199269,432,0.037267080745341616,0.2888198757763975
grid_g6_p0_s5_c4,6,0,5,4,80000000.00000003,0.45,0.2916666666666666,2000.0,0.00463476,1.9891,1.98446524,0.175922,566,0.017080745341614908,0.10403726708074534
grid_g1_p0_s6_c0,1,0,6,0,2075781.6311124284,0.45,0.35,0.0,0.00168703,1.98713,1.98544297,0.181421,435,0.024844720496894408,0.2919254658385093
grid_g4_p0_s5_c6,4,0,5,6,18566355.33445113,0.45,0.2916666666666666,3000.0,0.00180045,1.98741,1.98560955,0.154498,504,0.017080745341614908,0.19099378881987578
grid_g2_p0_s6_c0,2,0,6,0,4308869.380063765,0.45,0.35,0.0,0.0040351,1.98415,1.9801149,0.183715,469,0.027950310559006212,0.2422360248447205
grid_g3_p0_s6_c0,3,0,6,0,8944271.90999916,0.45,0.35,0.0,0.00293202,1.98674,1.98380798,0.146172,514,0.020186335403726708,0.17857142857142858
grid_g5_p0_s5_c6,5,0,5,6,38539699.35995991,0.45,0.2916666666666666,3000.0,0.003719,1.89697,1.893251,0.144551,572,0.013975155279503106,0.09316770186335403
grid_g6_p0_s5_c5,6,0,5,5,80000000.00000003,0.45,0.2916666666666666,2500.0,0.000709535,1.95377,1.953060465,0.146815,635,0.013975155279503106,0.0
grid_g1_p0_s6_c1,1,0,6,1,2075781.6311124284,0.45,0.35,500.0,0.0012487,1.98948,1.9882312999999998,0.24353,362,0.04192546583850932,0.36645962732919257
grid_g4_p0_s6_c0,4,0,6,0,18566355.33445113,0.45,0.35,0.0,0.00976371,1.98959,1.9798262899999999,0.10903389999999999,552,0.010869565217391304,0.13198757763975155
grid_g2_p0_s6_c1,2,0,6,1,4308869.380063765,0.45,0.35,500.0,0.00224813,1.97666,1.9744118700000002,0.21703999999999998,393,0.023291925465838508,0.3385093167701863
grid_g5_p0_s6_c0,5,0,6,0,38539699.35995991,0.45,0.35,0.0,0.000207323,1.98481,1.984602677,0.11076710000000001,583,0.013975155279503106,0.07919254658385093
grid_g3_p0_s6_c1,3,0,6,1,8944271.90999916,0.45,0.35,500.0,0.00567311,1.98156,1.97588689,0.210618,432,0.03571428571428571,0.2888198757763975
grid_g6_p0_s5_c6,6,0,5,6,80000000.00000003,0.45,0.2916666666666666,3000.0,0.00115199,1.88333,1.8821780099999998,0.172143,642,0.003105590062111801,0.0
grid_g1_p0_s6_c2,1,0,6,2,2075781.6311124284,0.45,0.35,1000.0,0.0039249,1.98102,1.9770951,0.300068,360,0.034161490683229816,0.37267080745341613
grid_g4_p0_s6_c1,4,0,6,1,18566355.33445113,0.45,0.35,500.0,0.00566641,1.98737,1.9817035900000002,0.217478,443,0.024844720496894408,0.2841614906832298
grid_g2_p0_s6_c2,2,0,6,2,4308869.380063765,0.45,0.35,1000.0,0.00331325,1.98935,1.98603675,0.321981,376,0.04192546583850932,0.3555900621118012
grid_g3_p0_s6_c2,3,0,6,2,8944271.90999916,0.45,0.35,1000.0,0.00354837,1.98663,1.9830816299999998,0.22848,403,0.03260869565217391,0.32919254658385094
grid_g6_p0_s6_c0,6,0,6,0,80000000.00000003,0.45,0.35,0.0,0.0035727,1.98933,1.9857573,0.0704095,616,0.010869565217391304,0.03260869565217391
grid_g5_p0_s6_c1,5,0,6,1,38539699.35995991,0.45,0.35,500.0,0.00749696,1.98872,1.98122304,0.131536,464,0.009316770186335404,0.2546583850931677
grid_g1_p0_s6_c3,1,0,6,3,2075781.6311124284,0.45,0.35,1500.0,0.00634169,1.98483,1.9784883100000001,0.337517,348,0.03260869565217391,0.40217391304347827
grid_g4_p0_s6_c2,4,0,6,2,18566355.33445113,0.45,0.35,1000.0,0.00195256,1.97168,1.96972744,0.252551,434,0.018633540372670808,0.2981366459627329
grid_g2_p0_s6_c3,2,0,6,3,4308869.380063765,0.45,0.35,1500.0,1.16915e-05,1.98131,1.9812983085,0.311704,368,0.03260869565217391,0.36335403726708076
grid_g3_p0_s6_c3,3,0,6,3,8944271.90999916,0.45,0.35,1500.0,0.00130666,1.98952,1.98821334,0.194857,362,0.026397515527950312,0.38198757763975155
grid_g5_p0_s6_c2,5,0,6,2,38539699.35995991,0.45,0.35,1000.0,0.00412459,1.983,1.9788754100000001,0.192994,523,0.023291925465838508,0.15838509316770186
grid_g6_p0_s6_c1,6,0,6,1,80000000.00000003,0.45,0.35,500.0,0.00478659,1.98718,1.98239341,0.10177910000000001,558,0.013975155279503106,0.11956521739130435
grid_g1_p0_s6_c4,1,0,6,4,2075781.6311124284,0.45,0.35,2000.0,0.00763804,1.98615,1.97851196,0.266673,355,0.046583850931677016,0.38354037267080743
grid_g4_p0_s6_c3,4,0,6,3,18566355.33445113,0.45,0.35,1500.0,0.0122834,1.98973,1.9774466,0.17832499999999998,450,0.029503105590062112,0.26242236024844723
grid_g2_p0_s6_c4,2,0,6,4,4308869.380063765,0.45,0.35,2000.0,0.00746367,1.98065,1.97318633,0.17135599999999998,375,0.031055900621118012,0.358695652173913
grid_g5_p0_s6_c3,5,0,6,3,38539699.35995991,0.45,0.35,1500.0,0.00145154,1.98905,1.98759846,0.20335499999999998,506,0.024844720496894408,0.18012422360248448
grid_g6_p0_s6_c2,6,0,6,2,80000000.00000003,0.45,0.35,1000.0,0.00368808,1.98975,1.9860619199999998,0.135204,552,0.010869565217391304,0.13198757763975155
grid_g3_p0_s6_c4,3,0,6,4,8944271.90999916,0.45,0.35,2000.0,0.00269947,1.97623,1.97353053,0.204424,434,0.026397515527950312,0.2888198757763975
grid_g1_p0_s6_c5,1,0,6,5,2075781.6311124284,0.45,0.35,2500.0,0.00395353,1.98834,1.98438647,0.270982,376,0.046583850931677016,0.35248447204968947
grid_g4_p0_s6_c4,4,0,6,4,18566355.33445113,0.45,0.35,2000.0,0.00055797,1.98772,1.98716203,0.190972,460,0.023291925465838508,0.26242236024844723
grid_g2_p0_s6_c5,2,0,6,5,4308869.380063765,0.45,0.35,2500.0,0.0119372,1.98984,1.9779028,0.231078,352,0.031055900621118012,0.38664596273291924
grid_g3_p0_s6_c5,3,0,6,5,8944271.90999916,0.45,0.35,2500.0,0.00330239,1.98702,1.98371761,0.198647,480,0.021739130434782608,0.22826086956521738
grid_g6_p0_s6_c3,6,0,6,3,80000000.00000003,0.45,0.35,1500.0,0.00249887,1.89112,1.88862113,0.132456,561,0.013975155279503106,0.11490683229813664
grid_g5_p0_s6_c4,5,0,6,4,38539699.35995991,0.45,0.35,2000.0,0.0024562,1.68136,1.6789038,0.178745,448,0.026397515527950312,0.27639751552795033
grid_g1_p0_s6_c6,1,0,6,6,2075781.6311124284,0.45,0.35,3000.0,0.00642707,1.98921,1.98278293,0.320793,368,0.03260869565217391,0.37888198757763975
grid_g4_p0_s6_c5,4,0,6,5,18566355.33445113,0.45,0.35,2500.0,0.00300096,1.9898,1.98679904,0.208487,448,0.021739130434782608,0.281055900621118
grid_g2_p0_s6_c6,2,0,6,6,4308869.380063765,0.45,0.35,3000.0,0.0063268,1.9899,1.9835732,0.226507,404,0.020186335403726708,0.3385093167701863
grid_g3_p0_s6_c6,3,0,6,6,8944271.90999916,0.45,0.35,3000.0,1.22646e-05,1.99,1.9899877354,0.207835,486,0.024844720496894408,0.21894409937888198
grid_g5_p0_s6_c5,5,0,6,5,38539699.35995991,0.45,0.35,2500.0,0.00180878,1.98212,1.9803112200000001,0.136426,509,0.007763975155279503,0.17857142857142858
grid_g6_p0_s6_c4,6,0,6,4,80000000.00000003,0.45,0.35,2000.0,0.00181977,1.98898,1.98716023,0.147413,606,0.009316770186335404,0.049689440993788817
grid_g1_p1_s0_c0,1,1,0,0,2075781.6311124284,0.525,0.0,0.0,0.00394641,1.82169,1.81774359,0.0600694,602,0.06366459627329192,0.0
grid_g4_p0_s6_c6,4,0,6,6,18566355.33445113,0.45,0.35,3000.0,0.00124436,1.98938,1.9881356399999999,0.142496,456,0.020186335403726708,0.2701863354037267
grid_g2_p1_s0_c0,2,1,0,0,4308869.380063765,0.525,0.0,0.0,0.00626012,1.8012,1.7949398799999998,0.0617554,615,0.04503105590062112,0.0
grid_g3_p1_s0_c0,3,1,0,0,8944271.90999916,0.525,0.0,0.0,0.0017385,1.7838,1.7820615,0.0617138,615,0.043478260869565216,0.0
grid_g6_p0_s6_c5,6,0,6,5,80000000.00000003,0.45,0.35,2500.0,0.00379909,1.98449,1.98069091,0.134207,628,0.013975155279503106,0.009316770186335404
grid_g5_p0_s6_c6,5,0,6,6,38539699.35995991,0.45,0.35,3000.0,0.00234319,1.98744,1.9850968100000002,0.139067,512,0.021739130434782608,0.17546583850931677
grid_g1_p1_s0_c1,1,1,0,1,2075781.6311124284,0.525,0.0,500.0,0.00146115,1.64747,1.64600885,0.1115235,620,0.029503105590062112,0.007763975155279503
grid_g4_p1_s0_c0,4,1,0,0,18566355.33445113,0.525,0.0,0.0,0.00332525,1.75652,1.75319475,0.0614545,623,0.03260869565217391,0.0
grid_g2_p1_s0_c1,2,1,0,1,4308869.380063765,0.525,0.0,500.0,0.000879218,1.7678,1.7669207820000001,0.12049499999999999,626,0.021739130434782608,0.006211180124223602
grid_g3_p1_s0_c1,3,1,0,1,8944271.90999916,0.525,0.0,500.0,0.00348628,1.71729,1.71380372,0.12212100000000001,618,0.023291925465838508,0.017080745341614908
grid_g6_p0_s6_c6,6,0,6,6,80000000.00000003,0.45,0.35,3000.0,0.000710692,1.98831,1.987599308,0.152399,531,0.010869565217391304,0.16459627329192547
grid_g5_p1_s0_c0,5,1,0,0,38539699.35995991,0.525,0.0,0.0,0.00653029,1.74156,1.73502971,0.0627531,624,0.031055900621118012,0.0
grid_g1_p1_s0_c2,1,1,0,2,2075781.6311124284,0.525,0.0,1000.0,0.00279553,1.86535,1.86255447,0.1186285,635,0.013975155279503106,0.0
grid_g4_p1_s0_c1,4,1,0,1,18566355.33445113,0.525,0.0,500.0,0.000452839,1.73333,1.732877161,0.127901,623,0.020186335403726708,0.012422360248447204
grid_g2_p1_s0_c2,2,1,0,2,4308869.380063765,0.525,0.0,1000.0,2.84913e-05,1.7353,1.7352715087000001,0.128712,635,0.013975155279503106,0.0
grid_g3_p1_s0_c2,3,1,0,2,8944271.90999916,0.525,0.0,1000.0,0.00155323,1.70182,1.70026677,0.11376549999999999,629,0.018633540372670808,0.004658385093167702
grid_g6_p1_s0_c0,6,1,0,0,80000000.00000003,0.525,0.0,0.0,0.00313374,1.72034,1.71720626,0.0698107,628,0.024844720496894408,0.0
grid_g5_p1_s0_c1,5,1,0,1,38539699.35995991,0.525,0.0,500.0,0.00235359,1.64537,1.64301641,0.12154899999999999,609,0.03260869565217391,0.021739130434782608
grid_g1_p1_s0_c3,1,1,0,3,2075781.6311124284,0.525,0.0,1500.0,0.00305103,1.14976,1.14670897,0.14072,627,0.013975155279503106,0.0
grid_g4_p1_s0_c2,4,1,0,2,18566355.33445113,0.525,0.0,1000.0,5.42017e-05,1.45281,1.4527557983,0.129805,629,0.015527950310559006,0.007763975155279503
grid_g2_p1_s0_c3,2,1,0,3,4308869.380063765,0.525,0.0,1500.0,0.00340463,1.18295,1.17954537,0.136356,637,0.010869565217391304,0.0
grid_g3_p1_s0_c3,3,1,0,3,8944271.90999916,0.525,0.0,1500.0,0.00675543,1.18761,1.1808545700000002,0.11531430000000001,637,0.010869565217391304,0.0
grid_g5_p1_s0_c2,5,1,0,2,38539699.35995991,0.525,0.0,1000.0,0.000688903,1.34516,1.344471097,0.13687,620,0.021739130434782608,0.015527950310559006
grid_g1_p1_s0_c4,1,1,0,4,2075781.6311124284,0.525,0.0,2000.0,0.000286282,0.985037,0.984750718,0.147819,634,0.015527950310559006,0.0
grid_g6_p1_s0_c1,6,1,0,1,80000000.00000003,0.525,0.0,500.0,0.000192555,1.63102,1.630827445,0.148949,608,0.031055900621118012,0.024844720496894408
grid_g4_p1_s0_c3,4,1,0,3,18566355.33445113,0.525,0.0,1500.0,0.00104056,1.66049,1.65944944,0.1165361,633,0.015527950310559006,0.0
grid_g2_p1_s0_c4,2,1,0,4,4308869.380063765,0.525,0.0,2000.0,0.00410104,1.00475,1.00064896,0.13234,635,0.013975155279503106,0.0
grid_g3_p1_s0_c4,3,1,0,4,8944271.90999916,0.525,0.0,2000.0,0.00520333,1.05637,1.05116667,0.149771,638,0.009316770186335404,0.0
grid_g5_p1_s0_c3,5,1,0,3,38539699.35995991,0.525,0.0,1500.0,0.000453224,1.53137,1.530916776,0.14512,633,0.017080745341614908,0.0
grid_g6_p1_s0_c2,6,1,0,2,80000000.00000003,0.525,0.0,1000.0,0.000644897,1.29396,1.293315103,0.15697,623,0.017080745341614908,0.015527950310559006
grid_g1_p1_s0_c5,1,1,0,5,2075781.6311124284,0.525,0.0,2500.0,0.0150563,0.891046,0.8759897,0.166042,635,0.013975155279503106,0.0
grid_g4_p1_s0_c4,4,1,0,4,18566355.33445113,0.525,0.0,2000.0,0.00700673,1.3333,1.3262932699999999,0.135325,640,0.006211180124223602,0.0
grid_g2_p1_s0_c5,2,1,0,5,4308869.380063765,0.525,0.0,2500.0,0.0218719,0.842636,0.8207641000000001,0.153187,640,0.006211180124223602,0.0
grid_g6_p1_s0_c3,6,1,0,3,80000000.00000003,0.525,0.0,1500.0,0.00126977,1.26802,1.26675023,0.14738199999999999,635,0.013975155279503106,0.0
grid_g5_p1_s0_c4,5,1,0,4,38539699.35995991,0.525,0.0,2000.0,0.0227761,1.01639,0.9936138999999999,0.135872,640,0.006211180124223602,0.0
grid_g3_p1_s0_c5,3,1,0,5,8944271.90999916,0.525,0.0,2500.0,0.00205875,0.890739,0.88868025,0.17207,641,0.004658385093167702,0.0
grid_g1_p1_s0_c6,1,1,0,6,2075781.6311124284,0.525,0.0,3000.0,0.0278245,0.720193,0.6923684999999999,0.169427,637,0.010869565217391304,0.0
grid_g4_p1_s0_c5,4,1,0,5,18566355.33445113,0.525,0.0,2500.0,0.0225735,0.853531,0.8309575,0.141276,641,0.004658385093167702,0.0
grid_g2_p1_s0_c6,2,1,0,6,4308869.380063765,0.525,0.0,3000.0,0.00566698,0.755293,0.74962602,0.16081499999999999,638,0.009316770186335404,0.0
grid_g3_p1_s0_c6,3,1,0,6,8944271.90999916,0.525,0.0,3000.0,0.00118893,0.762184,0.76099507,0.176722,639,0.007763975155279503,0.0
grid_g5_p1_s0_c5,5,1,0,5,38539699.35995991,0.525,0.0,2500.0,0.00915966,0.89106,0.88190034,0.159516,641,0.004658385093167702,0.0
grid_g6_p1_s0_c4,6,1,0,4,80000000.00000003,0.525,0.0,2000.0,0.00229104,1.0225,1.02020896,0.14685199999999998,640,0.006211180124223602,0.0
grid_g1_p1_s1_c0,1,1,1,0,2075781.6311124284,0.525,0.0583333333333333,0.0,0.00134415,1.98131,1.97996585,0.11505879999999999,612,0.04503105590062112,0.004658385093167702
grid_g4_p1_s0_c6,4,1,0,6,18566355.33445113,0.525,0.0,3000.0,0.00649494,0.77806,0.77156506,0.176413,642,0.003105590062111801,0.0
grid_g2_p1_s1_c0,2,1,1,0,4308869.380063765,0.525,0.0583333333333333,0.0,3.08884e-05,1.9387,1.9386691116,0.0947076,615,0.04503105590062112,0.0
grid_g3_p1_s1_c0,3,1,1,0,8944271.90999916,0.525,0.0583333333333333,0.0,0.00310481,1.92132,1.91821519,0.08766979999999999,624,0.031055900621118012,0.0
grid_g5_p1_s0_c6,5,1,0,6,38539699.35995991,0.525,0.0,3000.0,0.00605588,0.818574,0.81251812,0.179861,643,0.0015527950310559005,0.0
grid_g6_p1_s0_c5,6,1,0,5,80000000.00000003,0.525,0.0,2500.0,0.0198371,0.867138,0.8473008999999999,0.155332,642,0.003105590062111801,0.0
grid_g1_p1_s1_c1,1,1,1,1,2075781.6311124284,0.525,0.0583333333333333,500.0,0.000390651,1.8997,1.899309349,0.159052,614,0.040372670807453416,0.006211180124223602
grid_g4_p1_s1_c0,4,1,1,0,18566355.33445113,0.525,0.0583333333333333,0.0,0.001898,1.85627,1.8543720000000001,0.08197750000000001,624,0.031055900621118012,0.0
grid_g2_p1_s1_c1,2,1,1,1,4308869.380063765,0.525,0.0583333333333333,500.0,0.00160124,1.86475,1.8631487599999998,0.139595,616,0.03571428571428571,0.007763975155279503
grid_g1_p1_s1_c2,1,1,1,2,2075781.6311124284,0.525,0.0583333333333333,1000.0,0.00157481,1.94271,1.94113519,0.121088,622,0.03260869565217391,0.0015527950310559005
grid_g5_p1_s1_c0,5,1,1,0,38539699.35995991,0.525,0.0583333333333333,0.0,0.00241567,1.81091,1.80849433,0.081621,635,0.012422360248447204,0.0
grid_g6_p1_s0_c6,6,1,0,6,80000000.00000003,0.525,0.0,3000.0,0.0782853,0.774669,0.6963837,0.169711,642,0.003105590062111801,0.0
grid_g3_p1_s1_c1,3,1,1,1,8944271.90999916,0.525,0.0583333333333333,500.0,0.00253011,1.90427,1.90173989,0.14568599999999998,618,0.027950310559006212,0.012422360248447204
grid_g4_p1_s1_c1,4,1,1,1,18566355.33445113,0.525,0.0583333333333333,500.0,0.00369722,1.88676,1.88306278,0.143361,615,0.023291925465838508,0.012422360248447204
grid_g2_p1_s1_c2,2,1,1,2,4308869.380063765,0.525,0.0583333333333333,1000.0,0.00121535,1.8933,1.89208465,0.133309,630,0.020186335403726708,0.0015527950310559005
grid_g3_p1_s1_c2,3,1,1,2,8944271.90999916,0.525,0.0583333333333333,1000.0,0.00167596,1.59847,1.59679404,0.151559,626,0.013975155279503106,0.013975155279503106
grid_g6_p1_s1_c0,6,1,1,0,80000000.00000003,0.525,0.0583333333333333,0.0,0.00357785,1.78373,1.78015215,0.09243309999999999,629,0.023291925465838508,0.0
grid_g5_p1_s1_c1,5,1,1,1,38539699.35995991,0.525,0.0583333333333333,500.0,0.0022808,1.80816,1.8058792,0.144813,619,0.024844720496894408,0.013975155279503106
grid_g1_p1_s1_c3,1,1,1,3,2075781.6311124284,0.525,0.0583333333333333,1500.0,0.000474828,1.69723,1.696755172,0.136014,626,0.024844720496894408,0.0015527950310559005
grid_g4_p1_s1_c2,4,1,1,2,18566355.33445113,0.525,0.0583333333333333,1000.0,0.00281104,1.65574,1.65292896,0.129069,625,0.021739130434782608,0.007763975155279503
grid_g2_p1_s1_c3,2,1,1,3,4308869.380063765,0.525,0.0583333333333333,1500.0,0.000140713,1.49623,1.496089287,0.15205,630,0.015527950310559006,0.006211180124223602
grid_g5_p1_s1_c2,5,1,1,2,38539699.35995991,0.525,0.0583333333333333,1000.0,0.000921398,1.76199,1.761068602,0.135799,628,0.021739130434782608,0.003105590062111801
grid_g6_p1_s1_c1,6,1,1,1,80000000.00000003,0.525,0.0583333333333333,500.0,0.00121959,1.84399,1.84277041,0.154359,621,0.027950310559006212,0.007763975155279503
grid_g3_p1_s1_c3,3,1,1,3,8944271.90999916,0.525,0.0583333333333333,1500.0,0.00308926,1.51478,1.51169074,0.124414,627,0.024844720496894408,0.0015527950310559005
grid_g1_p1_s1_c4,1,1,1,4,2075781.6311124284,0.525,0.0583333333333333,2000.0,0.000406468,1.33106,1.330653532,0.154415,619,0.026397515527950312,0.0015527950310559005
grid_g4_p1_s1_c3,4,1,1,3,18566355.33445113,0.525,0.0583333333333333,1500.0,0.000846526,1.66479,1.663943474,0.15659499999999998,635,0.013975155279503106,0.0
grid_g2_p1_s1_c4,2,1,1,4,4308869.380063765,0.525,0.0583333333333333,2000.0,0.000147533,1.30074,1.300592467,0.161108,615,0.026397515527950312,0.018633540372670808
grid_g3_p1_s1_c4,3,1,1,4,8944271.90999916,0.525,0.0583333333333333,2000.0,0.00206836,1.41985,1.41778164,0.153447,626,0.027950310559006212,0.0
grid_g5_p1_s1_c3,5,1,1,3,38539699.35995991,0.525,0.0583333333333333,1500.0,0.00252845,1.46019,1.45766155,0.148924,637,0.010869565217391304,0.0
grid_g6_p1_s1_c2,6,1,1,2,80000000.00000003,0.525,0.0583333333333333,1000.0,0.00115117,1.62318,1.62202883,0.11987030000000001,631,0.017080745341614908,0.003105590062111801
grid_g1_p1_s1_c5,1,1,1,5,2075781.6311124284,0.525,0.0583333333333333,2500.0,0.00187647,1.23446,1.2325835299999999,0.17252599999999998,635,0.012422360248447204,0.0015527950310559005
grid_g4_p1_s1_c4,4,1,1,4,18566355.33445113,0.525,0.0583333333333333,2000.0,0.000278308,1.27473,1.274451692,0.15745399999999998,631,0.020186335403726708,0.0
grid_g2_p1_s1_c5,2,1,1,5,4308869.380063765,0.525,0.0583333333333333,2500.0,0.00163655,1.09545,1.09381345,0.15617799999999998,621,0.007763975155279503,0.017080745341614908
grid_g6_p1_s1_c3,6,1,1,3,80000000.00000003,0.525,0.0583333333333333,1500.0,0.00024701,1.2866,1.28635299,0.136981,634,0.010869565217391304,0.004658385093167702
grid_g1_p1_s1_c6,1,1,1,6,2075781.6311124284,0.525,0.0583333333333333,3000.0,0.000818621,1.12521,1.124391379,0.166356,629,0.020186335403726708,0.0015527950310559005
grid_g3_p1_s1_c5,3,1,1,5,8944271.90999916,0.525,0.0583333333333333,2500.0,0.00247924,1.22694,1.22446076,0.16178499999999998,626,0.021739130434782608,0.0
grid_g5_p1_s1_c4,5,1,1,4,38539699.35995991,0.525,0.0583333333333333,2000.0,0.00166122,1.26291,1.26124878,0.167378,632,0.018633540372670808,0.0
grid_g4_p1_s1_c5,4,1,1,5,18566355.33445113,0.525,0.0583333333333333,2500.0,0.00157726,1.16438,1.16280274,0.151841,634,0.015527950310559006,0.0
grid_g2_p1_s1_c6,2,1,1,6,4308869.380063765,0.525,0.0583333333333333,3000.0,0.00109063,1.07736,1.0762693700000001,0.178614,631,0.018633540372670808,0.0015527950310559005
grid_g3_p1_s1_c6,3,1,1,6,8944271.90999916,0.525,0.0583333333333333,3000.0,7.6437e-05,1.11157,1.111493563,0.16336699999999998,635,0.013975155279503106,0.0
grid_g1_p1_s2_c0,1,1,2,0,2075781.6311124284,0.525,0.1166666666666666,0.0,0.008892,1.98009,1.971198,0.158216,593,0.04813664596273292,0.029503105590062112
grid_g5_p1_s1_c5,5,1,1,5,38539699.35995991,0.525,0.0583333333333333,2500.0,1.99559e-05,1.06302,1.0630000441,0.157941,634,0.015527950310559006,0.0
grid_g6_p1_s1_c4,6,1,1,4,80000000.00000003,0.525,0.0583333333333333,2000.0,0.00185656,1.22419,1.2223334399999999,0.170898,634,0.015527950310559006,0.0
grid_g4_p1_s1_c6,4,1,1,6,18566355.33445113,0.525,0.0583333333333333,3000.0,0.00104842,1.04977,1.04872158,0.177117,635,0.013975155279503106,0.0
grid_g2_p1_s2_c0,2,1,2,0,4308869.380063765,0.525,0.1166666666666666,0.0,0.00987154,1.98299,1.97311846,0.12440999999999999,611,0.04192546583850932,0.009316770186335404
grid_g5_p1_s1_c6,5,1,1,6,38539699.35995991,0.525,0.0583333333333333,3000.0,0.00205054,0.974963,0.97291246,0.156085,631,0.020186335403726708,0.0
grid_g3_p1_s2_c0,3,1,2,0,8944271.90999916,0.525,0.1166666666666666,0.0,0.00284004,1.97851,1.97566996,0.127116,612,0.04813664596273292,0.0015527950310559005
grid_g6_p1_s1_c5,6,1,1,5,80000000.00000003,0.525,0.0583333333333333,2500.0,0.000538808,1.13266,1.132121192,0.154351,639,0.007763975155279503,0.0
grid_g1_p1_s2_c1,1,1,2,1,2075781.6311124284,0.525,0.1166666666666666,500.0,0.0034402,1.98813,1.9846898,0.15442799999999998,572,0.03571428571428571,0.07608695652173914
grid_g4_p1_s2_c0,4,1,2,0,18566355.33445113,0.525,0.1166666666666666,0.0,0.00253171,1.90092,1.89838829,0.10463230000000001,625,0.029503105590062112,0.0
grid_g2_p1_s2_c1,2,1,2,1,4308869.380063765,0.525,0.1166666666666666,500.0,0.00159789,1.97365,1.97205211,0.149778,590,0.034161490683229816,0.049689440993788817
grid_g3_p1_s2_c1,3,1,2,1,8944271.90999916,0.525,0.1166666666666666,500.0,0.000577338,1.98827,1.987692662,0.145833,610,0.026397515527950312,0.024844720496894408
grid_g6_p1_s1_c6,6,1,1,6,80000000.00000003,0.525,0.0583333333333333,3000.0,0.000694472,0.944912,0.944217528,0.167393,628,0.024844720496894408,0.0
grid_g1_p1_s2_c2,1,1,2,2,2075781.6311124284,0.525,0.1166666666666666,1000.0,0.000958192,1.98594,1.9849818080000001,0.158105,578,0.03571428571428571,0.06677018633540373
grid_g5_p1_s2_c0,5,1,2,0,38539699.35995991,0.525,0.1166666666666666,0.0,0.00011494,1.89681,1.89669506,0.106181,630,0.021739130434782608,0.0
grid_g4_p1_s2_c1,4,1,2,1,18566355.33445113,0.525,0.1166666666666666,500.0,0.00281412,1.98107,1.97825588,0.18015499999999998,610,0.034161490683229816,0.018633540372670808
grid_g2_p1_s2_c2,2,1,2,2,4308869.380063765,0.525,0.1166666666666666,1000.0,0.000218153,1.93936,1.939141847,0.164832,613,0.03571428571428571,0.012422360248447204
grid_g3_p1_s2_c2,3,1,2,2,8944271.90999916,0.525,0.1166666666666666,1000.0,0.000276537,1.98661,1.986333463,0.141392,612,0.034161490683229816,0.015527950310559006
grid_g5_p1_s2_c1,5,1,2,1,38539699.35995991,0.525,0.1166666666666666,500.0,0.000277741,1.91609,1.915812259,0.15862099999999998,625,0.023291925465838508,0.006211180124223602
grid_g1_p1_s2_c3,1,1,2,3,2075781.6311124284,0.525,0.1166666666666666,1500.0,0.00252121,1.91191,1.90938879,0.179028,612,0.03881987577639751,0.010869565217391304
grid_g6_p1_s2_c0,6,1,2,0,80000000.00000003,0.525,0.1166666666666666,0.0,0.00276781,1.83588,1.83311219,0.08963789999999999,634,0.013975155279503106,0.0
grid_g4_p1_s2_c2,4,1,2,2,18566355.33445113,0.525,0.1166666666666666,1000.0,0.0036611,1.7238,1.7201389,0.154713,610,0.031055900621118012,0.015527950310559006
grid_g2_p1_s2_c3,2,1,2,3,4308869.380063765,0.525,0.1166666666666666,1500.0,0.00151183,1.78323,1.78171817,0.133709,612,0.027950310559006212,0.020186335403726708
grid_g3_p1_s2_c3,3,1,2,3,8944271.90999916,0.525,0.1166666666666666,1500.0,0.000819308,1.73541,1.7345906919999998,0.16123099999999999,628,0.023291925465838508,0.0015527950310559005
grid_g1_p1_s2_c4,1,1,2,4,2075781.6311124284,0.525,0.1166666666666666,2000.0,0.00203368,1.73947,1.73743632,0.166188,621,0.029503105590062112,0.004658385093167702
grid_g5_p1_s2_c2,5,1,2,2,38539699.35995991,0.525,0.1166666666666666,1000.0,0.00278838,1.72787,1.72508162,0.135482,619,0.03260869565217391,0.006211180124223602
grid_g6_p1_s2_c1,6,1,2,1,80000000.00000003,0.525,0.1166666666666666,500.0,0.00073597,1.82804,1.82730403,0.148531,623,0.020186335403726708,0.012422360248447204
grid_g4_p1_s2_c3,4,1,2,3,18566355.33445113,0.525,0.1166666666666666,1500.0,0.000781511,1.44246,1.441678489,0.153663,626,0.010869565217391304,0.015527950310559006
grid_g2_p1_s2_c4,2,1,2,4,4308869.380063765,0.525,0.1166666666666666,2000.0,0.00154227,1.58409,1.58254773,0.160993,626,0.017080745341614908,0.009316770186335404
grid_g3_p1_s2_c4,3,1,2,4,8944271.90999916,0.525,0.1166666666666666,2000.0,0.00134186,1.96393,1.96258814,0.146857,624,0.024844720496894408,0.0
grid_g5_p1_s2_c3,5,1,2,3,38539699.35995991,0.525,0.1166666666666666,1500.0,0.00112871,1.60897,1.60784129,0.14906999999999998,632,0.018633540372670808,0.0
grid_g6_p1_s2_c2,6,1,2,2,80000000.00000003,0.525,0.1166666666666666,1000.0,0.00198164,1.63888,1.63689836,0.128029,632,0.015527950310559006,0.003105590062111801
grid_g1_p1_s2_c5,1,1,2,5,2075781.6311124284,0.525,0.1166666666666666,2500.0,0.000960038,1.66467,1.663709962,0.183035,617,0.026397515527950312,0.006211180124223602
grid_g4_p1_s2_c4,4,1,2,4,18566355.33445113,0.525,0.1166666666666666,2000.0,0.00275685,1.56676,1.56400315,0.16539099999999998,625,0.023291925465838508,0.006211180124223602
grid_g2_p1_s2_c5,2,1,2,5,4308869.380063765,0.525,0.1166666666666666,2500.0,0.00172136,1.56246,1.56073864,0.15491,621,0.029503105590062112,0.004658385093167702
grid_g5_p1_s2_c4,5,1,2,4,38539699.35995991,0.525,0.1166666666666666,2000.0,6.18563e-05,1.43391,1.4338481437,0.169369,627,0.026397515527950312,0.0
grid_g3_p1_s2_c5,3,1,2,5,8944271.90999916,0.525,0.1166666666666666,2500.0,0.000175565,1.60148,1.601304435,0.184807,627,0.026397515527950312,0.0
grid_g6_p1_s2_c3,6,1,2,3,80000000.00000003,0.525,0.1166666666666666,1500.0,0.000860356,1.43803,1.437169644,0.179204,621,0.031055900621118012,0.0
grid_g1_p1_s2_c6,1,1,2,6,2075781.6311124284,0.525,0.1166666666666666,3000.0,0.00103243,1.65767,1.65663757,0.166298,607,0.024844720496894408,0.029503105590062112
grid_g4_p1_s2_c5,4,1,2,5,18566355.33445113,0.525,0.1166666666666666,2500.0,0.000125383,1.5941,1.593974617,0.18601299999999998,627,0.018633540372670808,0.0
grid_g2_p1_s2_c6,2,1,2,6,4308869.380063765,0.525,0.1166666666666666,3000.0,0.00506934,1.49637,1.49130066,0.160025,621,0.031055900621118012,0.004658385093167702
grid_g3_p1_s2_c6,3,1,2,6,8944271.90999916,0.525,0.1166666666666666,3000.0,0.00233911,1.32519,1.32285089,0.16208599999999998,632,0.017080745341614908,0.0015527950310559005
grid_g5_p1_s2_c5,5,1,2,5,38539699.35995991,0.525,0.1166666666666666,2500.0,0.00347337,1.26551,1.2620366299999999,0.14912599999999998,632,0.018633540372670808,0.0
grid_g6_p1_s2_c4,6,1,2,4,80000000.00000003,0.525,0.1166666666666666,2000.0,0.000320127,1.29586,1.295539873,0.167126,628,0.024844720496894408,0.0
grid_g1_p1_s3_c0,1,1,3,0,2075781.6311124284,0.525,0.175,0.0,0.00409321,1.9898,1.98570679,0.18595899999999999,576,0.05745341614906832,0.046583850931677016
grid_g4_p1_s2_c6,4,1,2,6,18566355.33445113,0.525,0.1166666666666666,3000.0,0.000328772,1.3062,1.305871228,0.18665099999999998,624,0.031055900621118012,0.0
grid_g2_p1_s3_c0,2,1,3,0,4308869.380063765,0.525,0.175,0.0,0.000598811,1.98934,1.9887411890000002,0.170741,598,0.04813664596273292,0.021739130434782608
grid_g3_p1_s3_c0,3,1,3,0,8944271.90999916,0.525,0.175,0.0,0.00100723,1.98406,1.98305277,0.139958,619,0.034161490683229816,0.004658385093167702
grid_g6_p1_s2_c5,6,1,2,5,80000000.00000003,0.525,0.1166666666666666,2500.0,0.000397975,1.05804,1.057642025,0.15177,634,0.015527950310559006,0.0
grid_g1_p1_s3_c1,1,1,3,1,2075781.6311124284,0.525,0.175,500.0,0.0007242,1.98309,1.9823658,0.231204,530,0.05124223602484472,0.12577639751552794
grid_g5_p1_s2_c6,5,1,2,6,38539699.35995991,0.525,0.1166666666666666,3000.0,0.00327679,1.30166,1.2983832100000001,0.181922,611,0.04192546583850932,0.0
grid_g4_p1_s3_c0,4,1,3,0,18566355.33445113,0.525,0.175,0.0,2.5906e-05,1.96696,1.966934094,0.131515,622,0.031055900621118012,0.0015527950310559005
grid_g2_p1_s3_c1,2,1,3,1,4308869.380063765,0.525,0.175,500.0,0.00131907,1.98983,1.98851093,0.198159,568,0.040372670807453416,0.07763975155279502
grid_g3_p1_s3_c1,3,1,3,1,8944271.90999916,0.525,0.175,500.0,5.25692e-05,1.98918,1.9891274308,0.17062,579,0.04192546583850932,0.059006211180124224
grid_g5_p1_s3_c0,5,1,3,0,38539699.35995991,0.525,0.175,0.0,0.00106677,1.85093,1.84986323,0.1032238,628,0.021739130434782608,0.0
grid_g6_p1_s2_c6,6,1,2,6,80000000.00000003,0.525,0.1166666666666666,3000.0,0.00818247,1.03175,1.02356753,0.17709999999999998,640,0.006211180124223602,0.0
grid_g1_p1_s3_c2,1,1,3,2,2075781.6311124284,0.525,0.175,1000.0,0.00199244,1.98461,1.98261756,0.205481,541,0.04813664596273292,0.11180124223602485
grid_g4_p1_s3_c1,4,1,3,1,18566355.33445113,0.525,0.175,500.0,0.000763814,1.989,1.9882361860000002,0.152535,596,0.031055900621118012,0.04192546583850932
grid_g2_p1_s3_c2,2,1,3,2,4308869.380063765,0.525,0.175,1000.0,0.00246616,1.98256,1.98009384,0.150113,584,0.027950310559006212,0.06366459627329192
grid_g5_p1_s3_c1,5,1,3,1,38539699.35995991,0.525,0.175,500.0,0.000698383,1.97927,1.978571617,0.149881,623,0.024844720496894408,0.007763975155279503
grid_g6_p1_s3_c0,6,1,3,0,80000000.00000003,0.525,0.175,0.0,0.00214376,1.8915,1.88935624,0.0927749,632,0.017080745341614908,0.0
grid_g3_p1_s3_c2,3,1,3,2,8944271.90999916,0.525,0.175,1000.0,0.00326444,1.9858,1.98253556,0.130005,622,0.015527950310559006,0.018633540372670808
grid_g1_p1_s3_c3,1,1,3,3,2075781.6311124284,0.525,0.175,1500.0,0.00171532,1.98827,1.98655468,0.17618599999999998,583,0.03881987577639751,0.055900621118012424
grid_g4_p1_s3_c2,4,1,3,2,18566355.33445113,0.525,0.175,1000.0,0.000402979,1.83897,1.838567021,0.161854,627,0.021739130434782608,0.004658385093167702
grid_g2_p1_s3_c3,2,1,3,3,4308869.380063765,0.525,0.175,1500.0,0.00514808,1.96272,1.95757192,0.157376,582,0.040372670807453416,0.05434782608695652
grid_g3_p1_s3_c3,3,1,3,3,8944271.90999916,0.525,0.175,1500.0,0.00193063,1.98817,1.98623937,0.155742,608,0.023291925465838508,0.029503105590062112
grid_g6_p1_s3_c1,6,1,3,1,80000000.00000003,0.525,0.175,500.0,0.000298542,1.90828,1.907981458,0.151467,622,0.026397515527950312,0.007763975155279503
grid_g5_p1_s3_c2,5,1,3,2,38539699.35995991,0.525,0.175,1000.0,0.00160826,1.90437,1.9027617399999999,0.16966299999999998,619,0.031055900621118012,0.007763975155279503
grid_g1_p1_s3_c4,1,1,3,4,2075781.6311124284,0.525,0.175,2000.0,0.00373077,1.98097,1.97723923,0.15173499999999998,592,0.024844720496894408,0.05434782608695652
grid_g4_p1_s3_c3,4,1,3,3,18566355.33445113,0.525,0.175,1500.0,0.000823502,1.6787,1.677876498,0.157433,618,0.027950310559006212,0.003105590062111801
grid_g2_p1_s3_c4,2,1,3,4,4308869.380063765,0.525,0.175,2000.0,0.00500905,1.98949,1.98448095,0.159294,607,0.029503105590062112,0.027950310559006212
grid_g3_p1_s3_c4,3,1,3,4,8944271.90999916,0.525,0.175,2000.0,0.00288897,1.96389,1.9610010299999998,0.161107,623,0.031055900621118012,0.0015527950310559005
grid_g6_p1_s3_c2,6,1,3,2,80000000.00000003,0.525,0.175,1000.0,0.00150583,1.59277,1.59126417,0.130166,630,0.015527950310559006,0.006211180124223602
grid_g1_p1_s3_c5,1,1,3,5,2075781.6311124284,0.525,0.175,2500.0,0.00123241,1.9544,1.9531675899999998,0.2034,604,0.023291925465838508,0.03881987577639751
grid_g5_p1_s3_c3,5,1,3,3,38539699.35995991,0.525,0.175,1500.0,0.000496285,1.82128,1.820783715,0.147983,640,0.006211180124223602,0.0
grid_g4_p1_s3_c4,4,1,3,4,18566355.33445113,0.525,0.175,2000.0,1.55043e-05,1.60447,1.6044544957,0.16236299999999998,608,0.029503105590062112,0.017080745341614908
grid_g2_p1_s3_c5,2,1,3,5,4308869.380063765,0.525,0.175,2500.0,0.00324053,1.94266,1.93941947,0.158682,600,0.021739130434782608,0.046583850931677016
grid_g3_p1_s3_c5,3,1,3,5,8944271.90999916,0.525,0.175,2500.0,0.0015967,1.93385,1.9322533000000002,0.186581,611,0.021739130434782608,0.027950310559006212
grid_g5_p1_s3_c4,5,1,3,4,38539699.35995991,0.525,0.175,2000.0,0.00161702,1.77034,1.76872298,0.159114,634,0.015527950310559006,0.0
grid_g1_p1_s3_c6,1,1,3,6,2075781.6311124284,0.525,0.175,3000.0,0.000726749,1.98838,1.987653251,0.17389,614,0.03260869565217391,0.013975155279503106
grid_g6_p1_s3_c3,6,1,3,3,80000000.00000003,0.525,0.175,1500.0,0.0027606,1.5747,1.5719394,0.14485,631,0.006211180124223602,0.0
grid_g4_p1_s3_c5,4,1,3,5,18566355.33445113,0.525,0.175,2500.0,0.00124067,1.76838,1.76713933,0.145762,634,0.006211180124223602,0.0
grid_g2_p1_s3_c6,2,1,3,6,4308869.380063765,0.525,0.175,3000.0,0.00263064,1.58246,1.57982936,0.190798,603,0.03260869565217391,0.027950310559006212
grid_g3_p1_s3_c6,3,1,3,6,8944271.90999916,0.525,0.175,3000.0,0.00226243,1.73718,1.73491757,0.16064499999999998,612,0.04192546583850932,0.006211180124223602
grid_g5_p1_s3_c5,5,1,3,5,38539699.35995991,0.525,0.175,2500.0,0.000835826,1.49466,1.493824174,0.148217,640,0.006211180124223602,0.0
grid_g6_p1_s3_c4,6,1,3,4,80000000.00000003,0.525,0.175,2000.0,0.00354982,1.50083,1.4972801800000002,0.180639,626,0.021739130434782608,0.0
grid_g1_p1_s4_c0,1,1,4,0,2075781.6311124284,0.525,0.2333333333333333,0.0,0.0021874,1.98506,1.9828726,0.21570499999999998,552,0.03881987577639751,0.09937888198757763
grid_g4_p1_s3_c6,4,1,3,6,18566355.33445113,0.525,0.175,3000.0,0.000601552,1.79192,1.791318448,0.153527,620,0.026397515527950312,0.0
grid_g2_p1_s4_c0,2,1,4,0,4308869.380063765,0.525,0.2333333333333333,0.0,0.0019178,1.9817,1.9797822,0.194693,575,0.052795031055900624,0.052795031055900624
grid_g3_p1_s4_c0,3,1,4,0,8944271.90999916,0.525,0.2333333333333333,0.0,0.00372364,1.98876,1.98503636,0.139402,614,0.031055900621118012,0.013975155279503106
grid_g5_p1_s3_c6,5,1,3,6,38539699.35995991,0.525,0.175,3000.0,0.00122225,1.47597,1.47474775,0.170571,636,0.012422360248447204,0.0
grid_g6_p1_s3_c5,6,1,3,5,80000000.00000003,0.525,0.175,2500.0,0.0011855,1.32297,1.3217845,0.157865,638,0.009316770186335404,0.0
grid_g1_p1_s4_c1,1,1,4,1,2075781.6311124284,0.525,0.2333333333333333,500.0,0.00236902,1.9857,1.98333098,0.294618,502,0.04813664596273292,0.15838509316770186
grid_g4_p1_s4_c0,4,1,4,0,18566355.33445113,0.525,0.2333333333333333,0.0,4.2539e-05,1.97879,1.978747461,0.159352,618,0.03571428571428571,0.003105590062111801
grid_g2_p1_s4_c1,2,1,4,1,4308869.380063765,0.525,0.2333333333333333,500.0,0.00029795,1.98656,1.9862620500000001,0.285692,532,0.052795031055900624,0.11956521739130435
grid_g5_p1_s4_c0,5,1,4,0,38539699.35995991,0.525,0.2333333333333333,0.0,0.000435203,1.97764,1.977204797,0.1045825,633,0.015527950310559006,0.0015527950310559005
grid_g3_p1_s4_c1,3,1,4,1,8944271.90999916,0.525,0.2333333333333333,500.0,0.00185124,1.98824,1.98638876,0.20590799999999998,564,0.04192546583850932,0.08074534161490683
grid_g6_p1_s3_c6,6,1,3,6,80000000.00000003,0.525,0.175,3000.0,0.00149603,1.13615,1.13465397,0.191693,623,0.03260869565217391,0.0
grid_g1_p1_s4_c2,1,1,4,2,2075781.6311124284,0.525,0.2333333333333333,1000.0,0.000749884,1.98891,1.988160116,0.239149,495,0.05124223602484472,0.17546583850931677
grid_g4_p1_s4_c1,4,1,4,1,18566355.33445113,0.525,0.2333333333333333,500.0,0.000769427,1.98857,1.987800573,0.164415,596,0.023291925465838508,0.05124223602484472
grid_g2_p1_s4_c2,2,1,4,2,4308869.380063765,0.525,0.2333333333333333,1000.0,0.00261618,1.98438,1.98176382,0.19591899999999998,535,0.040372670807453416,0.12732919254658384
grid_g5_p1_s4_c1,5,1,4,1,38539699.35995991,0.525,0.2333333333333333,500.0,0.000774443,1.98757,1.986795557,0.149465,606,0.027950310559006212,0.031055900621118012
grid_g3_p1_s4_c2,3,1,4,2,8944271.90999916,0.525,0.2333333333333333,1000.0,0.00299974,1.98967,1.9866702600000001,0.183022,557,0.037267080745341616,0.09472049689440994
grid_g6_p1_s4_c0,6,1,4,0,80000000.00000003,0.525,0.2333333333333333,0.0,0.00253486,1.8937,1.89116514,0.09617529999999999,629,0.020186335403726708,0.0
grid_g1_p1_s4_c3,1,1,4,3,2075781.6311124284,0.525,0.2333333333333333,1500.0,0.00312735,1.98285,1.97972265,0.264388,523,0.03881987577639751,0.14130434782608695
grid_g4_p1_s4_c2,4,1,4,2,18566355.33445113,0.525,0.2333333333333333,1000.0,0.000989944,1.98488,1.983890056,0.154026,576,0.03571428571428571,0.06987577639751552
grid_g2_p1_s4_c3,2,1,4,3,4308869.380063765,0.525,0.2333333333333333,1500.0,0.00444239,1.98809,1.98364761,0.201483,540,0.04503105590062112,0.11490683229813664
grid_g6_p1_s4_c1,6,1,4,1,80000000.00000003,0.525,0.2333333333333333,500.0,0.000349795,1.83071,1.830360205,0.164237,621,0.029503105590062112,0.006211180124223602
grid_g3_p1_s4_c3,3,1,4,3,8944271.90999916,0.525,0.2333333333333333,1500.0,0.00701187,1.98907,1.98205813,0.169351,559,0.03881987577639751,0.09006211180124224
grid_g5_p1_s4_c2,5,1,4,2,38539699.35995991,0.525,0.2333333333333333,1000.0,0.00146854,1.86762,1.86615146,0.184698,621,0.027950310559006212,0.0
grid_g1_p1_s4_c4,1,1,4,4,2075781.6311124284,0.525,0.2333333333333333,2000.0,0.000298945,1.97847,1.978171055,0.237865,531,0.043478260869565216,0.12732919254658384
grid_g4_p1_s4_c3,4,1,4,3,18566355.33445113,0.525,0.2333333333333333,1500.0,0.000230972,1.98805,1.987819028,0.184805,602,0.026397515527950312,0.037267080745341616
grid_g2_p1_s4_c4,2,1,4,4,4308869.380063765,0.525,0.2333333333333333,2000.0,0.0014182,1.94609,1.9446718,0.132486,559,0.009316770186335404,0.11801242236024845
grid_g3_p1_s4_c4,3,1,4,4,8944271.90999916,0.525,0.2333333333333333,2000.0,0.00110344,1.95709,1.95598656,0.161968,553,0.026397515527950312,0.09937888198757763
grid_g6_p1_s4_c2,6,1,4,2,80000000.00000003,0.525,0.2333333333333333,1000.0,0.00307116,1.79565,1.79257884,0.13772,628,0.013975155279503106,0.010869565217391304
grid_g5_p1_s4_c3,5,1,4,3,38539699.35995991,0.525,0.2333333333333333,1500.0,0.00295515,1.56416,1.56120485,0.15343099999999998,621,0.006211180124223602,0.029503105590062112
grid_g1_p1_s4_c5,1,1,4,5,2075781.6311124284,0.525,0.2333333333333333,2500.0,0.0016454,1.98558,1.9839346,0.199602,538,0.03260869565217391,0.12577639751552794
grid_g4_p1_s4_c4,4,1,4,4,18566355.33445113,0.525,0.2333333333333333,2000.0,0.00335602,1.93113,1.92777398,0.125843,621,0.026397515527950312,0.007763975155279503
grid_g2_p1_s4_c5,2,1,4,5,4308869.380063765,0.525,0.2333333333333333,2500.0,0.00276367,1.98421,1.98144633,0.175515,565,0.023291925465838508,0.09627329192546584
grid_g3_p1_s4_c5,3,1,4,5,8944271.90999916,0.525,0.2333333333333333,2500.0,0.000775899,1.98891,1.988134101,0.14943599999999999,588,0.009316770186335404,0.07763975155279502
grid_g5_p1_s4_c4,5,1,4,4,38539699.35995991,0.525,0.2333333333333333,2000.0,0.000289904,1.6259,1.625610096,0.16058799999999998,620,0.027950310559006212,0.0
grid_g1_p1_s4_c6,1,1,4,6,2075781.6311124284,0.525,0.2333333333333333,3000.0,0.00159979,1.9883,1.98670021,0.203096,557,0.023291925465838508,0.10559006211180125
grid_g6_p1_s4_c3,6,1,4,3,80000000.00000003,0.525,0.2333333333333333,1500.0,0.000873407,1.53629,1.5354165929999999,0.152171,623,0.021739130434782608,0.004658385093167702
grid_g4_p1_s4_c5,4,1,4,5,18566355.33445113,0.525,0.2333333333333333,2500.0,0.00172633,1.78433,1.7826036699999999,0.161737,614,0.026397515527950312,0.004658385093167702
grid_g2_p1_s4_c6,2,1,4,6,4308869.380063765,0.525,0.2333333333333333,3000.0,0.00285044,1.96579,1.96293956,0.20638499999999999,567,0.027950310559006212,0.08850931677018634
grid_g5_p1_s4_c5,5,1,4,5,38539699.35995991,0.525,0.2333333333333333,2500.0,0.00331022,1.62711,1.6237997800000001,0.16034299999999999,632,0.018633540372670808,0.0
grid_g3_p1_s4_c6,3,1,4,6,8944271.90999916,0.525,0.2333333333333333,3000.0,0.000721045,1.83917,1.838448955,0.153284,620,0.018633540372670808,0.018633540372670808
grid_g1_p1_s5_c0,1,1,5,0,2075781.6311124284,0.525,0.2916666666666666,0.0,0.00765558,1.98694,1.97928442,0.240146,523,0.04813664596273292,0.13975155279503104
grid_g6_p1_s4_c4,6,1,4,4,80000000.00000003,0.525,0.2333333333333333,2000.0,0.00181553,1.48837,1.48655447,0.14929299999999998,636,0.012422360248447204,0.0
grid_g4_p1_s4_c6,4,1,4,6,18566355.33445113,0.525,0.2333333333333333,3000.0,0.00121362,1.81414,1.8129263800000002,0.16602799999999998,621,0.023291925465838508,0.0015527950310559005
grid_g2_p1_s5_c0,2,1,5,0,4308869.380063765,0.525,0.2916666666666666,0.0,0.000387001,1.9873,1.986912999,0.192955,572,0.031055900621118012,0.07919254658385093
grid_g3_p1_s5_c0,3,1,5,0,8944271.90999916,0.525,0.2916666666666666,0.0,0.000828194,1.9868,1.985971806,0.192542,606,0.034161490683229816,0.024844720496894408
grid_g5_p1_s4_c6,5,1,4,6,38539699.35995991,0.525,0.2333333333333333,3000.0,0.00133435,1.42107,1.41973565,0.193988,617,0.013975155279503106,0.0
grid_g1_p1_s5_c1,1,1,5,1,2075781.6311124284,0.525,0.2916666666666666,500.0,0.00467884,1.98996,1.98528116,0.383439,471,0.049689440993788817,0.20031055900621117
grid_g6_p1_s4_c5,6,1,4,5,80000000.00000003,0.525,0.2333333333333333,2500.0,0.00576046,1.44393,1.4381695399999999,0.17491199999999998,631,0.020186335403726708,0.0
grid_g4_p1_s5_c0,4,1,5,0,18566355.33445113,0.525,0.2916666666666666,0.0,0.00368761,1.97444,1.97075239,0.1187311,620,0.031055900621118012,0.006211180124223602
grid_g2_p1_s5_c1,2,1,5,1,4308869.380063765,0.525,0.2916666666666666,500.0,0.000460059,1.98756,1.987099941,0.221084,503,0.05745341614906832,0.15217391304347827
grid_g3_p1_s5_c1,3,1,5,1,8944271.90999916,0.525,0.2916666666666666,500.0,0.00089123,1.98841,1.98751877,0.266275,525,0.03571428571428571,0.14130434782608695
grid_g1_p1_s5_c2,1,1,5,2,2075781.6311124284,0.525,0.2916666666666666,1000.0,0.00182657,1.98249,1.9806634300000001,0.356085,468,0.06521739130434782,0.20341614906832298
grid_g6_p1_s4_c6,6,1,4,6,80000000.00000003,0.525,0.2333333333333333,3000.0,0.000385155,1.40706,1.406674845,0.187107,622,0.034161490683229816,0.0
grid_g5_p1_s5_c0,5,1,5,0,38539699.35995991,0.525,0.2916666666666666,0.0,0.000514108,1.90299,1.902475892,0.1134011,626,0.024844720496894408,0.0
grid_g4_p1_s5_c1,4,1,5,1,18566355.33445113,0.525,0.2916666666666666,500.0,0.00381426,1.98839,1.9845757400000001,0.18881399999999998,586,0.034161490683229816,0.05434782608695652
grid_g2_p1_s5_c2,2,1,5,2,4308869.380063765,0.525,0.2916666666666666,1000.0,0.00104778,1.98907,1.98802222,0.258492,487,0.05124223602484472,0.18633540372670807
grid_g3_p1_s5_c2,3,1,5,2,8944271.90999916,0.525,0.2916666666666666,1000.0,0.0014871,1.9884,1.9869128999999999,0.26337900000000003,512,0.05434782608695652,0.14906832298136646
grid_g5_p1_s5_c1,5,1,5,1,38539699.35995991,0.525,0.2916666666666666,500.0,0.0026281,1.9891,1.9864719000000002,0.194775,572,0.03881987577639751,0.07142857142857142
grid_g6_p1_s5_c0,6,1,5,0,80000000.00000003,0.525,0.2916666666666666,0.0,0.000182069,1.8592,1.859017931,0.09894149999999999,631,0.015527950310559006,0.0
grid_g1_p1_s5_c3,1,1,5,3,2075781.6311124284,0.525,0.2916666666666666,1500.0,0.000468364,1.98798,1.987511636,0.377593,442,0.06987577639751552,0.23136645962732919
grid_g4_p1_s5_c2,4,1,5,2,18566355.33445113,0.525,0.2916666666666666,1000.0,0.00531534,1.87416,1.8688446600000002,0.156439,555,0.03260869565217391,0.09937888198757763
grid_g2_p1_s5_c3,2,1,5,3,4308869.380063765,0.525,0.2916666666666666,1500.0,0.00182602,1.98017,1.97834398,0.245744,498,0.03571428571428571,0.18322981366459629
grid_g6_p1_s5_c1,6,1,5,1,80000000.00000003,0.525,0.2916666666666666,500.0,0.00279697,1.86638,1.86358303,0.137719,626,0.021739130434782608,0.006211180124223602
grid_g5_p1_s5_c2,5,1,5,2,38539699.35995991,0.525,0.2916666666666666,1000.0,0.00244619,1.92966,1.92721381,0.127686,621,0.020186335403726708,0.015527950310559006
grid_g3_p1_s5_c3,3,1,5,3,8944271.90999916,0.525,0.2916666666666666,1500.0,0.00126173,1.97096,1.96969827,0.167535,525,0.024844720496894408,0.15993788819875776
grid_g1_p1_s5_c4,1,1,5,4,2075781.6311124284,0.525,0.2916666666666666,2000.0,0.00520487,1.98824,1.98303513,0.297586,495,0.043478260869565216,0.17391304347826086
grid_g4_p1_s5_c3,4,1,5,3,18566355.33445113,0.525,0.2916666666666666,1500.0,0.00464365,1.98674,1.98209635,0.176502,556,0.034161490683229816,0.09937888198757763
grid_g2_p1_s5_c4,2,1,5,4,4308869.380063765,0.525,0.2916666666666666,2000.0,0.00134821,1.98006,1.97871179,0.241646,512,0.03571428571428571,0.15993788819875776
grid_g3_p1_s5_c4,3,1,5,4,8944271.90999916,0.525,0.2916666666666666,2000.0,0.00384508,1.96555,1.9617049199999999,0.218431,516,0.04192546583850932,0.15683229813664595
grid_g1_p1_s5_c5,1,1,5,5,2075781.6311124284,0.525,0.2916666666666666,2500.0,0.00160516,1.98455,1.98294484,0.20560499999999998,509,0.027950310559006212,0.16770186335403728
grid_g5_p1_s5_c3,5,1,5,3,38539699.35995991,0.525,0.2916666666666666,1500.0,0.000639881,1.87745,1.8768101190000002,0.12644,626,0.026397515527950312,0.0015527950310559005
grid_g6_p1_s5_c2,6,1,5,2,80000000.00000003,0.525,0.2916666666666666,1000.0,0.000265198,1.95806,1.957794802,0.169977,625,0.021739130434782608,0.007763975155279503
grid_g4_p1_s5_c4,4,1,5,4,18566355.33445113,0.525,0.2916666666666666,2000.0,0.000905777,1.98786,1.986954223,0.165547,586,0.026397515527950312,0.06366459627329192
grid_g2_p1_s5_c5,2,1,5,5,4308869.380063765,0.525,0.2916666666666666,2500.0,0.00213576,1.98599,1.9838542399999999,0.23821799999999999,524,0.04192546583850932,0.13819875776397517
grid_g5_p1_s5_c4,5,1,5,4,38539699.35995991,0.525,0.2916666666666666,2000.0,0.000617918,1.84311,1.842492082,0.194827,623,0.031055900621118012,0.0015527950310559005
grid_g6_p1_s5_c3,6,1,5,3,80000000.00000003,0.525,0.2916666666666666,1500.0,0.00121681,1.7905,1.78928319,0.12296000000000001,635,0.012422360248447204,0.0015527950310559005
grid_g3_p1_s5_c5,3,1,5,5,8944271.90999916,0.525,0.2916666666666666,2500.0,0.0035115,1.91587,1.9123585,0.15542,563,0.020186335403726708,0.10093167701863354
grid_g1_p1_s5_c6,1,1,5,6,2075781.6311124284,0.525,0.2916666666666666,3000.0,0.00296584,1.98071,1.9777441599999999,0.23255699999999999,534,0.03881987577639751,0.12732919254658384
grid_g4_p1_s5_c5,4,1,5,5,18566355.33445113,0.525,0.2916666666666666,2500.0,0.0039169,1.98881,1.9848931,0.168104,610,0.023291925465838508,0.029503105590062112
grid_g2_p1_s5_c6,2,1,5,6,4308869.380063765,0.525,0.2916666666666666,3000.0,9.81687e-05,1.98338,1.9832818313,0.220878,539,0.03571428571428571,0.12577639751552794
grid_g1_p1_s6_c0,1,1,6,0,2075781.6311124284,0.525,0.35,0.0,0.000641131,1.98847,1.9878288689999999,0.189708,516,0.037267080745341616,0.15217391304347827
grid_g3_p1_s5_c6,3,1,5,6,8944271.90999916,0.525,0.2916666666666666,3000.0,0.00618911,1.98952,1.98333089,0.205529,554,0.026397515527950312,0.11180124223602485
grid_g6_p1_s5_c4,6,1,5,4,80000000.00000003,0.525,0.2916666666666666,2000.0,0.000596171,1.47924,1.4786438290000001,0.135742,628,0.018633540372670808,0.0
grid_g5_p1_s5_c5,5,1,5,5,38539699.35995991,0.525,0.2916666666666666,2500.0,0.000153451,1.69214,1.691986549,0.157495,630,0.015527950310559006,0.004658385093167702
grid_g4_p1_s5_c6,4,1,5,6,18566355.33445113,0.525,0.2916666666666666,3000.0,0.00152087,1.98922,1.98769913,0.156211,580,0.020186335403726708,0.07608695652173914
grid_g2_p1_s6_c0,2,1,6,0,4308869.380063765,0.525,0.35,0.0,0.00161901,1.98564,1.98402099,0.201479,564,0.03881987577639751,0.08385093167701864
grid_g6_p1_s5_c5,6,1,5,5,80000000.00000003,0.525,0.2916666666666666,2500.0,0.00129895,1.47228,1.47098105,0.160013,641,0.004658385093167702,0.0
grid_g3_p1_s6_c0,3,1,6,0,8944271.90999916,0.525,0.35,0.0,0.0035299,1.98938,1.9858501,0.18918,603,0.031055900621118012,0.03260869565217391
grid_g5_p1_s5_c6,5,1,5,6,38539699.35995991,0.525,0.2916666666666666,3000.0,0.00147627,1.98463,1.98315373,0.162429,614,0.010869565217391304,0.018633540372670808
grid_g1_p1_s6_c1,1,1,6,1,2075781.6311124284,0.525,0.35,500.0,0.000836047,1.98915,1.988313953,0.268439,436,0.03881987577639751,0.24378881987577639
grid_g4_p1_s6_c0,4,1,6,0,18566355.33445113,0.525,0.35,0.0,0.000128514,1.97811,1.977981486,0.134297,612,0.03260869565217391,0.012422360248447204
grid_g2_p1_s6_c1,2,1,6,1,4308869.380063765,0.525,0.35,500.0,0.00371734,1.98511,1.98139266,0.27533,472,0.043478260869565216,0.19875776397515527
grid_g5_p1_s6_c0,5,1,6,0,38539699.35995991,0.525,0.35,0.0,0.000657013,1.94614,1.9454829869999999,0.148096,625,0.026397515527950312,0.003105590062111801
grid_g3_p1_s6_c1,3,1,6,1,8944271.90999916,0.525,0.35,500.0,0.0049972,1.98447,1.9794728,0.274872,491,0.055900621118012424,0.16925465838509315
grid_g1_p1_s6_c2,1,1,6,2,2075781.6311124284,0.525,0.35,1000.0,0.00334961,1.98215,1.9788003900000002,0.28832599999999997,433,0.059006211180124224,0.2639751552795031
grid_g6_p1_s5_c6,6,1,5,6,80000000.00000003,0.525,0.2916666666666666,3000.0,0.000421037,1.54511,1.544688963,0.170395,640,0.006211180124223602,0.0
grid_g4_p1_s6_c1,4,1,6,1,18566355.33445113,0.525,0.35,500.0,0.000212716,1.98618,1.985967284,0.219243,566,0.03571428571428571,0.08540372670807453
grid_g2_p1_s6_c2,2,1,6,2,4308869.380063765,0.525,0.35,1000.0,0.00147776,1.98689,1.98541224,0.358461,458,0.055900621118012424,0.21583850931677018
grid_g3_p1_s6_c2,3,1,6,2,8944271.90999916,0.525,0.35,1000.0,0.00686282,1.98961,1.98274718,0.237527,462,0.05124223602484472,0.2220496894409938
grid_g5_p1_s6_c1,5,1,6,1,38539699.35995991,0.525,0.35,500.0,0.00684912,1.95531,1.94846088,0.15689899999999998,603,0.027950310559006212,0.03571428571428571
grid_g1_p1_s6_c3,1,1,6,3,2075781.6311124284,0.525,0.35,1500.0,0.00529813,1.98319,1.97789187,0.358516,415,0.05745341614906832,0.2593167701863354
grid_g6_p1_s6_c0,6,1,6,0,80000000.00000003,0.525,0.35,0.0,0.00117761,1.96613,1.9649523899999999,0.0979128,635,0.012422360248447204,0.0015527950310559005
grid_g4_p1_s6_c2,4,1,6,2,18566355.33445113,0.525,0.35,1000.0,0.00411352,1.98956,1.98544648,0.254927,523,0.024844720496894408,0.15683229813664595
grid_g2_p1_s6_c3,2,1,6,3,4308869.380063765,0.525,0.35,1500.0,0.000549674,1.98038,1.979830326,0.318891,452,0.055900621118012424,0.22826086956521738
grid_g3_p1_s6_c3,3,1,6,3,8944271.90999916,0.525,0.35,1500.0,0.00242205,1.98694,1.9845179499999999,0.271434,467,0.04503105590062112,0.2236024844720497
grid_g0_p1_s6_c4,0,1,6,4,1000000.0,0.525,0.35,2000.0,0.00209982,1.97644,1.97434018,0.283248,406,0.05124223602484472,0.2841614906832298
grid_g5_p1_s6_c2,5,1,6,2,38539699.35995991,0.525,0.35,1000.0,0.000843236,1.98535,1.984506764,0.142729,623,0.017080745341614908,0.015527950310559006
grid_g6_p1_s6_c1,6,1,6,1,80000000.00000003,0.525,0.35,500.0,0.00097642,1.97166,1.97068358,0.14196,623,0.021739130434782608,0.010869565217391304
grid_g4_p1_s6_c3,4,1,6,3,18566355.33445113,0.525,0.35,1500.0,0.00196706,1.98972,1.98775294,0.18834099999999998,512,0.031055900621118012,0.16925465838509315
grid_g1_p1_s6_c4,1,1,6,4,2075781.6311124284,0.525,0.35,2000.0,0.0065719,1.98491,1.9783381,0.294938,428,0.043478260869565216,0.2779503105590062
grid_g2_p1_s6_c4,2,1,6,4,4308869.380063765,0.525,0.35,2000.0,0.00240855,1.98843,1.98602145,0.274391,453,0.04503105590062112,0.234472049689441
grid_g5_p1_s6_c3,5,1,6,3,38539699.35995991,0.525,0.35,1500.0,0.000799367,1.93004,1.929240633,0.162186,622,0.020186335403726708,0.009316770186335404
grid_g0_p1_s6_c5,0,1,6,5,1000000.0,0.525,0.35,2500.0,0.00936223,1.97201,1.96264777,0.329546,428,0.062111801242236024,0.22981366459627328
grid_g6_p1_s6_c2,6,1,6,2,80000000.00000003,0.525,0.35,1000.0,0.00503527,1.94633,1.9412947299999999,0.13543,622,0.021739130434782608,0.012422360248447204
grid_g3_p1_s6_c4,3,1,6,4,8944271.90999916,0.525,0.35,2000.0,0.00213138,1.9899,1.98776862,0.259423,504,0.03571428571428571,0.17391304347826086
grid_g1_p1_s6_c5,1,1,6,5,2075781.6311124284,0.525,0.35,2500.0,0.00916237,1.98198,1.97281763,0.188714,461,0.04813664596273292,0.2111801242236025
grid_g4_p1_s6_c4,4,1,6,4,18566355.33445113,0.525,0.35,2000.0,0.00309678,1.98842,1.9853232200000002,0.170392,537,0.015527950310559006,0.14906832298136646
grid_g2_p1_s6_c5,2,1,6,5,4308869.380063765,0.525,0.35,2500.0,0.000453232,1.98422,1.9837667680000002,0.305056,487,0.049689440993788817,0.18322981366459629
grid_g3_p1_s6_c5,3,1,6,5,8944271.90999916,0.525,0.35,2500.0,0.000716101,1.98579,1.9850738989999999,0.23854999999999998,503,0.034161490683229816,0.17857142857142858
grid_g0_p1_s6_c6,0,1,6,6,1000000.0,0.525,0.35,3000.0,2.12514e-05,1.98955,1.9895287486,0.37816099999999997,430,0.049689440993788817,0.2267080745341615
grid_g6_p1_s6_c3,6,1,6,3,80000000.00000003,0.525,0.35,1500.0,0.00277432,1.71447,1.7116956799999998,0.12145800000000001,621,0.012422360248447204,0.023291925465838508
grid_g5_p1_s6_c4,5,1,6,4,38539699.35995991,0.525,0.35,2000.0,0.000243549,1.96225,1.9620064510000002,0.163409,573,0.021739130434782608,0.08540372670807453
grid_g4_p1_s6_c5,4,1,6,5,18566355.33445113,0.525,0.35,2500.0,0.0083642,1.96057,1.9522058,0.16325099999999998,533,0.020186335403726708,0.13975155279503104
grid_g1_p1_s6_c6,1,1,6,6,2075781.6311124284,0.525,0.35,3000.0,0.00209546,1.98828,1.98618454,0.32598299999999997,465,0.04192546583850932,0.22981366459627328
grid_g2_p1_s6_c6,2,1,6,6,4308869.380063765,0.525,0.35,3000.0,0.00183509,1.98449,1.9826549100000002,0.300374,481,0.04813664596273292,0.1972049689440994
grid_g6_p1_s6_c4,6,1,6,4,80000000.00000003,0.525,0.35,2000.0,0.00222909,1.76693,1.76470091,0.170602,633,0.017080745341614908,0.0
grid_g3_p1_s6_c6,3,1,6,6,8944271.90999916,0.525,0.35,3000.0,0.00137119,1.97911,1.97773881,0.296409,489,0.040372670807453416,0.19409937888198758
grid_g0_p2_s0_c0,0,2,0,0,1000000.0,0.6,0.0,0.0,4.63907e-05,1.51563,1.5155836093000001,0.0724456,604,0.06055900621118013,0.0
grid_g1_p2_s0_c0,1,2,0,0,2075781.6311124284,0.6,0.0,0.0,0.0042811,1.5079,1.5036189,0.07109689999999999,620,0.03571428571428571,0.0
grid_g5_p1_s6_c5,5,1,6,5,38539699.35995991,0.525,0.35,2500.0,0.000235518,1.81578,1.815544482,0.175063,613,0.020186335403726708,0.004658385093167702
grid_g4_p1_s6_c6,4,1,6,6,18566355.33445113,0.525,0.35,3000.0,0.00193327,1.98773,1.98579673,0.18226599999999998,499,0.037267080745341616,0.18322981366459629
grid_g2_p2_s0_c0,2,2,0,0,4308869.380063765,0.6,0.0,0.0,0.00755172,1.45645,1.44889828,0.072412,620,0.037267080745341616,0.0
grid_g6_p1_s6_c5,6,1,6,5,80000000.00000003,0.525,0.35,2500.0,0.00205231,1.80349,1.80143769,0.14504999999999998,640,0.006211180124223602,0.0
grid_g0_p2_s0_c1,0,2,0,1,1000000.0,0.6,0.0,500.0,0.00115271,1.28368,1.28252729,0.1139407,616,0.03881987577639751,0.0
grid_g3_p2_s0_c0,3,2,0,0,8944271.90999916,0.6,0.0,0.0,0.00129879,1.42916,1.4278612099999999,0.0723065,624,0.031055900621118012,0.0
grid_g5_p1_s6_c6,5,1,6,6,38539699.35995991,0.525,0.35,3000.0,0.000881497,1.95679,1.955908503,0.135066,529,0.018633540372670808,0.14906832298136646
grid_g1_p2_s0_c1,1,2,0,1,2075781.6311124284,0.6,0.0,500.0,0.000607593,1.29473,1.294122407,0.1177249,625,0.029503105590062112,0.0
grid_g4_p2_s0_c0,4,2,0,0,18566355.33445113,0.6,0.0,0.0,0.00164089,1.41663,1.41498911,0.0758292,628,0.024844720496894408,0.0
grid_g2_p2_s0_c1,2,2,0,1,4308869.380063765,0.6,0.0,500.0,0.00323016,1.34352,1.34028984,0.1184026,621,0.029503105590062112,0.006211180124223602
grid_g3_p2_s0_c1,3,2,0,1,8944271.90999916,0.6,0.0,500.0,0.00118716,1.32691,1.32572284,0.12507,627,0.026397515527950312,0.0
grid_g5_p2_s0_c0,5,2,0,0,38539699.35995991,0.6,0.0,0.0,0.00489092,1.43575,1.43085908,0.0760766,630,0.021739130434782608,0.0
grid_g6_p1_s6_c6,6,1,6,6,80000000.00000003,0.525,0.35,3000.0,0.000604462,1.37018,1.3695755379999999,0.20058299999999998,634,0.015527950310559006,0.0
grid_g0_p2_s0_c2,0,2,0,2,1000000.0,0.6,0.0,1000.0,0.00235296,1.12687,1.12451704,0.132588,624,0.018633540372670808,0.0
grid_g1_p2_s0_c2,1,2,0,2,2075781.6311124284,0.6,0.0,1000.0,0.000907348,1.11134,1.110432652,0.14699199999999998,626,0.018633540372670808,0.0
grid_g4_p2_s0_c1,4,2,0,1,18566355.33445113,0.6,0.0,500.0,0.00129269,1.40881,1.4075173099999998,0.139921,623,0.029503105590062112,0.0
grid_g2_p2_s0_c2,2,2,0,2,4308869.380063765,0.6,0.0,1000.0,0.00159569,1.10762,1.10602431,0.129682,624,0.017080745341614908,0.0
grid_g3_p2_s0_c2,3,2,0,2,8944271.90999916,0.6,0.0,1000.0,0.000851581,1.16412,1.163268419,0.12234300000000001,628,0.015527950310559006,0.0
grid_g6_p2_s0_c0,6,2,0,0,80000000.00000003,0.6,0.0,0.0,0.00391731,1.42888,1.4249626899999999,0.0828439,626,0.027950310559006212,0.0
grid_g0_p2_s0_c3,0,2,0,3,1000000.0,0.6,0.0,1500.0,0.00016154,0.938099,0.93793746,0.139165,636,0.012422360248447204,0.0
grid_g5_p2_s0_c1,5,2,0,1,38539699.35995991,0.6,0.0,500.0,0.000162614,1.38166,1.3814973860000002,0.1434,624,0.031055900621118012,0.0
grid_g4_p2_s0_c2,4,2,0,2,18566355.33445113,0.6,0.0,1000.0,0.000892641,1.55071,1.549817359,0.127666,637,0.010869565217391304,0.0
grid_g1_p2_s0_c3,1,2,0,3,2075781.6311124284,0.6,0.0,1500.0,0.000629548,1.01346,1.012830452,0.138936,636,0.012422360248447204,0.0
grid_g2_p2_s0_c3,2,2,0,3,4308869.380063765,0.6,0.0,1500.0,0.000615062,0.920802,0.920186938,0.134769,632,0.006211180124223602,0.0
grid_g3_p2_s0_c3,3,2,0,3,8944271.90999916,0.6,0.0,1500.0,0.000107901,0.98265,0.982542099,0.140731,638,0.009316770186335404,0.0
grid_g6_p2_s0_c1,6,2,0,1,80000000.00000003,0.6,0.0,500.0,0.000381057,1.49281,1.492428943,0.128692,619,0.034161490683229816,0.003105590062111801
grid_g0_p2_s0_c4,0,2,0,4,1000000.0,0.6,0.0,2000.0,0.00133011,0.79059,0.78925989,0.139738,634,0.015527950310559006,0.0
grid_g5_p2_s0_c2,5,2,0,2,38539699.35995991,0.6,0.0,1000.0,0.00100933,1.4742,1.47319067,0.129973,631,0.020186335403726708,0.0
grid_g4_p2_s0_c3,4,2,0,3,18566355.33445113,0.6,0.0,1500.0,0.00278237,0.88929,0.88650763,0.138641,629,0.009316770186335404,0.0
grid_g1_p2_s0_c4,1,2,0,4,2075781.6311124284,0.6,0.0,2000.0,0.000603583,0.857366,0.856762417,0.157521,640,0.006211180124223602,0.0
grid_g2_p2_s0_c4,2,2,0,4,4308869.380063765,0.6,0.0,2000.0,0.00137589,0.795962,0.7945861099999999,0.144196,640,0.006211180124223602,0.0
grid_g6_p2_s0_c2,6,2,0,2,80000000.00000003,0.6,0.0,1000.0,0.00185334,1.28022,1.2783666599999999,0.149841,617,0.03881987577639751,0.0
grid_g3_p2_s0_c4,3,2,0,4,8944271.90999916,0.6,0.0,2000.0,0.0102454,0.840165,0.8299196000000001,0.14774199999999998,635,0.013975155279503106,0.0
grid_g0_p2_s0_c5,0,2,0,5,1000000.0,0.6,0.0,2500.0,0.00659634,0.675903,0.66930666,0.173975,637,0.010869565217391304,0.0
grid_g5_p2_s0_c3,5,2,0,3,38539699.35995991,0.6,0.0,1500.0,0.00195707,0.940885,0.93892793,0.15451299999999998,622,0.020186335403726708,0.0
grid_g1_p2_s0_c5,1,2,0,5,2075781.6311124284,0.6,0.0,2500.0,0.000751073,0.691316,0.690564927,0.155475,637,0.010869565217391304,0.0
grid_g4_p2_s0_c4,4,2,0,4,18566355.33445113,0.6,0.0,2000.0,0.00368027,0.770514,0.76683373,0.151441,633,0.003105590062111801,0.0
grid_g2_p2_s0_c5,2,2,0,5,4308869.380063765,0.6,0.0,2500.0,0.00301332,0.703289,0.7002756800000001,0.162409,641,0.004658385093167702,0.0
grid_g6_p2_s0_c3,6,2,0,3,80000000.00000003,0.6,0.0,1500.0,8.26583e-05,1.25086,1.2507773417,0.158107,626,0.027950310559006212,0.0
grid_g0_p2_s0_c6,0,2,0,6,1000000.0,0.6,0.0,3000.0,0.0032916,0.627759,0.6244674,0.184302,639,0.007763975155279503,0.0
grid_g3_p2_s0_c5,3,2,0,5,8944271.90999916,0.6,0.0,2500.0,4.47838e-06,0.679093,0.67908852162,0.166382,630,0.007763975155279503,0.0
grid_g5_p2_s0_c4,5,2,0,4,38539699.35995991,0.6,0.0,2000.0,0.00153818,0.841892,0.84035382,0.14882199999999998,639,0.007763975155279503,0.0
grid_g1_p2_s0_c6,1,2,0,6,2075781.6311124284,0.6,0.0,3000.0,0.000935614,0.62676,0.625824386,0.188266,639,0.007763975155279503,0.0
grid_g4_p2_s0_c5,4,2,0,5,18566355.33445113,0.6,0.0,2500.0,0.00106694,0.876176,0.87510906,0.17640999999999998,631,0.020186335403726708,0.0
grid_g2_p2_s0_c6,2,2,0,6,4308869.380063765,0.6,0.0,3000.0,0.0198165,0.642535,0.6227185,0.187255,638,0.009316770186335404,0.0
grid_g3_p2_s0_c6,3,2,0,6,8944271.90999916,0.6,0.0,3000.0,0.000146705,0.652623,0.6524762949999999,0.196152,639,0.007763975155279503,0.0
grid_g0_p2_s1_c0,0,2,1,0,1000000.0,0.6,0.0583333333333333,0.0,0.00266674,1.75186,1.74919326,0.145504,608,0.055900621118012424,0.0
grid_g6_p2_s0_c4,6,2,0,4,80000000.00000003,0.6,0.0,2000.0,0.00172088,0.771827,0.77010612,0.143872,621,0.021739130434782608,0.0
grid_g5_p2_s0_c5,5,2,0,5,38539699.35995991,0.6,0.0,2500.0,0.00115842,0.737816,0.73665758,0.144179,639,0.007763975155279503,0.0
grid_g1_p2_s1_c0,1,2,1,0,2075781.6311124284,0.6,0.0583333333333333,0.0,0.00256755,1.64007,1.63750245,0.123645,615,0.04503105590062112,0.0
grid_g4_p2_s0_c6,4,2,0,6,18566355.33445113,0.6,0.0,3000.0,0.0010164,0.656486,0.6554696,0.192835,635,0.013975155279503106,0.0
grid_g2_p2_s1_c0,2,2,1,0,4308869.380063765,0.6,0.0583333333333333,0.0,0.00216548,1.59592,1.59375452,0.1108858,624,0.029503105590062112,0.0
grid_g6_p2_s0_c5,6,2,0,5,80000000.00000003,0.6,0.0,2500.0,0.00448702,0.74644,0.74195298,0.175322,629,0.023291925465838508,0.0
grid_g3_p2_s1_c0,3,2,1,0,8944271.90999916,0.6,0.0583333333333333,0.0,0.00390418,1.54007,1.5361658200000001,0.1053759,628,0.024844720496894408,0.0
grid_g0_p2_s1_c1,0,2,1,1,1000000.0,0.6,0.0583333333333333,500.0,0.00262299,1.6799,1.6772770099999998,0.136073,620,0.03571428571428571,0.0
grid_g5_p2_s0_c6,5,2,0,6,38539699.35995991,0.6,0.0,3000.0,0.00353434,0.672448,0.6689136600000001,0.195719,636,0.012422360248447204,0.0
grid_g1_p2_s1_c1,1,2,1,1,2075781.6311124284,0.6,0.0583333333333333,500.0,0.000568218,1.59405,1.593481782,0.16247999999999999,615,0.04503105590062112,0.0
grid_g4_p2_s1_c0,4,2,1,0,18566355.33445113,0.6,0.0583333333333333,0.0,0.000251363,1.55219,1.551938637,0.0894559,626,0.027950310559006212,0.0
grid_g2_p2_s1_c1,2,2,1,1,4308869.380063765,0.6,0.0583333333333333,500.0,0.000183643,1.49059,1.4904063570000001,0.164237,615,0.03881987577639751,0.0
grid_g3_p2_s1_c1,3,2,1,1,8944271.90999916,0.6,0.0583333333333333,500.0,4.7111e-05,1.47262,1.472572889,0.140957,626,0.027950310559006212,0.0
grid_g0_p2_s1_c2,0,2,1,2,1000000.0,0.6,0.0583333333333333,1000.0,0.00113549,1.63857,1.63743451,0.127579,626,0.021739130434782608,0.004658385093167702
grid_g6_p2_s0_c6,6,2,0,6,80000000.00000003,0.6,0.0,3000.0,0.0047174,0.671522,0.6668046,0.19657,627,0.026397515527950312,0.0
grid_g5_p2_s1_c0,5,2,1,0,38539699.35995991,0.6,0.0583333333333333,0.0,0.00421721,1.47589,1.47167279,0.09943489999999999,634,0.013975155279503106,0.0
grid_g1_p2_s1_c2,1,2,1,2,2075781.6311124284,0.6,0.0583333333333333,1000.0,0.00369611,1.35864,1.3549438900000002,0.137852,618,0.023291925465838508,0.0015527950310559005
grid_g4_p2_s1_c1,4,2,1,1,18566355.33445113,0.6,0.0583333333333333,500.0,0.00264771,1.43319,1.43054229,0.14618899999999999,621,0.034161490683229816,0.0
grid_g2_p2_s1_c2,2,2,1,2,4308869.380063765,0.6,0.0583333333333333,1000.0,0.00147018,1.37032,1.3688498199999999,0.130486,619,0.03260869565217391,0.006211180124223602
grid_g6_p2_s1_c0,6,2,1,0,80000000.00000003,0.6,0.0583333333333333,0.0,0.000365192,1.53657,1.536204808,0.10741139999999999,631,0.020186335403726708,0.0
grid_g3_p2_s1_c2,3,2,1,2,8944271.90999916,0.6,0.0583333333333333,1000.0,0.000793258,1.2799,1.279106742,0.147692,617,0.021739130434782608,0.0
grid_g0_p2_s1_c3,0,2,1,3,1000000.0,0.6,0.0583333333333333,1500.0,0.00591889,1.18224,1.17632111,0.156767,623,0.023291925465838508,0.003105590062111801
grid_g5_p2_s1_c1,5,2,1,1,38539699.35995991,0.6,0.0583333333333333,500.0,0.000203373,1.43884,1.438636627,0.142586,620,0.037267080745341616,0.0
grid_g1_p2_s1_c3,1,2,1,3,2075781.6311124284,0.6,0.0583333333333333,1500.0,0.000214298,1.16151,1.161295702,0.138566,633,0.015527950310559006,0.0015527950310559005
grid_g4_p2_s1_c2,4,2,1,2,18566355.33445113,0.6,0.0583333333333333,1000.0,0.00403396,1.7399,1.73586604,0.120504,627,0.026397515527950312,0.0
grid_g2_p2_s1_c3,2,2,1,3,4308869.380063765,0.6,0.0583333333333333,1500.0,0.000966989,1.27787,1.2769030110000001,0.144206,629,0.023291925465838508,0.0
grid_g6_p2_s1_c1,6,2,1,1,80000000.00000003,0.6,0.0583333333333333,500.0,0.000559914,1.4654,1.464840086,0.150802,625,0.029503105590062112,0.0
grid_g3_p2_s1_c3,3,2,1,3,8944271.90999916,0.6,0.0583333333333333,1500.0,0.000877918,1.2322,1.231322082,0.15551299999999998,633,0.017080745341614908,0.0
grid_g0_p2_s1_c4,0,2,1,4,1000000.0,0.6,0.0583333333333333,2000.0,0.00546802,1.11649,1.11102198,0.162825,632,0.017080745341614908,0.0015527950310559005
grid_g5_p2_s1_c2,5,2,1,2,38539699.35995991,0.6,0.0583333333333333,1000.0,0.00201443,1.12715,1.12513557,0.151864,623,0.015527950310559006,0.003105590062111801
grid_g1_p2_s1_c4,1,2,1,4,2075781.6311124284,0.6,0.0583333333333333,2000.0,0.00266901,1.23233,1.22966099,0.163571,627,0.026397515527950312,0.0
grid_g4_p2_s1_c3,4,2,1,3,18566355.33445113,0.6,0.0583333333333333,1500.0,0.00028709,1.05654,1.05625291,0.155666,631,0.017080745341614908,0.0
grid_g2_p2_s1_c4,2,2,1,4,4308869.380063765,0.6,0.0583333333333333,2000.0,0.00022459,1.50564,1.5054154100000001,0.138723,623,0.024844720496894408,0.007763975155279503
grid_g3_p2_s1_c4,3,2,1,4,8944271.90999916,0.6,0.0583333333333333,2000.0,0.000843547,0.99298,0.992136453,0.162567,636,0.012422360248447204,0.0
grid_g6_p2_s1_c2,6,2,1,2,80000000.00000003,0.6,0.0583333333333333,1000.0,0.00103033,1.19789,1.1968596699999998,0.139024,616,0.031055900621118012,0.0
grid_g0_p2_s1_c5,0,2,1,5,1000000.0,0.6,0.0583333333333333,2500.0,0.00558032,1.19108,1.18549968,0.16275399999999998,630,0.020186335403726708,0.0015527950310559005
grid_g5_p2_s1_c3,5,2,1,3,38539699.35995991,0.6,0.0583333333333333,1500.0,3.58079e-05,0.966245,0.9662091921,0.17376,622,0.020186335403726708,0.0
grid_g1_p2_s1_c5,1,2,1,5,2075781.6311124284,0.6,0.0583333333333333,2500.0,0.00153475,0.833591,0.8320562499999999,0.181301,620,0.020186335403726708,0.0015527950310559005
grid_g4_p2_s1_c4,4,2,1,4,18566355.33445113,0.6,0.0583333333333333,2000.0,0.00186802,1.11005,1.10818198,0.147429,628,0.024844720496894408,0.0
grid_g2_p2_s1_c5,2,2,1,5,4308869.380063765,0.6,0.0583333333333333,2500.0,0.000580769,1.10707,1.106489231,0.164762,627,0.024844720496894408,0.0
grid_g3_p2_s1_c5,3,2,1,5,8944271.90999916,0.6,0.0583333333333333,2500.0,1.91318e-05,0.928127,0.9281078682,0.187947,637,0.010869565217391304,0.0
grid_g0_p2_s1_c6,0,2,1,6,1000000.0,0.6,0.0583333333333333,3000.0,0.00177495,0.809618,0.8078430499999999,0.16872099999999998,627,0.021739130434782608,0.003105590062111801
grid_g6_p2_s1_c3,6,2,1,3,80000000.00000003,0.6,0.0583333333333333,1500.0,0.000393045,0.921899,0.921505955,0.142885,630,0.007763975155279503,0.0
grid_g5_p2_s1_c4,5,2,1,4,38539699.35995991,0.6,0.0583333333333333,2000.0,0.00307752,0.930442,0.92736448,0.144607,617,0.027950310559006212,0.0
grid_g1_p2_s1_c6,1,2,1,6,2075781.6311124284,0.6,0.0583333333333333,3000.0,0.000815531,0.854682,0.8538664690000001,0.181418,632,0.015527950310559006,0.003105590062111801
grid_g4_p2_s1_c5,4,2,1,5,18566355.33445113,0.6,0.0583333333333333,2500.0,0.000103039,1.0318,1.031696961,0.163302,627,0.026397515527950312,0.0
grid_g2_p2_s1_c6,2,2,1,6,4308869.380063765,0.6,0.0583333333333333,3000.0,0.000764033,1.04069,1.0399259669999998,0.20432799999999998,628,0.009316770186335404,0.0
grid_g3_p2_s1_c6,3,2,1,6,8944271.90999916,0.6,0.0583333333333333,3000.0,0.000150375,0.795298,0.7951476249999999,0.185774,641,0.004658385093167702,0.0
grid_g0_p2_s2_c0,0,2,2,0,1000000.0,0.6,0.1166666666666666,0.0,0.000109814,1.92504,1.924930186,0.229819,599,0.06987577639751552,0.0
grid_g6_p2_s1_c4,6,2,1,4,80000000.00000003,0.6,0.0583333333333333,2000.0,0.00164437,0.878619,0.8769746300000001,0.145554,632,0.018633540372670808,0.0
grid_g5_p2_s1_c5,5,2,1,5,38539699.35995991,0.6,0.0583333333333333,2500.0,0.00183914,0.80686,0.8050208600000001,0.149061,623,0.03260869565217391,0.0
grid_g1_p2_s2_c0,1,2,2,0,2075781.6311124284,0.6,0.1166666666666666,0.0,0.00378952,1.78238,1.77859048,0.16660999999999998,602,0.062111801242236024,0.0015527950310559005
grid_g4_p2_s1_c6,4,2,1,6,18566355.33445113,0.6,0.0583333333333333,3000.0,0.00234171,0.773947,0.77160529,0.170596,635,0.013975155279503106,0.0
grid_g2_p2_s2_c0,2,2,2,0,4308869.380063765,0.6,0.1166666666666666,0.0,0.00183241,1.70605,1.70421759,0.139309,615,0.043478260869565216,0.0
grid_g5_p2_s1_c6,5,2,1,6,38539699.35995991,0.6,0.0583333333333333,3000.0,0.000597665,0.775637,0.775039335,0.170043,629,0.023291925465838508,0.0
grid_g3_p2_s2_c0,3,2,2,0,8944271.90999916,0.6,0.1166666666666666,0.0,0.00115808,1.6372,1.63604192,0.138218,617,0.040372670807453416,0.0
grid_g0_p2_s2_c1,0,2,2,1,1000000.0,0.6,0.1166666666666666,500.0,0.000134114,1.8431,1.842965886,0.209774,589,0.06677018633540373,0.012422360248447204
grid_g6_p2_s1_c5,6,2,1,5,80000000.00000003,0.6,0.0583333333333333,2500.0,0.00180813,0.85492,0.85311187,0.167851,636,0.012422360248447204,0.0
grid_g1_p2_s2_c1,1,2,2,1,2075781.6311124284,0.6,0.1166666666666666,500.0,0.00567671,1.7957,1.7900232900000002,0.20663399999999998,601,0.062111801242236024,0.003105590062111801
grid_g4_p2_s2_c0,4,2,2,0,18566355.33445113,0.6,0.1166666666666666,0.0,0.00537154,1.57802,1.57264846,0.11845710000000001,630,0.021739130434782608,0.0
grid_g2_p2_s2_c1,2,2,2,1,4308869.380063765,0.6,0.1166666666666666,500.0,0.00122099,1.6354,1.63417901,0.17840799999999998,614,0.03881987577639751,0.0
grid_g6_p2_s1_c6,6,2,1,6,80000000.00000003,0.6,0.0583333333333333,3000.0,0.00500657,0.671371,0.66636443,0.19503299999999998,641,0.004658385093167702,0.0
grid_g3_p2_s2_c1,3,2,2,1,8944271.90999916,0.6,0.1166666666666666,500.0,0.00145756,1.52104,1.51958244,0.15187399999999998,610,0.03571428571428571,0.0015527950310559005
grid_g0_p2_s2_c2,0,2,2,2,1000000.0,0.6,0.1166666666666666,1000.0,0.00249994,1.75425,1.75175006,0.172948,609,0.04813664596273292,0.006211180124223602
grid_g5_p2_s2_c0,5,2,2,0,38539699.35995991,0.6,0.1166666666666666,0.0,0.0087119,1.52604,1.5173281,0.1146924,626,0.027950310559006212,0.0
grid_g1_p2_s2_c2,1,2,2,2,2075781.6311124284,0.6,0.1166666666666666,1000.0,0.000838654,1.60947,1.608631346,0.16205899999999998,620,0.026397515527950312,0.007763975155279503
grid_g4_p2_s2_c1,4,2,2,1,18566355.33445113,0.6,0.1166666666666666,500.0,0.002392,1.56364,1.561248,0.172614,613,0.046583850931677016,0.0015527950310559005
grid_g2_p2_s2_c2,2,2,2,2,4308869.380063765,0.6,0.1166666666666666,1000.0,0.000709601,1.62672,1.6260103989999999,0.164104,623,0.031055900621118012,0.0015527950310559005
grid_g3_p2_s2_c2,3,2,2,2,8944271.90999916,0.6,0.1166666666666666,1000.0,0.000309191,1.3915,1.391190809,0.158852,616,0.037267080745341616,0.003105590062111801
grid_g0_p2_s2_c3,0,2,2,3,1000000.0,0.6,0.1166666666666666,1500.0,0.00279094,1.63768,1.6348890600000001,0.15184499999999998,620,0.023291925465838508,0.007763975155279503
grid_g6_p2_s2_c0,6,2,2,0,80000000.00000003,0.6,0.1166666666666666,0.0,0.00220748,1.53338,1.53117252,0.1110736,633,0.017080745341614908,0.0
grid_g5_p2_s2_c1,5,2,2,1,38539699.35995991,0.6,0.1166666666666666,500.0,0.000442343,1.41144,1.410997657,0.15301099999999998,616,0.03881987577639751,0.0015527950310559005
grid_g1_p2_s2_c3,1,2,2,3,2075781.6311124284,0.6,0.1166666666666666,1500.0,0.00064294,1.31944,1.3187970599999999,0.18023899999999998,611,0.031055900621118012,0.004658385093167702
grid_g4_p2_s2_c2,4,2,2,2,18566355.33445113,0.6,0.1166666666666666,1000.0,9.361e-05,1.46017,1.46007639,0.151075,621,0.029503105590062112,0.006211180124223602
grid_g2_p2_s2_c3,2,2,2,3,4308869.380063765,0.6,0.1166666666666666,1500.0,0.00046145,1.24572,1.24525855,0.156561,597,0.043478260869565216,0.013975155279503106
grid_g6_p2_s2_c1,6,2,2,1,80000000.00000003,0.6,0.1166666666666666,500.0,0.000676276,1.42889,1.428213724,0.141295,617,0.040372670807453416,0.0015527950310559005
grid_g3_p2_s2_c3,3,2,2,3,8944271.90999916,0.6,0.1166666666666666,1500.0,8.47781e-05,1.24876,1.2486752219000001,0.155767,620,0.03571428571428571,0.0015527950310559005
grid_g0_p2_s2_c4,0,2,2,4,1000000.0,0.6,0.1166666666666666,2000.0,0.00607314,1.5432,1.5371268599999999,0.15064,622,0.018633540372670808,0.007763975155279503
grid_g5_p2_s2_c2,5,2,2,2,38539699.35995991,0.6,0.1166666666666666,1000.0,0.00377023,1.32003,1.31625977,0.146442,619,0.03260869565217391,0.006211180124223602
grid_g1_p2_s2_c4,1,2,2,4,2075781.6311124284,0.6,0.1166666666666666,2000.0,0.00466599,1.58832,1.58365401,0.14912699999999998,626,0.024844720496894408,0.0015527950310559005
grid_g4_p2_s2_c3,4,2,2,3,18566355.33445113,0.6,0.1166666666666666,1500.0,0.00208086,1.18035,1.17826914,0.15465099999999998,602,0.052795031055900624,0.0
grid_g2_p2_s2_c4,2,2,2,4,4308869.380063765,0.6,0.1166666666666666,2000.0,0.00308379,1.41176,1.4086762099999999,0.174175,619,0.023291925465838508,0.0
grid_g6_p2_s2_c2,6,2,2,2,80000000.00000003,0.6,0.1166666666666666,1000.0,0.0014609,1.13132,1.1298591,0.135438,610,0.034161490683229816,0.003105590062111801
grid_g3_p2_s2_c4,3,2,2,4,8944271.90999916,0.6,0.1166666666666666,2000.0,0.000865311,1.24681,1.2459446889999999,0.18501099999999998,619,0.03260869565217391,0.0
grid_g0_p2_s2_c5,0,2,2,5,1000000.0,0.6,0.1166666666666666,2500.0,0.00289511,1.33669,1.3337948899999998,0.164249,620,0.031055900621118012,0.0015527950310559005
grid_g5_p2_s2_c3,5,2,2,3,38539699.35995991,0.6,0.1166666666666666,1500.0,0.00049374,1.21931,1.2188162599999999,0.177112,623,0.03260869565217391,0.0
grid_g4_p2_s2_c4,4,2,2,4,18566355.33445113,0.6,0.1166666666666666,2000.0,0.000526907,1.1358,1.135273093,0.151442,627,0.024844720496894408,0.0015527950310559005
grid_g1_p2_s2_c5,1,2,2,5,2075781.6311124284,0.6,0.1166666666666666,2500.0,0.00210877,1.28113,1.2790212300000001,0.200516,602,0.037267080745341616,0.013975155279503106
grid_g2_p2_s2_c5,2,2,2,5,4308869.380063765,0.6,0.1166666666666666,2500.0,0.000678927,1.19697,1.196291073,0.178528,624,0.029503105590062112,0.0015527950310559005
grid_g3_p2_s2_c5,3,2,2,5,8944271.90999916,0.6,0.1166666666666666,2500.0,0.000242162,1.24428,1.2440378380000001,0.156004,631,0.018633540372670808,0.0
grid_g0_p2_s2_c6,0,2,2,6,1000000.0,0.6,0.1166666666666666,3000.0,0.000337772,1.0714,1.071062228,0.170118,614,0.034161490683229816,0.004658385093167702
grid_g6_p2_s2_c3,6,2,2,3,80000000.00000003,0.6,0.1166666666666666,1500.0,0.00278005,1.38341,1.38062995,0.142307,630,0.021739130434782608,0.0
grid_g5_p2_s2_c4,5,2,2,4,38539699.35995991,0.6,0.1166666666666666,2000.0,0.000749025,0.983243,0.982493975,0.177229,625,0.015527950310559006,0.0
grid_g1_p2_s2_c6,1,2,2,6,2075781.6311124284,0.6,0.1166666666666666,3000.0,0.00287478,1.19638,1.19350522,0.17479599999999998,617,0.034161490683229816,0.006211180124223602
grid_g4_p2_s2_c5,4,2,2,5,18566355.33445113,0.6,0.1166666666666666,2500.0,0.00242,1.00206,0.99964,0.163443,622,0.034161490683229816,0.0
grid_g2_p2_s2_c6,2,2,2,6,4308869.380063765,0.6,0.1166666666666666,3000.0,0.00014886,1.64927,1.64912114,0.176147,626,0.023291925465838508,0.004658385093167702
grid_g0_p2_s3_c0,0,2,3,0,1000000.0,0.6,0.175,0.0,0.00524692,1.972,1.96675308,0.21481999999999998,599,0.05434782608695652,0.015527950310559006
grid_g6_p2_s2_c4,6,2,2,4,80000000.00000003,0.6,0.1166666666666666,2000.0,0.00206335,1.02341,1.02134665,0.14829299999999998,628,0.024844720496894408,0.0
grid_g3_p2_s2_c6,3,2,2,6,8944271.90999916,0.6,0.1166666666666666,3000.0,0.00175988,1.25154,1.24978012,0.175757,629,0.013975155279503106,0.007763975155279503
grid_g5_p2_s2_c5,5,2,2,5,38539699.35995991,0.6,0.1166666666666666,2500.0,0.00054219,0.903563,0.90302081,0.17177699999999999,622,0.034161490683229816,0.0
grid_g1_p2_s3_c0,1,2,3,0,2075781.6311124284,0.6,0.175,0.0,0.00185261,1.91737,1.91551739,0.197146,597,0.07142857142857142,0.0
grid_g4_p2_s2_c6,4,2,2,6,18566355.33445113,0.6,0.1166666666666666,3000.0,0.00161162,1.07745,1.07583838,0.192262,628,0.024844720496894408,0.0
grid_g2_p2_s3_c0,2,2,3,0,4308869.380063765,0.6,0.175,0.0,0.000936552,1.80893,1.807993448,0.207254,607,0.05745341614906832,0.0
grid_g3_p2_s3_c0,3,2,3,0,8944271.90999916,0.6,0.175,0.0,0.0068475,1.67066,1.6638125000000001,0.147558,614,0.046583850931677016,0.0
grid_g6_p2_s2_c5,6,2,2,5,80000000.00000003,0.6,0.1166666666666666,2500.0,1.92011e-05,0.919344,0.9193247989000001,0.170797,628,0.024844720496894408,0.0
grid_g0_p2_s3_c1,0,2,3,1,1000000.0,0.6,0.175,500.0,0.00397816,1.98889,1.98491184,0.288557,571,0.06521739130434782,0.043478260869565216
grid_g5_p2_s2_c6,5,2,2,6,38539699.35995991,0.6,0.1166666666666666,3000.0,0.0051996,0.843885,0.8386854,0.210375,626,0.027950310559006212,0.0
grid_g1_p2_s3_c1,1,2,3,1,2075781.6311124284,0.6,0.175,500.0,0.00108041,1.9435,1.94241959,0.218752,600,0.06055900621118013,0.004658385093167702
grid_g4_p2_s3_c0,4,2,3,0,18566355.33445113,0.6,0.175,0.0,0.00217141,1.63565,1.63347859,0.11888099999999999,624,0.031055900621118012,0.0
grid_g2_p2_s3_c1,2,2,3,1,4308869.380063765,0.6,0.175,500.0,0.002621,1.91554,1.912919,0.248076,612,0.046583850931677016,0.0015527950310559005
grid_g3_p2_s3_c1,3,2,3,1,8944271.90999916,0.6,0.175,500.0,0.00142,1.83674,1.83532,0.18216,601,0.04813664596273292,0.0015527950310559005
grid_g6_p2_s2_c6,6,2,2,6,80000000.00000003,0.6,0.1166666666666666,3000.0,0.00267319,0.689317,0.68664381,0.186544,635,0.013975155279503106,0.0
grid_g0_p2_s3_c2,0,2,3,2,1000000.0,0.6,0.175,1000.0,0.00212579,1.98861,1.98648421,0.307385,581,0.06366459627329192,0.031055900621118012
grid_g5_p2_s3_c0,5,2,3,0,38539699.35995991,0.6,0.175,0.0,0.00259062,1.54757,1.5449793799999998,0.11172180000000001,625,0.027950310559006212,0.0
grid_g4_p2_s3_c1,4,2,3,1,18566355.33445113,0.6,0.175,500.0,0.00195901,1.56988,1.56792099,0.14737,621,0.027950310559006212,0.007763975155279503
grid_g1_p2_s3_c2,1,2,3,2,2075781.6311124284,0.6,0.175,1000.0,0.0031055,1.82502,1.8219145,0.17389,599,0.049689440993788817,0.015527950310559006
grid_g2_p2_s3_c2,2,2,3,2,4308869.380063765,0.6,0.175,1000.0,0.00389451,1.76024,1.75634549,0.15980999999999998,620,0.034161490683229816,0.003105590062111801
grid_g3_p2_s3_c2,3,2,3,2,8944271.90999916,0.6,0.175,1000.0,0.00205059,1.5889,1.58684941,0.206443,604,0.04813664596273292,0.006211180124223602
grid_g5_p2_s3_c1,5,2,3,1,38539699.35995991,0.6,0.175,500.0,0.00298026,1.55128,1.54829974,0.150928,623,0.026397515527950312,0.0015527950310559005
grid_g0_p2_s3_c3,0,2,3,3,1000000.0,0.6,0.175,1500.0,0.00468587,1.89191,1.8872241299999999,0.216087,599,0.05124223602484472,0.007763975155279503
grid_g6_p2_s3_c0,6,2,3,0,80000000.00000003,0.6,0.175,0.0,0.000553271,1.58696,1.586406729,0.11721709999999999,626,0.027950310559006212,0.0
grid_g4_p2_s3_c2,4,2,3,2,18566355.33445113,0.6,0.175,1000.0,0.00111584,1.45458,1.45346416,0.184575,612,0.03571428571428571,0.013975155279503106
grid_g1_p2_s3_c3,1,2,3,3,2075781.6311124284,0.6,0.175,1500.0,0.00805397,1.96791,1.95985603,0.180289,596,0.040372670807453416,0.034161490683229816
grid_g2_p2_s3_c3,2,2,3,3,4308869.380063765,0.6,0.175,1500.0,0.00550121,1.71364,1.70813879,0.16902799999999998,606,0.04192546583850932,0.004658385093167702
grid_g3_p2_s3_c3,3,2,3,3,8944271.90999916,0.6,0.175,1500.0,1.56202e-05,1.57278,1.5727643798000002,0.176153,627,0.023291925465838508,0.0015527950310559005
grid_g0_p2_s3_c4,0,2,3,4,1000000.0,0.6,0.175,2000.0,0.00183127,1.9313,1.92946873,0.25552400000000003,590,0.052795031055900624,0.027950310559006212
grid_g6_p2_s3_c1,6,2,3,1,80000000.00000003,0.6,0.175,500.0,0.000562516,1.4959,1.495337484,0.130829,620,0.03571428571428571,0.0015527950310559005
grid_g5_p2_s3_c2,5,2,3,2,38539699.35995991,0.6,0.175,1000.0,0.000566579,1.31066,1.310093421,0.167302,608,0.03571428571428571,0.006211180124223602
grid_g4_p2_s3_c3,4,2,3,3,18566355.33445113,0.6,0.175,1500.0,0.000552793,1.32921,1.328657207,0.162546,624,0.026397515527950312,0.004658385093167702
grid_g1_p2_s3_c4,1,2,3,4,2075781.6311124284,0.6,0.175,2000.0,0.00603097,1.92464,1.9186090299999998,0.17030499999999998,621,0.031055900621118012,0.0015527950310559005
grid_g2_p2_s3_c4,2,2,3,4,4308869.380063765,0.6,0.175,2000.0,0.000590394,1.55749,1.556899606,0.20876899999999998,618,0.03881987577639751,0.0015527950310559005
grid_g3_p2_s3_c4,3,2,3,4,8944271.90999916,0.6,0.175,2000.0,0.000554666,1.30563,1.305075334,0.18997999999999998,601,0.03881987577639751,0.021739130434782608
grid_g6_p2_s3_c2,6,2,3,2,80000000.00000003,0.6,0.175,1000.0,0.00226556,1.52959,1.5273244400000001,0.14845999999999998,629,0.020186335403726708,0.003105590062111801
grid_g0_p2_s3_c5,0,2,3,5,1000000.0,0.6,0.175,2500.0,0.00302171,1.57987,1.57684829,0.188637,601,0.020186335403726708,0.026397515527950312
grid_g5_p2_s3_c3,5,2,3,3,38539699.35995991,0.6,0.175,1500.0,0.000136019,1.33844,1.3383039810000001,0.152189,629,0.023291925465838508,0.0
grid_g1_p2_s3_c5,1,2,3,5,2075781.6311124284,0.6,0.175,2500.0,0.00227301,1.57241,1.5701369900000002,0.165215,603,0.03571428571428571,0.012422360248447204
grid_g4_p2_s3_c4,4,2,3,4,18566355.33445113,0.6,0.175,2000.0,0.00072973,1.26588,1.26515027,0.18828399999999998,603,0.059006211180124224,0.004658385093167702
grid_g2_p2_s3_c5,2,2,3,5,4308869.380063765,0.6,0.175,2500.0,0.000125663,1.36791,1.367784337,0.221934,609,0.034161490683229816,0.004658385093167702
grid_g3_p2_s3_c5,3,2,3,5,8944271.90999916,0.6,0.175,2500.0,4.72877e-05,1.20023,1.2001827123,0.188043,613,0.04503105590062112,0.0015527950310559005
grid_g0_p2_s3_c6,0,2,3,6,1000000.0,0.6,0.175,3000.0,0.00359746,1.57963,1.5760325400000001,0.189392,607,0.029503105590062112,0.007763975155279503
grid_g5_p2_s3_c4,5,2,3,4,38539699.35995991,0.6,0.175,2000.0,0.0001623,1.18988,1.1897177,0.167794,633,0.017080745341614908,0.0
grid_g6_p2_s3_c3,6,2,3,3,80000000.00000003,0.6,0.175,1500.0,0.000916112,1.53357,1.532653888,0.156339,628,0.024844720496894408,0.0
grid_g1_p2_s3_c6,1,2,3,6,2075781.6311124284,0.6,0.175,3000.0,0.00382777,1.56954,1.56571223,0.204784,612,0.03881987577639751,0.004658385093167702
grid_g4_p2_s3_c5,4,2,3,5,18566355.33445113,0.6,0.175,2500.0,0.0021573,1.08298,1.0808227000000001,0.152898,622,0.024844720496894408,0.009316770186335404
grid_g2_p2_s3_c6,2,2,3,6,4308869.380063765,0.6,0.175,3000.0,0.00339268,1.33083,1.32743732,0.185613,630,0.018633540372670808,0.0015527950310559005
grid_g6_p2_s3_c4,6,2,3,4,80000000.00000003,0.6,0.175,2000.0,0.00291048,0.958845,0.9559345199999999,0.17874199999999998,608,0.043478260869565216,0.0
grid_g3_p2_s3_c6,3,2,3,6,8944271.90999916,0.6,0.175,3000.0,0.000520679,1.28923,1.288709321,0.201327,615,0.04192546583850932,0.003105590062111801
grid_g0_p2_s4_c0,0,2,4,0,1000000.0,0.6,0.2333333333333333,0.0,0.0021492,1.98401,1.9818608,0.227902,585,0.04813664596273292,0.03260869565217391
grid_g5_p2_s3_c5,5,2,3,5,38539699.35995991,0.6,0.175,2500.0,0.00183246,1.0005,0.9986675399999999,0.199259,629,0.023291925465838508,0.0
grid_g1_p2_s4_c0,1,2,4,0,2075781.6311124284,0.6,0.2333333333333333,0.0,0.00126388,1.98403,1.98276612,0.230829,586,0.07298136645962733,0.012422360248447204
grid_g4_p2_s3_c6,4,2,3,6,18566355.33445113,0.6,0.175,3000.0,0.00114404,1.01273,1.01158596,0.20657,631,0.009316770186335404,0.003105590062111801
grid_g2_p2_s4_c0,2,2,4,0,4308869.380063765,0.6,0.2333333333333333,0.0,0.000468279,1.8966,1.8961317210000002,0.21867699999999998,609,0.05434782608695652,0.0
grid_g3_p2_s4_c0,3,2,4,0,8944271.90999916,0.6,0.2333333333333333,0.0,0.000829378,1.78296,1.7821306220000002,0.174307,617,0.04192546583850932,0.0
grid_g0_p2_s4_c1,0,2,4,1,1000000.0,0.6,0.2333333333333333,500.0,0.0038691,1.98907,1.9852009,0.30117499999999997,556,0.062111801242236024,0.062111801242236024
grid_g6_p2_s3_c5,6,2,3,5,80000000.00000003,0.6,0.175,2500.0,0.00130051,0.899664,0.89836349,0.18201,629,0.012422360248447204,0.0
grid_g5_p2_s3_c6,5,2,3,6,38539699.35995991,0.6,0.175,3000.0,0.000630853,0.986538,0.985907147,0.18487299999999998,632,0.018633540372670808,0.0
grid_g1_p2_s4_c1,1,2,4,1,2075781.6311124284,0.6,0.2333333333333333,500.0,0.000800872,1.98752,1.986719128,0.295831,564,0.06055900621118013,0.05434782608695652
grid_g4_p2_s4_c0,4,2,4,0,18566355.33445113,0.6,0.2333333333333333,0.0,0.00470321,1.65907,1.65436679,0.150204,613,0.04813664596273292,0.0
grid_g2_p2_s4_c1,2,2,4,1,4308869.380063765,0.6,0.2333333333333333,500.0,0.00528384,1.97935,1.97406616,0.329416,591,0.04192546583850932,0.037267080745341616
grid_g3_p2_s4_c1,3,2,4,1,8944271.90999916,0.6,0.2333333333333333,500.0,0.000999157,1.80705,1.806050843,0.201882,610,0.043478260869565216,0.007763975155279503
grid_g0_p2_s4_c2,0,2,4,2,1000000.0,0.6,0.2333333333333333,1000.0,0.000917738,1.98162,1.9807022619999999,0.38915,546,0.06521739130434782,0.07763975155279502
grid_g6_p2_s3_c6,6,2,3,6,80000000.00000003,0.6,0.175,3000.0,0.00134334,0.761327,0.75998366,0.215698,636,0.012422360248447204,0.0
grid_g5_p2_s4_c0,5,2,4,0,38539699.35995991,0.6,0.2333333333333333,0.0,0.000681966,1.58046,1.579778034,0.11705099999999999,628,0.024844720496894408,0.0
grid_g1_p2_s4_c2,1,2,4,2,2075781.6311124284,0.6,0.2333333333333333,1000.0,0.00208247,1.98006,1.97797753,0.237369,572,0.046583850931677016,0.059006211180124224
grid_g4_p2_s4_c1,4,2,4,1,18566355.33445113,0.6,0.2333333333333333,500.0,0.00117885,1.66126,1.66008115,0.210345,608,0.05124223602484472,0.003105590062111801
grid_g2_p2_s4_c2,2,2,4,2,4308869.380063765,0.6,0.2333333333333333,1000.0,0.000853075,1.98617,1.985316925,0.21479499999999999,589,0.049689440993788817,0.031055900621118012
grid_g6_p2_s4_c0,6,2,4,0,80000000.00000003,0.6,0.2333333333333333,0.0,0.00174677,1.57972,1.57797323,0.1158477,628,0.024844720496894408,0.0
grid_g0_p2_s4_c3,0,2,4,3,1000000.0,0.6,0.2333333333333333,1500.0,0.00534609,1.98272,1.97737391,0.305157,548,0.04813664596273292,0.08540372670807453
grid_g3_p2_s4_c2,3,2,4,2,8944271.90999916,0.6,0.2333333333333333,1000.0,0.00159061,1.88342,1.88182939,0.18281899999999998,619,0.029503105590062112,0.007763975155279503
grid_g5_p2_s4_c1,5,2,4,1,38539699.35995991,0.6,0.2333333333333333,500.0,0.00189082,1.62294,1.62104918,0.16892,609,0.052795031055900624,0.0
grid_g1_p2_s4_c3,1,2,4,3,2075781.6311124284,0.6,0.2333333333333333,1500.0,0.000624422,1.95939,1.958765578,0.256722,582,0.04503105590062112,0.049689440993788817
grid_g4_p2_s4_c2,4,2,4,2,18566355.33445113,0.6,0.2333333333333333,1000.0,0.00064804,1.64251,1.64186196,0.148347,627,0.018633540372670808,0.003105590062111801
grid_g2_p2_s4_c3,2,2,4,3,4308869.380063765,0.6,0.2333333333333333,1500.0,6.58536e-05,1.86343,1.8633641464,0.22483499999999998,586,0.05434782608695652,0.03260869565217391
grid_g3_p2_s4_c3,3,2,4,3,8944271.90999916,0.6,0.2333333333333333,1500.0,0.00205767,1.75644,1.75438233,0.16945,613,0.03571428571428571,0.003105590062111801
grid_g0_p2_s4_c4,0,2,4,4,1000000.0,0.6,0.2333333333333333,2000.0,0.00225446,1.97561,1.97335554,0.24995699999999998,585,0.04813664596273292,0.040372670807453416
grid_g6_p2_s4_c1,6,2,4,1,80000000.00000003,0.6,0.2333333333333333,500.0,0.00170311,1.56777,1.56606689,0.135507,631,0.018633540372670808,0.0
grid_g5_p2_s4_c2,5,2,4,2,38539699.35995991,0.6,0.2333333333333333,1000.0,0.00187324,1.33156,1.32968676,0.153,624,0.017080745341614908,0.013975155279503106
grid_g1_p2_s4_c4,1,2,4,4,2075781.6311124284,0.6,0.2333333333333333,2000.0,0.00271555,1.97815,1.97543445,0.228399,581,0.05124223602484472,0.043478260869565216
grid_g4_p2_s4_c3,4,2,4,3,18566355.33445113,0.6,0.2333333333333333,1500.0,0.00311448,1.51331,1.51019552,0.189171,613,0.027950310559006212,0.018633540372670808
grid_g2_p2_s4_c4,2,2,4,4,4308869.380063765,0.6,0.2333333333333333,2000.0,3.60082e-05,1.81288,1.8128439918,0.176179,615,0.026397515527950312,0.009316770186335404
grid_g6_p2_s4_c2,6,2,4,2,80000000.00000003,0.6,0.2333333333333333,1000.0,0.00124625,1.91588,1.9146337500000001,0.18033,612,0.031055900621118012,0.0
grid_g0_p2_s4_c5,0,2,4,5,1000000.0,0.6,0.2333333333333333,2500.0,0.00262582,1.98037,1.97774418,0.24737699999999999,594,0.04813664596273292,0.023291925465838508
grid_g3_p2_s4_c4,3,2,4,4,8944271.90999916,0.6,0.2333333333333333,2000.0,0.000223715,1.81643,1.816206285,0.160634,624,0.027950310559006212,0.003105590062111801
grid_g5_p2_s4_c3,5,2,4,3,38539699.35995991,0.6,0.2333333333333333,1500.0,0.00420224,1.62117,1.61696776,0.168564,619,0.020186335403726708,0.012422360248447204
grid_g1_p2_s4_c5,1,2,4,5,2075781.6311124284,0.6,0.2333333333333333,2500.0,0.0042184,1.87115,1.8669316,0.22106399999999998,576,0.059006211180124224,0.040372670807453416
grid_g4_p2_s4_c4,4,2,4,4,18566355.33445113,0.6,0.2333333333333333,2000.0,0.000237376,1.36177,1.3615326239999999,0.170005,627,0.023291925465838508,0.003105590062111801
grid_g2_p2_s4_c5,2,2,4,5,4308869.380063765,0.6,0.2333333333333333,2500.0,0.00141682,1.74746,1.74604318,0.194213,617,0.029503105590062112,0.003105590062111801
grid_g3_p2_s4_c5,3,2,4,5,8944271.90999916,0.6,0.2333333333333333,2500.0,0.00168537,1.85422,1.85253463,0.18241,616,0.020186335403726708,0.009316770186335404
grid_g0_p2_s4_c6,0,2,4,6,1000000.0,0.6,0.2333333333333333,3000.0,0.00188868,1.9081,1.90621132,0.238334,599,0.03571428571428571,0.017080745341614908
grid_g6_p2_s4_c3,6,2,4,3,80000000.00000003,0.6,0.2333333333333333,1500.0,0.00448708,1.20313,1.19864292,0.169021,603,0.046583850931677016,0.0
grid_g5_p2_s4_c4,5,2,4,4,38539699.35995991,0.6,0.2333333333333333,2000.0,0.00189016,1.20138,1.1994898399999998,0.17332599999999998,600,0.062111801242236024,0.006211180124223602
grid_g1_p2_s4_c6,1,2,4,6,2075781.6311124284,0.6,0.2333333333333333,3000.0,0.00146188,1.94741,1.9459481200000002,0.287736,611,0.027950310559006212,0.015527950310559006
grid_g4_p2_s4_c5,4,2,4,5,18566355.33445113,0.6,0.2333333333333333,2500.0,0.000146762,1.39366,1.393513238,0.19644499999999998,624,0.027950310559006212,0.003105590062111801
grid_g2_p2_s4_c6,2,2,4,6,4308869.380063765,0.6,0.2333333333333333,3000.0,0.000476557,1.64728,1.646803443,0.214659,616,0.029503105590062112,0.012422360248447204
grid_g0_p2_s5_c0,0,2,5,0,1000000.0,0.6,0.2916666666666666,0.0,0.00344842,1.98988,1.98643158,0.235168,556,0.055900621118012424,0.07142857142857142
grid_g3_p2_s4_c6,3,2,4,6,8944271.90999916,0.6,0.2333333333333333,3000.0,0.000343433,1.52631,1.525966567,0.18112599999999998,616,0.024844720496894408,0.018633540372670808
grid_g6_p2_s4_c4,6,2,4,4,80000000.00000003,0.6,0.2333333333333333,2000.0,0.00181815,1.49471,1.49289185,0.21648699999999999,613,0.04813664596273292,0.0
grid_g5_p2_s4_c5,5,2,4,5,38539699.35995991,0.6,0.2333333333333333,2500.0,0.000525851,1.0812,1.080674149,0.21657099999999999,621,0.034161490683229816,0.0015527950310559005
grid_g1_p2_s5_c0,1,2,5,0,2075781.6311124284,0.6,0.2916666666666666,0.0,0.00181374,1.98853,1.98671626,0.256759,582,0.06832298136645963,0.023291925465838508
grid_g4_p2_s4_c6,4,2,4,6,18566355.33445113,0.6,0.2333333333333333,3000.0,0.000384235,1.94587,1.945485765,0.179061,629,0.018633540372670808,0.003105590062111801
grid_g2_p2_s5_c0,2,2,5,0,4308869.380063765,0.6,0.2916666666666666,0.0,0.000444438,1.91394,1.913495562,0.18755,606,0.052795031055900624,0.003105590062111801
grid_g0_p2_s5_c1,0,2,5,1,1000000.0,0.6,0.2916666666666666,500.0,0.000127007,1.98821,1.9880829930000001,0.33472999999999997,517,0.05745341614906832,0.12422360248447205
grid_g3_p2_s5_c0,3,2,5,0,8944271.90999916,0.6,0.2916666666666666,0.0,0.000423075,1.83889,1.8384669249999999,0.201184,603,0.06055900621118013,0.0
grid_g6_p2_s4_c5,6,2,4,5,80000000.00000003,0.6,0.2333333333333333,2500.0,0.000175131,0.983268,0.983092869,0.205568,613,0.04813664596273292,0.0
grid_g5_p2_s4_c6,5,2,4,6,38539699.35995991,0.6,0.2333333333333333,3000.0,0.000982477,1.10972,1.108737523,0.198493,615,0.04503105590062112,0.0
grid_g1_p2_s5_c1,1,2,5,1,2075781.6311124284,0.6,0.2916666666666666,500.0,0.00439564,1.98387,1.97947436,0.274524,525,0.06832298136645963,0.10714285714285714
grid_g4_p2_s5_c0,4,2,5,0,18566355.33445113,0.6,0.2916666666666666,0.0,0.00117355,1.7101,1.7089264499999999,0.134298,622,0.03260869565217391,0.0
grid_g2_p2_s5_c1,2,2,5,1,4308869.380063765,0.6,0.2916666666666666,500.0,0.000100689,1.98008,1.9799793110000001,0.22443,568,0.06366459627329192,0.049689440993788817
grid_g3_p2_s5_c1,3,2,5,1,8944271.90999916,0.6,0.2916666666666666,500.0,0.00508571,1.92533,1.92024429,0.259543,597,0.05434782608695652,0.007763975155279503
grid_g0_p2_s5_c2,0,2,5,2,1000000.0,0.6,0.2916666666666666,1000.0,0.000472773,1.98974,1.989267227,0.306802,468,0.07763975155279502,0.18478260869565216
grid_g6_p2_s4_c6,6,2,4,6,80000000.00000003,0.6,0.2333333333333333,3000.0,0.000328155,1.24598,1.245651845,0.19633499999999998,629,0.023291925465838508,0.0
grid_g5_p2_s5_c0,5,2,5,0,38539699.35995991,0.6,0.2916666666666666,0.0,0.001402,1.56369,1.5622880000000001,0.138239,623,0.029503105590062112,0.0
grid_g4_p2_s5_c1,4,2,5,1,18566355.33445113,0.6,0.2916666666666666,500.0,0.00490081,1.74809,1.7431891899999998,0.211676,610,0.049689440993788817,0.0015527950310559005
grid_g1_p2_s5_c2,1,2,5,2,2075781.6311124284,0.6,0.2916666666666666,1000.0,0.00356761,1.98937,1.9858023900000001,0.321264,527,0.062111801242236024,0.11180124223602485
grid_g2_p2_s5_c2,2,2,5,2,4308869.380063765,0.6,0.2916666666666666,1000.0,0.00177882,1.98789,1.98611118,0.282483,568,0.07453416149068323,0.043478260869565216
grid_g3_p2_s5_c2,3,2,5,2,8944271.90999916,0.6,0.2916666666666666,1000.0,0.005888,1.97363,1.967742,0.290904,603,0.04813664596273292,0.015527950310559006
grid_g0_p2_s5_c3,0,2,5,3,1000000.0,0.6,0.2916666666666666,1500.0,0.010755,1.97962,1.9688649999999999,0.2828,503,0.07142857142857142,0.12732919254658384
grid_g6_p2_s5_c0,6,2,5,0,80000000.00000003,0.6,0.2916666666666666,0.0,0.00111402,1.50402,1.50290598,0.0981022,631,0.018633540372670808,0.0
grid_g5_p2_s5_c1,5,2,5,1,38539699.35995991,0.6,0.2916666666666666,500.0,0.00166504,1.5586,1.55693496,0.155339,616,0.037267080745341616,0.0015527950310559005
grid_g4_p2_s5_c2,4,2,5,2,18566355.33445113,0.6,0.2916666666666666,1000.0,0.00141739,1.71198,1.71056261,0.21395999999999998,614,0.04192546583850932,0.004658385093167702
grid_g1_p2_s5_c3,1,2,5,3,2075781.6311124284,0.6,0.2916666666666666,1500.0,0.000952265,1.97564,1.974687735,0.32738,542,0.05124223602484472,0.09782608695652174
grid_g2_p2_s5_c3,2,2,5,3,4308869.380063765,0.6,0.2916666666666666,1500.0,0.000734978,1.97247,1.9717350219999998,0.23280299999999998,557,0.07298136645962733,0.059006211180124224
grid_g6_p2_s5_c1,6,2,5,1,80000000.00000003,0.6,0.2916666666666666,500.0,0.00129891,1.45293,1.45163109,0.186055,613,0.046583850931677016,0.0015527950310559005
grid_g3_p2_s5_c3,3,2,5,3,8944271.90999916,0.6,0.2916666666666666,1500.0,0.00171361,1.98923,1.9875163900000001,0.223513,594,0.049689440993788817,0.026397515527950312
grid_g0_p2_s5_c4,0,2,5,4,1000000.0,0.6,0.2916666666666666,2000.0,0.00111172,1.98288,1.98176828,0.39998,511,0.06832298136645963,0.13354037267080746
grid_g5_p2_s5_c2,5,2,5,2,38539699.35995991,0.6,0.2916666666666666,1000.0,0.000239226,1.58239,1.582150774,0.169071,607,0.018633540372670808,0.027950310559006212
grid_g1_p2_s5_c4,1,2,5,4,2075781.6311124284,0.6,0.2916666666666666,2000.0,0.00182713,1.9849,1.9830728700000002,0.251137,551,0.05745341614906832,0.08229813664596274
grid_g4_p2_s5_c3,4,2,5,3,18566355.33445113,0.6,0.2916666666666666,1500.0,0.000606872,1.88003,1.879423128,0.147954,616,0.029503105590062112,0.013975155279503106
grid_g2_p2_s5_c4,2,2,5,4,4308869.380063765,0.6,0.2916666666666666,2000.0,0.00403889,1.98955,1.98551111,0.277815,592,0.040372670807453416,0.03571428571428571
grid_g3_p2_s5_c4,3,2,5,4,8944271.90999916,0.6,0.2916666666666666,2000.0,7.51966e-05,1.98917,1.9890948034,0.21034899999999998,605,0.04192546583850932,0.017080745341614908
grid_g6_p2_s5_c2,6,2,5,2,80000000.00000003,0.6,0.2916666666666666,1000.0,0.000168583,1.48514,1.484971417,0.19752699999999998,620,0.03260869565217391,0.004658385093167702
grid_g0_p2_s5_c5,0,2,5,5,1000000.0,0.6,0.2916666666666666,2500.0,0.00172389,1.98663,1.9849061099999998,0.300548,564,0.043478260869565216,0.06366459627329192
grid_g5_p2_s5_c3,5,2,5,3,38539699.35995991,0.6,0.2916666666666666,1500.0,0.000365674,1.95003,1.949664326,0.14919,633,0.015527950310559006,0.0015527950310559005
grid_g4_p2_s5_c4,4,2,5,4,18566355.33445113,0.6,0.2916666666666666,2000.0,0.00201791,1.5199,1.51788209,0.16980299999999998,623,0.021739130434782608,0.0015527950310559005
grid_g1_p2_s5_c5,1,2,5,5,2075781.6311124284,0.6,0.2916666666666666,2500.0,0.00145397,1.98986,1.98840603,0.310703,574,0.07298136645962733,0.026397515527950312
grid_g2_p2_s5_c5,2,2,5,5,4308869.380063765,0.6,0.2916666666666666,2500.0,0.00360326,1.96093,1.95732674,0.191321,559,0.04813664596273292,0.07608695652173914
grid_g6_p2_s5_c3,6,2,5,3,80000000.00000003,0.6,0.2916666666666666,1500.0,0.00248345,1.47289,1.47040655,0.162981,617,0.040372670807453416,0.0015527950310559005
grid_g3_p2_s5_c5,3,2,5,5,8944271.90999916,0.6,0.2916666666666666,2500.0,0.000563816,1.84765,1.847086184,0.19425599999999998,606,0.046583850931677016,0.007763975155279503
grid_g0_p2_s5_c6,0,2,5,6,1000000.0,0.6,0.2916666666666666,3000.0,0.00177114,1.97861,1.97683886,0.3474,595,0.049689440993788817,0.020186335403726708
grid_g5_p2_s5_c4,5,2,5,4,38539699.35995991,0.6,0.2916666666666666,2000.0,0.000377662,1.27045,1.270072338,0.140376,636,0.006211180124223602,0.004658385093167702
grid_g4_p2_s5_c5,4,2,5,5,18566355.33445113,0.6,0.2916666666666666,2500.0,0.00223386,1.89714,1.89490614,0.181676,618,0.037267080745341616,0.0015527950310559005
grid_g1_p2_s5_c6,1,2,5,6,2075781.6311124284,0.6,0.2916666666666666,3000.0,0.00736791,1.94508,1.93771209,0.279584,563,0.04813664596273292,0.06366459627329192
grid_g2_p2_s5_c6,2,2,5,6,4308869.380063765,0.6,0.2916666666666666,3000.0,4.25415e-05,1.95991,1.9598674585,0.261695,601,0.043478260869565216,0.021739130434782608
grid_g3_p2_s5_c6,3,2,5,6,8944271.90999916,0.6,0.2916666666666666,3000.0,0.00226433,1.90554,1.90327567,0.240958,615,0.03881987577639751,0.003105590062111801
grid_g6_p2_s5_c4,6,2,5,4,80000000.00000003,0.6,0.2916666666666666,2000.0,0.00157856,1.1927,1.19112144,0.167478,618,0.034161490683229816,0.006211180124223602
grid_g0_p2_s6_c0,0,2,6,0,1000000.0,0.6,0.35,0.0,0.0027542,1.98598,1.9832258,0.245435,544,0.029503105590062112,0.10248447204968944
grid_g5_p2_s5_c5,5,2,5,5,38539699.35995991,0.6,0.2916666666666666,2500.0,0.00280497,1.30169,1.29888503,0.168839,634,0.013975155279503106,0.0015527950310559005
grid_g1_p2_s6_c0,1,2,6,0,2075781.6311124284,0.6,0.35,0.0,0.00211144,1.98077,1.97865856,0.241763,565,0.059006211180124224,0.052795031055900624
grid_g4_p2_s5_c6,4,2,5,6,18566355.33445113,0.6,0.2916666666666666,3000.0,0.000242119,1.86356,1.8633178810000002,0.161025,630,0.018633540372670808,0.0015527950310559005
grid_g2_p2_s6_c0,2,2,6,0,4308869.380063765,0.6,0.35,0.0,0.00231153,1.98203,1.97971847,0.23335999999999998,588,0.055900621118012424,0.031055900621118012
grid_g3_p2_s6_c0,3,2,6,0,8944271.90999916,0.6,0.35,0.0,0.00819489,1.8963,1.8881051100000001,0.217964,612,0.040372670807453416,0.003105590062111801
grid_g6_p2_s5_c5,6,2,5,5,80000000.00000003,0.6,0.2916666666666666,2500.0,0.00530783,1.02391,1.01860217,0.188743,606,0.059006211180124224,0.0
grid_g0_p2_s6_c1,0,2,6,1,1000000.0,0.6,0.35,500.0,0.00704988,1.98427,1.97722012,0.280349,457,0.04813664596273292,0.18478260869565216
grid_g5_p2_s5_c6,5,2,5,6,38539699.35995991,0.6,0.2916666666666666,3000.0,0.000876998,1.23936,1.238483002,0.200547,621,0.03571428571428571,0.0
grid_g1_p2_s6_c1,1,2,6,1,2075781.6311124284,0.6,0.35,500.0,0.0001441,1.98835,1.9882059,0.352307,508,0.062111801242236024,0.12888198757763975
grid_g4_p2_s6_c0,4,2,6,0,18566355.33445113,0.6,0.35,0.0,0.00137231,1.79176,1.79038769,0.23231,627,0.026397515527950312,0.0
grid_g2_p2_s6_c1,2,2,6,1,4308869.380063765,0.6,0.35,500.0,0.00401595,1.98553,1.98151405,0.457442,535,0.06521739130434782,0.08695652173913043
grid_g3_p2_s6_c1,3,2,6,1,8944271.90999916,0.6,0.35,500.0,0.00574405,1.98819,1.98244595,0.22642199999999998,575,0.06987577639751552,0.027950310559006212
grid_g6_p2_s5_c6,6,2,5,6,80000000.00000003,0.6,0.2916666666666666,3000.0,0.00116013,1.34742,1.3462598700000001,0.177782,628,0.024844720496894408,0.0
grid_g0_p2_s6_c2,0,2,6,2,1000000.0,0.6,0.35,1000.0,0.00781832,1.98655,1.97873168,0.28285299999999997,477,0.062111801242236024,0.17701863354037267
grid_g5_p2_s6_c0,5,2,6,0,38539699.35995991,0.6,0.35,0.0,0.000149147,1.73471,1.734560853,0.125538,627,0.024844720496894408,0.0
grid_g4_p2_s6_c1,4,2,6,1,18566355.33445113,0.6,0.35,500.0,0.000606218,1.75349,1.752883782,0.238343,611,0.04503105590062112,0.0015527950310559005
grid_g1_p2_s6_c2,1,2,6,2,2075781.6311124284,0.6,0.35,1000.0,0.00111491,1.97746,1.97634509,0.312503,507,0.08385093167701864,0.11956521739130435
grid_g2_p2_s6_c2,2,2,6,2,4308869.380063765,0.6,0.35,1000.0,0.00514376,1.98486,1.9797162400000001,0.292895,521,0.049689440993788817,0.11956521739130435
grid_g3_p2_s6_c2,3,2,6,2,8944271.90999916,0.6,0.35,1000.0,0.0079712,1.98778,1.9798088,0.266622,570,0.055900621118012424,0.04813664596273292
grid_g0_p2_s6_c3,0,2,6,3,1000000.0,0.6,0.35,1500.0,0.0016199,1.98964,1.9880201000000002,0.306809,439,0.059006211180124224,0.2080745341614907
grid_g6_p2_s6_c0,6,2,6,0,80000000.00000003,0.6,0.35,0.0,0.0020805,1.57596,1.5738795,0.1176411,635,0.010869565217391304,0.0
grid_g5_p2_s6_c1,5,2,6,1,38539699.35995991,0.6,0.35,500.0,0.00162479,1.7262,1.72457521,0.15123899999999998,625,0.024844720496894408,0.0
grid_g1_p2_s6_c3,1,2,6,3,2075781.6311124284,0.6,0.35,1500.0,0.00270094,1.98696,1.98425906,0.267582,497,0.052795031055900624,0.14285714285714285
grid_g4_p2_s6_c2,4,2,6,2,18566355.33445113,0.6,0.35,1000.0,0.000945849,1.69364,1.692694151,0.231846,606,0.03881987577639751,0.010869565217391304
grid_g2_p2_s6_c3,2,2,6,3,4308869.380063765,0.6,0.35,1500.0,0.000445691,1.98677,1.986324309,0.365267,532,0.07453416149068323,0.09316770186335403
grid_g3_p2_s6_c3,3,2,6,3,8944271.90999916,0.6,0.35,1500.0,0.00103372,1.95267,1.95163628,0.223496,575,0.04503105590062112,0.059006211180124224
grid_g6_p2_s6_c1,6,2,6,1,80000000.00000003,0.6,0.35,500.0,0.000128192,1.53906,1.538931808,0.15318199999999998,617,0.040372670807453416,0.0015527950310559005
grid_g0_p2_s6_c4,0,2,6,4,1000000.0,0.6,0.35,2000.0,0.000161075,1.98807,1.987908925,0.385204,487,0.06832298136645963,0.15993788819875776
grid_g5_p2_s6_c2,5,2,6,2,38539699.35995991,0.6,0.35,1000.0,0.000302334,1.96965,1.969347666,0.170012,628,0.021739130434782608,0.0015527950310559005
grid_g4_p2_s6_c3,4,2,6,3,18566355.33445113,0.6,0.35,1500.0,0.00208591,1.87809,1.8760040900000001,0.265517,600,0.046583850931677016,0.017080745341614908
grid_g1_p2_s6_c4,1,2,6,4,2075781.6311124284,0.6,0.35,2000.0,0.00692364,1.9869,1.9799763600000002,0.436562,491,0.06366459627329192,0.15838509316770186
grid_g2_p2_s6_c4,2,2,6,4,4308869.380063765,0.6,0.35,2000.0,0.000409772,1.98663,1.9862202279999999,0.294768,543,0.06677018633540373,0.07298136645962733
grid_g3_p2_s6_c4,3,2,6,4,8944271.90999916,0.6,0.35,2000.0,0.00467405,1.98819,1.98351595,0.238368,564,0.04192546583850932,0.07608695652173914
grid_g6_p2_s6_c2,6,2,6,2,80000000.00000003,0.6,0.35,1000.0,0.00183238,1.75676,1.7549276200000001,0.18631899999999998,614,0.03571428571428571,0.010869565217391304
grid_g0_p2_s6_c5,0,2,6,5,1000000.0,0.6,0.35,2500.0,0.000355094,1.97496,1.9746049060000002,0.269179,489,0.05124223602484472,0.16459627329192547
grid_g5_p2_s6_c3,5,2,6,3,38539699.35995991,0.6,0.35,1500.0,0.00589332,1.50948,1.50358668,0.17303,628,0.018633540372670808,0.006211180124223602
grid_g1_p2_s6_c5,1,2,6,5,2075781.6311124284,0.6,0.35,2500.0,0.000984302,1.97627,1.975285698,0.386361,513,0.06832298136645963,0.12267080745341614
grid_g4_p2_s6_c4,4,2,6,4,18566355.33445113,0.6,0.35,2000.0,0.0011616,1.97949,1.9783283999999999,0.18157099999999998,612,0.031055900621118012,0.017080745341614908
grid_g2_p2_s6_c5,2,2,6,5,4308869.380063765,0.6,0.35,2500.0,0.00114279,1.96782,1.9666772099999998,0.256615,541,0.043478260869565216,0.09937888198757763
grid_g3_p2_s6_c5,3,2,6,5,8944271.90999916,0.6,0.35,2500.0,0.000986633,1.98988,1.9888933670000002,0.258642,572,0.055900621118012424,0.052795031055900624
grid_g0_p2_s6_c6,0,2,6,6,1000000.0,0.6,0.35,3000.0,0.000324674,1.98741,1.9870853259999999,0.298714,512,0.05124223602484472,0.13043478260869565
grid_g6_p2_s6_c3,6,2,6,3,80000000.00000003,0.6,0.35,1500.0,0.00309378,1.55603,1.55293622,0.159057,625,0.029503105590062112,0.0
grid_g5_p2_s6_c4,5,2,6,4,38539699.35995991,0.6,0.35,2000.0,0.00538871,1.68353,1.67814129,0.142915,631,0.015527950310559006,0.004658385093167702
grid_g4_p2_s6_c5,4,2,6,5,18566355.33445113,0.6,0.35,2500.0,0.0102741,1.98643,1.9761559,0.265567,605,0.04503105590062112,0.013975155279503106
grid_g1_p2_s6_c6,1,2,6,6,2075781.6311124284,0.6,0.35,3000.0,5.14938e-05,1.97966,1.9796085062,0.264341,532,0.05745341614906832,0.10403726708074534
grid_g2_p2_s6_c6,2,2,6,6,4308869.380063765,0.6,0.35,3000.0,0.00127006,1.9887,1.98742994,0.300414,569,0.046583850931677016,0.06677018633540373
grid_g3_p2_s6_c6,3,2,6,6,8944271.90999916,0.6,0.35,3000.0,0.00217586,1.77791,1.7757341400000002,0.174404,570,0.020186335403726708,0.08540372670807453
grid_g0_p3_s0_c0,0,3,0,0,1000000.0,0.675,0.0,0.0,0.00159712,1.23504,1.23344288,0.10184889999999999,617,0.040372670807453416,0.0
grid_g6_p2_s6_c4,6,2,6,4,80000000.00000003,0.6,0.35,2000.0,0.000376471,1.32342,1.323043529,0.170924,626,0.027950310559006212,0.0
grid_g5_p2_s6_c5,5,2,6,5,38539699.35995991,0.6,0.35,2500.0,0.000916191,1.51843,1.517513809,0.177344,621,0.021739130434782608,0.007763975155279503
grid_g1_p3_s0_c0,1,3,0,0,2075781.6311124284,0.675,0.0,0.0,0.00483711,1.16521,1.16037289,0.0854151,620,0.03571428571428571,0.0
grid_g4_p2_s6_c6,4,2,6,6,18566355.33445113,0.6,0.35,3000.0,0.00283586,1.62161,1.61877414,0.177725,563,0.026397515527950312,0.07453416149068323
grid_g2_p3_s0_c0,2,3,0,0,4308869.380063765,0.675,0.0,0.0,0.00534453,1.1236,1.11825547,0.08901519999999999,628,0.024844720496894408,0.0
grid_g3_p3_s0_c0,3,3,0,0,8944271.90999916,0.675,0.0,0.0,0.001755,1.12888,1.1271250000000002,0.09016270000000001,634,0.015527950310559006,0.0
grid_g6_p2_s6_c5,6,2,6,5,80000000.00000003,0.6,0.35,2500.0,0.00236815,1.10022,1.09785185,0.15895199999999998,627,0.024844720496894408,0.0015527950310559005
grid_g0_p3_s0_c1,0,3,0,1,1000000.0,0.675,0.0,500.0,0.00252774,1.0211,1.01857226,0.124275,625,0.029503105590062112,0.0
grid_g5_p2_s6_c6,5,2,6,6,38539699.35995991,0.6,0.35,3000.0,0.00444855,1.51404,1.50959145,0.23327299999999998,605,0.04192546583850932,0.010869565217391304
grid_g1_p3_s0_c1,1,3,0,1,2075781.6311124284,0.675,0.0,500.0,0.00195097,1.00806,1.00610903,0.124419,621,0.034161490683229816,0.0
grid_g4_p3_s0_c0,4,3,0,0,18566355.33445113,0.675,0.0,0.0,0.00350366,1.12797,1.12446634,0.08828140000000001,632,0.017080745341614908,0.0
grid_g2_p3_s0_c1,2,3,0,1,4308869.380063765,0.675,0.0,500.0,0.00243808,1.08049,1.07805192,0.129525,623,0.03260869565217391,0.0
grid_g3_p3_s0_c1,3,3,0,1,8944271.90999916,0.675,0.0,500.0,0.000905333,1.05124,1.050334667,0.137574,624,0.031055900621118012,0.0
grid_g6_p2_s6_c6,6,2,6,6,80000000.00000003,0.6,0.35,3000.0,0.0029101,1.11305,1.1101399,0.187655,620,0.037267080745341616,0.0
grid_g0_p3_s0_c2,0,3,0,2,1000000.0,0.675,0.0,1000.0,0.00200521,0.900134,0.89812879,0.15231599999999998,619,0.024844720496894408,0.0
grid_g5_p3_s0_c0,5,3,0,0,38539699.35995991,0.675,0.0,0.0,0.00148776,1.2048,1.20331224,0.0964256,628,0.024844720496894408,0.0
grid_g1_p3_s0_c2,1,3,0,2,2075781.6311124284,0.675,0.0,1000.0,0.00133348,0.944355,0.9430215200000001,0.134991,619,0.026397515527950312,0.0
grid_g4_p3_s0_c1,4,3,0,1,18566355.33445113,0.675,0.0,500.0,0.00208602,1.12747,1.12538398,0.132295,619,0.03881987577639751,0.0
grid_g2_p3_s0_c2,2,3,0,2,4308869.380063765,0.675,0.0,1000.0,0.000258273,1.13338,1.133121727,0.146419,629,0.023291925465838508,0.0
grid_g3_p3_s0_c2,3,3,0,2,8944271.90999916,0.675,0.0,1000.0,0.00050083,1.12419,1.12368917,0.135161,634,0.015527950310559006,0.0
grid_g0_p3_s0_c3,0,3,0,3,1000000.0,0.675,0.0,1500.0,0.00013389,0.834175,0.83404111,0.15561999999999998,630,0.021739130434782608,0.0
grid_g6_p3_s0_c0,6,3,0,0,80000000.00000003,0.675,0.0,0.0,0.000969254,1.19735,1.196380746,0.10517460000000001,630,0.021739130434782608,0.0
grid_g5_p3_s0_c1,5,3,0,1,38539699.35995991,0.675,0.0,500.0,0.000326131,1.14215,1.141823869,0.125243,613,0.043478260869565216,0.0
grid_g1_p3_s0_c3,1,3,0,3,2075781.6311124284,0.675,0.0,1500.0,0.00619982,0.770646,0.7644461800000001,0.16555899999999998,632,0.012422360248447204,0.0
grid_g4_p3_s0_c2,4,3,0,2,18566355.33445113,0.675,0.0,1000.0,0.0017229,1.10211,1.1003870999999998,0.129797,630,0.021739130434782608,0.0
grid_g2_p3_s0_c3,2,3,0,3,4308869.380063765,0.675,0.0,1500.0,0.000940319,0.770925,0.769984681,0.16025499999999998,627,0.013975155279503106,0.0
grid_g3_p3_s0_c3,3,3,0,3,8944271.90999916,0.675,0.0,1500.0,0.00238006,1.05292,1.0505399400000002,0.15690199999999999,623,0.03260869565217391,0.0
grid_g0_p3_s0_c4,0,3,0,4,1000000.0,0.675,0.0,2000.0,0.000119905,0.679191,0.679071095,0.16422599999999998,631,0.020186335403726708,0.0
grid_g6_p3_s0_c1,6,3,0,1,80000000.00000003,0.675,0.0,500.0,0.0010449,1.07326,1.0722151000000002,0.134077,619,0.03881987577639751,0.0
grid_g5_p3_s0_c2,5,3,0,2,38539699.35995991,0.675,0.0,1000.0,0.0035382,0.936297,0.9327588,0.135622,611,0.037267080745341616,0.0
grid_g1_p3_s0_c4,1,3,0,4,2075781.6311124284,0.675,0.0,2000.0,0.00053434,0.700193,0.69965866,0.182671,639,0.007763975155279503,0.0
grid_g4_p3_s0_c3,4,3,0,3,18566355.33445113,0.675,0.0,1500.0,0.00118196,0.952937,0.95175504,0.14052,631,0.020186335403726708,0.0
grid_g2_p3_s0_c4,2,3,0,4,4308869.380063765,0.675,0.0,2000.0,0.00242205,0.760528,0.75810595,0.175027,637,0.010869565217391304,0.0
grid_g6_p3_s0_c2,6,3,0,2,80000000.00000003,0.675,0.0,1000.0,0.000671695,0.98532,0.984648305,0.15367899999999998,616,0.031055900621118012,0.0
grid_g3_p3_s0_c4,3,3,0,4,8944271.90999916,0.675,0.0,2000.0,0.000733192,0.785502,0.784768808,0.183967,631,0.020186335403726708,0.0
grid_g0_p3_s0_c5,0,3,0,5,1000000.0,0.675,0.0,2500.0,0.00386681,0.620411,0.61654419,0.203677,638,0.009316770186335404,0.0
grid_g5_p3_s0_c3,5,3,0,3,38539699.35995991,0.675,0.0,1500.0,0.00116069,0.879982,0.8788213100000001,0.165405,628,0.024844720496894408,0.0
grid_g1_p3_s0_c5,1,3,0,5,2075781.6311124284,0.675,0.0,2500.0,0.0081566,0.622247,0.6140904,0.179762,638,0.009316770186335404,0.0
grid_g4_p3_s0_c4,4,3,0,4,18566355.33445113,0.675,0.0,2000.0,0.00109738,0.793074,0.7919766199999999,0.164676,643,0.0015527950310559005,0.0
grid_g2_p3_s0_c5,2,3,0,5,4308869.380063765,0.675,0.0,2500.0,0.00213107,0.625174,0.62304293,0.196436,639,0.007763975155279503,0.0
grid_g0_p3_s0_c6,0,3,0,6,1000000.0,0.675,0.0,3000.0,0.00473334,0.547304,0.54257066,0.205783,638,0.009316770186335404,0.0
grid_g3_p3_s0_c5,3,3,0,5,8944271.90999916,0.675,0.0,2500.0,0.00290125,0.637237,0.6343357500000001,0.18724,639,0.007763975155279503,0.0
grid_g6_p3_s0_c3,6,3,0,3,80000000.00000003,0.675,0.0,1500.0,0.00341687,0.932303,0.92888613,0.17654599999999998,620,0.037267080745341616,0.0
grid_g5_p3_s0_c4,5,3,0,4,38539699.35995991,0.675,0.0,2000.0,0.00175706,0.781111,0.77935394,0.174676,627,0.026397515527950312,0.0
grid_g1_p3_s0_c6,1,3,0,6,2075781.6311124284,0.675,0.0,3000.0,0.0028688,0.559115,0.5562462,0.20352599999999998,633,0.017080745341614908,0.0
grid_g4_p3_s0_c5,4,3,0,5,18566355.33445113,0.675,0.0,2500.0,0.0070262,0.649558,0.6425318,0.18357199999999999,642,0.003105590062111801,0.0
grid_g2_p3_s0_c6,2,3,0,6,4308869.380063765,0.675,0.0,3000.0,0.00442868,0.572189,0.56776032,0.199785,640,0.006211180124223602,0.0
grid_g3_p3_s0_c6,3,3,0,6,8944271.90999916,0.675,0.0,3000.0,0.00454958,0.579998,0.57544842,0.205811,643,0.0015527950310559005,0.0
grid_g0_p3_s1_c0,0,3,1,0,1000000.0,0.675,0.0583333333333333,0.0,0.0020689,1.44633,1.4442610999999999,0.16494,606,0.059006211180124224,0.0
grid_g5_p3_s0_c5,5,3,0,5,38539699.35995991,0.675,0.0,2500.0,0.000671822,0.654742,0.654070178,0.190877,634,0.015527950310559006,0.0
grid_g6_p3_s0_c4,6,3,0,4,80000000.00000003,0.675,0.0,2000.0,0.000956231,0.805936,0.804979769,0.194516,620,0.037267080745341616,0.0
grid_g1_p3_s1_c0,1,3,1,0,2075781.6311124284,0.675,0.0583333333333333,0.0,0.00249524,1.37596,1.37346476,0.14029,617,0.04192546583850932,0.0
grid_g4_p3_s0_c6,4,3,0,6,18566355.33445113,0.675,0.0,3000.0,0.00229051,0.589899,0.5876084899999999,0.204959,642,0.003105590062111801,0.0
grid_g2_p3_s1_c0,2,3,1,0,4308869.380063765,0.675,0.0583333333333333,0.0,0.001515,1.33533,1.333815,0.140041,620,0.037267080745341616,0.0
grid_g6_p3_s0_c5,6,3,0,5,80000000.00000003,0.675,0.0,2500.0,0.00169771,0.672912,0.67121429,0.19772599999999999,623,0.03260869565217391,0.0
grid_g3_p3_s1_c0,3,3,1,0,8944271.90999916,0.675,0.0583333333333333,0.0,0.00133761,1.26628,1.26494239,0.1136932,624,0.031055900621118012,0.0
grid_g0_p3_s1_c1,0,3,1,1,1000000.0,0.675,0.0583333333333333,500.0,0.00100866,1.22375,1.2227413399999998,0.16619699999999998,613,0.043478260869565216,0.0015527950310559005
grid_g5_p3_s0_c6,5,3,0,6,38539699.35995991,0.675,0.0,3000.0,0.000878672,0.633908,0.633029328,0.205498,641,0.004658385093167702,0.0
grid_g4_p3_s1_c0,4,3,1,0,18566355.33445113,0.675,0.0583333333333333,0.0,0.00572662,1.2465,1.24077338,0.110322,628,0.024844720496894408,0.0
grid_g1_p3_s1_c1,1,3,1,1,2075781.6311124284,0.675,0.0583333333333333,500.0,0.00130631,1.21006,1.20875369,0.170044,613,0.046583850931677016,0.0
grid_g2_p3_s1_c1,2,3,1,1,4308869.380063765,0.675,0.0583333333333333,500.0,0.00123159,1.18189,1.1806584100000002,0.145839,618,0.037267080745341616,0.0
grid_g5_p3_s1_c0,5,3,1,0,38539699.35995991,0.675,0.0583333333333333,0.0,0.00507761,1.22549,1.22041239,0.10969870000000001,628,0.024844720496894408,0.0
grid_g3_p3_s1_c1,3,3,1,1,8944271.90999916,0.675,0.0583333333333333,500.0,0.00232883,1.13585,1.13352117,0.155306,617,0.04192546583850932,0.0
grid_g0_p3_s1_c2,0,3,1,2,1000000.0,0.675,0.0583333333333333,1000.0,5.89701e-05,1.128,1.1279410299,0.183358,600,0.05745341614906832,0.006211180124223602
grid_g6_p3_s0_c6,6,3,0,6,80000000.00000003,0.675,0.0,3000.0,0.00145132,0.592416,0.59096468,0.205183,639,0.007763975155279503,0.0
grid_g1_p3_s1_c2,1,3,1,2,2075781.6311124284,0.675,0.0583333333333333,1000.0,0.00115512,1.02564,1.0244848800000002,0.15778599999999998,627,0.023291925465838508,0.003105590062111801
grid_g4_p3_s1_c1,4,3,1,1,18566355.33445113,0.675,0.0583333333333333,500.0,0.0037088,1.13298,1.1292712,0.14585299999999998,620,0.037267080745341616,0.0
grid_g2_p3_s1_c2,2,3,1,2,4308869.380063765,0.675,0.0583333333333333,1000.0,0.000219789,1.10577,1.105550211,0.158791,625,0.021739130434782608,0.0
grid_g6_p3_s1_c0,6,3,1,0,80000000.00000003,0.675,0.0583333333333333,0.0,0.000257737,1.30422,1.3039622629999998,0.126119,627,0.026397515527950312,0.0
grid_g3_p3_s1_c2,3,3,1,2,8944271.90999916,0.675,0.0583333333333333,1000.0,0.000233162,0.974165,0.9739318379999999,0.14173,613,0.026397515527950312,0.0
grid_g0_p3_s1_c3,0,3,1,3,1000000.0,0.675,0.0583333333333333,1500.0,0.00462089,1.25883,1.25420911,0.14082,632,0.013975155279503106,0.003105590062111801
grid_g5_p3_s1_c1,5,3,1,1,38539699.35995991,0.675,0.0583333333333333,500.0,0.000905724,1.05506,1.054154276,0.16677899999999998,620,0.034161490683229816,0.0
grid_g1_p3_s1_c3,1,3,1,3,2075781.6311124284,0.675,0.0583333333333333,1500.0,0.000590657,0.932604,0.9320133429999999,0.17634,631,0.017080745341614908,0.003105590062111801
grid_g4_p3_s1_c2,4,3,1,2,18566355.33445113,0.675,0.0583333333333333,1000.0,0.00309714,1.47082,1.46772286,0.157353,632,0.018633540372670808,0.0
grid_g2_p3_s1_c3,2,3,1,3,4308869.380063765,0.675,0.0583333333333333,1500.0,0.00179142,1.04683,1.04503858,0.168602,623,0.026397515527950312,0.0
grid_g3_p3_s1_c3,3,3,1,3,8944271.90999916,0.675,0.0583333333333333,1500.0,0.000339339,0.907987,0.9076476609999999,0.16916699999999998,630,0.021739130434782608,0.0
grid_g0_p3_s1_c4,0,3,1,4,1000000.0,0.675,0.0583333333333333,2000.0,0.00114062,0.931496,0.93035538,0.173675,635,0.009316770186335404,0.004658385093167702
grid_g6_p3_s1_c1,6,3,1,1,80000000.00000003,0.675,0.0583333333333333,500.0,0.000262108,1.10708,1.106817892,0.150308,615,0.043478260869565216,0.0
grid_g5_p3_s1_c2,5,3,1,2,38539699.35995991,0.675,0.0583333333333333,1000.0,0.00133671,1.49708,1.49574329,0.178151,627,0.026397515527950312,0.0
grid_g1_p3_s1_c4,1,3,1,4,2075781.6311124284,0.675,0.0583333333333333,2000.0,0.00383193,0.93837,0.93453807,0.179719,627,0.020186335403726708,0.0015527950310559005
grid_g4_p3_s1_c3,4,3,1,3,18566355.33445113,0.675,0.0583333333333333,1500.0,9.31791e-05,1.11176,1.1116668209,0.151437,624,0.031055900621118012,0.0
grid_g2_p3_s1_c4,2,3,1,4,4308869.380063765,0.675,0.0583333333333333,2000.0,0.00185447,0.768078,0.76622353,0.186631,619,0.018633540372670808,0.0
grid_g3_p3_s1_c4,3,3,1,4,8944271.90999916,0.675,0.0583333333333333,2000.0,0.000202877,0.770702,0.770499123,0.18553699999999998,627,0.013975155279503106,0.0
grid_g5_p3_s1_c3,5,3,1,3,38539699.35995991,0.675,0.0583333333333333,1500.0,3.99256e-05,0.823827,0.8237870744,0.152301,623,0.018633540372670808,0.0
grid_g6_p3_s1_c2,6,3,1,2,80000000.00000003,0.675,0.0583333333333333,1000.0,0.00084999,1.05773,1.05688001,0.167602,628,0.024844720496894408,0.0
grid_g0_p3_s1_c5,0,3,1,5,1000000.0,0.675,0.0583333333333333,2500.0,0.000207029,0.901247,0.901039971,0.186603,632,0.013975155279503106,0.003105590062111801
grid_g4_p3_s1_c4,4,3,1,4,18566355.33445113,0.675,0.0583333333333333,2000.0,0.00044913,0.772169,0.77171987,0.178107,626,0.013975155279503106,0.0
grid_g1_p3_s1_c5,1,3,1,5,2075781.6311124284,0.675,0.0583333333333333,2500.0,5.12539e-05,0.731081,0.7310297460999999,0.193028,632,0.017080745341614908,0.0015527950310559005
grid_g2_p3_s1_c5,2,3,1,5,4308869.380063765,0.675,0.0583333333333333,2500.0,0.000163798,0.718613,0.718449202,0.182008,629,0.021739130434782608,0.0015527950310559005
grid_g6_p3_s1_c3,6,3,1,3,80000000.00000003,0.675,0.0583333333333333,1500.0,0.000727063,0.896536,0.895808937,0.164292,622,0.021739130434782608,0.0
grid_g3_p3_s1_c5,3,3,1,5,8944271.90999916,0.675,0.0583333333333333,2500.0,0.00136621,0.761238,0.7598717899999999,0.189412,621,0.03571428571428571,0.0
grid_g0_p3_s1_c6,0,3,1,6,1000000.0,0.675,0.0583333333333333,3000.0,0.0016014,0.713093,0.7114916,0.214482,633,0.013975155279503106,0.003105590062111801
grid_g5_p3_s1_c4,5,3,1,4,38539699.35995991,0.675,0.0583333333333333,2000.0,0.000218149,0.875784,0.8755658510000001,0.194684,635,0.013975155279503106,0.0
grid_g4_p3_s1_c5,4,3,1,5,18566355.33445113,0.675,0.0583333333333333,2500.0,0.000686909,0.750143,0.749456091,0.16222,630,0.021739130434782608,0.0
grid_g1_p3_s1_c6,1,3,1,6,2075781.6311124284,0.675,0.0583333333333333,3000.0,0.000657446,0.689288,0.6886305540000001,0.201991,632,0.012422360248447204,0.0015527950310559005
grid_g2_p3_s1_c6,2,3,1,6,4308869.380063765,0.675,0.0583333333333333,3000.0,0.00205441,0.693364,0.69130959,0.204095,626,0.026397515527950312,0.0015527950310559005
grid_g6_p3_s1_c4,6,3,1,4,80000000.00000003,0.675,0.0583333333333333,2000.0,0.00432283,0.857493,0.85317017,0.18773499999999999,636,0.012422360248447204,0.0
grid_g3_p3_s1_c6,3,3,1,6,8944271.90999916,0.675,0.0583333333333333,3000.0,5.10725e-05,0.673753,0.6737019275,0.200323,628,0.024844720496894408,0.0
grid_g0_p3_s2_c0,0,3,2,0,1000000.0,0.675,0.1166666666666666,0.0,0.00121226,1.62507,1.62385774,0.18312399999999998,609,0.05434782608695652,0.0
grid_g5_p3_s1_c5,5,3,1,5,38539699.35995991,0.675,0.0583333333333333,2500.0,0.00289076,0.708301,0.70541024,0.203815,641,0.004658385093167702,0.0
grid_g1_p3_s2_c0,1,3,2,0,2075781.6311124284,0.675,0.1166666666666666,0.0,0.00529276,1.48265,1.4773572400000001,0.26823400000000003,590,0.08385093167701864,0.0
grid_g4_p3_s1_c6,4,3,1,6,18566355.33445113,0.675,0.0583333333333333,3000.0,0.00118366,0.662595,0.66141134,0.197133,638,0.009316770186335404,0.0
grid_g2_p3_s2_c0,2,3,2,0,4308869.380063765,0.675,0.1166666666666666,0.0,0.000581457,1.36469,1.364108543,0.16691499999999998,614,0.046583850931677016,0.0
grid_g3_p3_s2_c0,3,3,2,0,8944271.90999916,0.675,0.1166666666666666,0.0,0.00389707,1.30084,1.29694293,0.123169,624,0.029503105590062112,0.0
grid_g0_p3_s2_c1,0,3,2,1,1000000.0,0.675,0.1166666666666666,500.0,0.000298789,1.58842,1.588121211,0.229164,600,0.06521739130434782,0.0015527950310559005
grid_g6_p3_s1_c5,6,3,1,5,80000000.00000003,0.675,0.0583333333333333,2500.0,0.00288515,0.823737,0.82085185,0.17119199999999998,634,0.015527950310559006,0.0
grid_g5_p3_s1_c6,5,3,1,6,38539699.35995991,0.675,0.0583333333333333,3000.0,0.000770246,0.616069,0.615298754,0.208692,631,0.020186335403726708,0.0
grid_g4_p3_s2_c0,4,3,2,0,18566355.33445113,0.675,0.1166666666666666,0.0,0.00105041,1.25307,1.25201959,0.120065,624,0.029503105590062112,0.0
grid_g1_p3_s2_c1,1,3,2,1,2075781.6311124284,0.675,0.1166666666666666,500.0,4.02357e-06,1.45421,1.45420597643,0.19533499999999998,610,0.052795031055900624,0.0
grid_g2_p3_s2_c1,2,3,2,1,4308869.380063765,0.675,0.1166666666666666,500.0,0.00167418,1.28203,1.28035582,0.18584499999999998,611,0.05124223602484472,0.0
grid_g3_p3_s2_c1,3,3,2,1,8944271.90999916,0.675,0.1166666666666666,500.0,0.000263453,1.2397,1.239436547,0.18873199999999998,606,0.05124223602484472,0.0
grid_g0_p3_s2_c2,0,3,2,2,1000000.0,0.675,0.1166666666666666,1000.0,0.00221465,1.38252,1.38030535,0.195037,603,0.06055900621118013,0.0015527950310559005
grid_g6_p3_s1_c6,6,3,1,6,80000000.00000003,0.675,0.0583333333333333,3000.0,0.000406612,0.620303,0.619896388,0.198342,631,0.020186335403726708,0.0
grid_g5_p3_s2_c0,5,3,2,0,38539699.35995991,0.675,0.1166666666666666,0.0,0.00546351,1.27258,1.26711649,0.11834339999999999,630,0.021739130434782608,0.0
grid_g4_p3_s2_c1,4,3,2,1,18566355.33445113,0.675,0.1166666666666666,500.0,0.00220602,1.16497,1.16276398,0.174583,615,0.043478260869565216,0.0
grid_g1_p3_s2_c2,1,3,2,2,2075781.6311124284,0.675,0.1166666666666666,1000.0,0.0018934,1.1709,1.1690066000000001,0.18062899999999998,603,0.040372670807453416,0.017080745341614908
grid_g2_p3_s2_c2,2,3,2,2,4308869.380063765,0.675,0.1166666666666666,1000.0,0.00168464,1.2004,1.19871536,0.175183,616,0.031055900621118012,0.012422360248447204
grid_g6_p3_s2_c0,6,3,2,0,80000000.00000003,0.675,0.1166666666666666,0.0,0.00201592,1.2981,1.29608408,0.11631559999999999,627,0.024844720496894408,0.0
grid_g3_p3_s2_c2,3,3,2,2,8944271.90999916,0.675,0.1166666666666666,1000.0,0.00266176,1.16543,1.16276824,0.15781399999999998,602,0.05124223602484472,0.0
grid_g0_p3_s2_c3,0,3,2,3,1000000.0,0.675,0.1166666666666666,1500.0,0.00242216,1.2654,1.26297784,0.16827699999999998,600,0.03571428571428571,0.009316770186335404
grid_g5_p3_s2_c1,5,3,2,1,38539699.35995991,0.675,0.1166666666666666,500.0,0.000527072,1.1747,1.1741729280000002,0.142816,619,0.03881987577639751,0.0
grid_g1_p3_s2_c3,1,3,2,3,2075781.6311124284,0.675,0.1166666666666666,1500.0,0.00190862,1.17803,1.1761213799999999,0.193301,616,0.034161490683229816,0.0015527950310559005
grid_g4_p3_s2_c2,4,3,2,2,18566355.33445113,0.675,0.1166666666666666,1000.0,0.000790818,1.58028,1.5794891819999999,0.15613,633,0.017080745341614908,0.0
grid_g2_p3_s2_c3,2,3,2,3,4308869.380063765,0.675,0.1166666666666666,1500.0,0.00138398,1.14605,1.14466602,0.164888,617,0.034161490683229816,0.007763975155279503
grid_g3_p3_s2_c3,3,3,2,3,8944271.90999916,0.675,0.1166666666666666,1500.0,0.000228464,1.00658,1.006351536,0.191113,623,0.024844720496894408,0.0
grid_g6_p3_s2_c1,6,3,2,1,80000000.00000003,0.675,0.1166666666666666,500.0,0.00123942,1.20814,1.20690058,0.168065,621,0.03571428571428571,0.0
grid_g0_p3_s2_c4,0,3,2,4,1000000.0,0.675,0.1166666666666666,2000.0,0.00764582,1.19016,1.18251418,0.163048,607,0.03571428571428571,0.012422360248447204
grid_g5_p3_s2_c2,5,3,2,2,38539699.35995991,0.675,0.1166666666666666,1000.0,0.00329554,1.33879,1.3354944599999998,0.161232,627,0.026397515527950312,0.0
grid_g1_p3_s2_c4,1,3,2,4,2075781.6311124284,0.675,0.1166666666666666,2000.0,0.000204976,1.03086,1.030655024,0.168422,612,0.04192546583850932,0.003105590062111801
grid_g4_p3_s2_c3,4,3,2,3,18566355.33445113,0.675,0.1166666666666666,1500.0,0.00257621,1.19323,1.19065379,0.16927,623,0.03260869565217391,0.0
grid_g2_p3_s2_c4,2,3,2,4,4308869.380063765,0.675,0.1166666666666666,2000.0,0.00162166,0.930538,0.92891634,0.206112,620,0.03260869565217391,0.004658385093167702
grid_g3_p3_s2_c4,3,3,2,4,8944271.90999916,0.675,0.1166666666666666,2000.0,0.000493545,0.870857,0.870363455,0.189447,616,0.03260869565217391,0.006211180124223602
grid_g0_p3_s2_c5,0,3,2,5,1000000.0,0.675,0.1166666666666666,2500.0,0.00197811,1.09673,1.09475189,0.197922,612,0.04503105590062112,0.003105590062111801
grid_g6_p3_s2_c2,6,3,2,2,80000000.00000003,0.675,0.1166666666666666,1000.0,0.000376539,1.02048,1.0201034610000002,0.158796,623,0.018633540372670808,0.0
grid_g5_p3_s2_c3,5,3,2,3,38539699.35995991,0.675,0.1166666666666666,1500.0,0.0020114,0.910772,0.9087606,0.187893,619,0.027950310559006212,0.0
grid_g4_p3_s2_c4,4,3,2,4,18566355.33445113,0.675,0.1166666666666666,2000.0,0.000163673,0.842729,0.842565327,0.18043399999999998,624,0.031055900621118012,0.0
grid_g1_p3_s2_c5,1,3,2,5,2075781.6311124284,0.675,0.1166666666666666,2500.0,0.00142435,0.956385,0.9549606500000001,0.187504,622,0.029503105590062112,0.003105590062111801
grid_g2_p3_s2_c5,2,3,2,5,4308869.380063765,0.675,0.1166666666666666,2500.0,0.000492766,1.44004,1.439547234,0.16458499999999998,616,0.04192546583850932,0.0
grid_g6_p3_s2_c3,6,3,2,3,80000000.00000003,0.675,0.1166666666666666,1500.0,0.000137556,0.874732,0.874594444,0.187737,626,0.013975155279503106,0.0
grid_g3_p3_s2_c5,3,3,2,5,8944271.90999916,0.675,0.1166666666666666,2500.0,0.000848058,1.24872,1.247871942,0.218545,615,0.037267080745341616,0.0
grid_g0_p3_s2_c6,0,3,2,6,1000000.0,0.675,0.1166666666666666,3000.0,0.00171378,0.903618,0.90190422,0.210196,621,0.027950310559006212,0.003105590062111801
grid_g5_p3_s2_c4,5,3,2,4,38539699.35995991,0.675,0.1166666666666666,2000.0,0.000106643,0.974742,0.974635357,0.183787,636,0.012422360248447204,0.0
grid_g1_p3_s2_c6,1,3,2,6,2075781.6311124284,0.675,0.1166666666666666,3000.0,0.00147696,0.869923,0.86844604,0.178537,623,0.023291925465838508,0.0015527950310559005
grid_g4_p3_s2_c5,4,3,2,5,18566355.33445113,0.675,0.1166666666666666,2500.0,0.000274037,1.31309,1.312815963,0.174444,620,0.037267080745341616,0.0
grid_g2_p3_s2_c6,2,3,2,6,4308869.380063765,0.675,0.1166666666666666,3000.0,0.00118658,0.762609,0.7614224199999999,0.213298,623,0.013975155279503106,0.0
grid_g3_p3_s2_c6,3,3,2,6,8944271.90999916,0.675,0.1166666666666666,3000.0,0.0044164,1.58067,1.5762536,0.199819,621,0.021739130434782608,0.0
grid_g0_p3_s3_c0,0,3,3,0,1000000.0,0.675,0.175,0.0,0.00226552,1.72901,1.72674448,0.334134,596,0.07142857142857142,0.0
grid_g6_p3_s2_c4,6,3,2,4,80000000.00000003,0.675,0.1166666666666666,2000.0,0.00125566,0.939298,0.93804234,0.19536,619,0.03881987577639751,0.0
grid_g5_p3_s2_c5,5,3,2,5,38539699.35995991,0.675,0.1166666666666666,2500.0,0.00058549,0.714421,0.71383551,0.195106,625,0.029503105590062112,0.0
grid_g1_p3_s3_c0,1,3,3,0,2075781.6311124284,0.675,0.175,0.0,0.00198436,1.63781,1.63582564,0.238237,598,0.06987577639751552,0.0
grid_g4_p3_s2_c6,4,3,2,6,18566355.33445113,0.675,0.1166666666666666,3000.0,5.98961e-05,0.822675,0.8226151039,0.201314,616,0.043478260869565216,0.0
grid_g2_p3_s3_c0,2,3,3,0,4308869.380063765,0.675,0.175,0.0,0.000365372,1.48131,1.4809446279999998,0.217523,610,0.05124223602484472,0.0
grid_g6_p3_s2_c5,6,3,2,5,80000000.00000003,0.675,0.1166666666666666,2500.0,0.000724256,0.675056,0.674331744,0.194888,631,0.006211180124223602,0.0
grid_g3_p3_s3_c0,3,3,3,0,8944271.90999916,0.675,0.175,0.0,0.000495513,1.47714,1.476644487,0.17437,615,0.043478260869565216,0.0
grid_g0_p3_s3_c1,0,3,3,1,1000000.0,0.675,0.175,500.0,0.00569286,1.74102,1.73532714,0.242166,587,0.08229813664596274,0.0
grid_g5_p3_s2_c6,5,3,2,6,38539699.35995991,0.675,0.1166666666666666,3000.0,0.00353733,0.674701,0.67116367,0.197026,623,0.03260869565217391,0.0
grid_g4_p3_s3_c0,4,3,3,0,18566355.33445113,0.675,0.175,0.0,0.00149439,1.34529,1.3437956100000001,0.141396,619,0.037267080745341616,0.0
grid_g1_p3_s3_c1,1,3,3,1,2075781.6311124284,0.675,0.175,500.0,0.00285861,1.75283,1.74997139,0.23123,598,0.06832298136645963,0.0015527950310559005
grid_g2_p3_s3_c1,2,3,3,1,4308869.380063765,0.675,0.175,500.0,0.00128694,1.50174,1.5004530600000001,0.225264,592,0.07142857142857142,0.0
grid_g3_p3_s3_c1,3,3,3,1,8944271.90999916,0.675,0.175,500.0,0.00139879,1.38483,1.38343121,0.207457,616,0.04192546583850932,0.0
grid_g0_p3_s3_c2,0,3,3,2,1000000.0,0.675,0.175,1000.0,0.00276669,1.5867,1.58393331,0.28579899999999997,603,0.049689440993788817,0.007763975155279503
grid_g6_p3_s2_c6,6,3,2,6,80000000.00000003,0.675,0.1166666666666666,3000.0,0.000467147,0.662696,0.662228853,0.20094499999999998,642,0.003105590062111801,0.0
grid_g5_p3_s3_c0,5,3,3,0,38539699.35995991,0.675,0.175,0.0,0.00153721,1.30621,1.3046727900000001,0.119776,628,0.024844720496894408,0.0
grid_g1_p3_s3_c2,1,3,3,2,2075781.6311124284,0.675,0.175,1000.0,0.000374279,1.56646,1.5660857209999999,0.239142,602,0.059006211180124224,0.0015527950310559005
grid_g4_p3_s3_c1,4,3,3,1,18566355.33445113,0.675,0.175,500.0,0.00102636,1.2014,1.20037364,0.17657499999999998,606,0.052795031055900624,0.0
grid_g2_p3_s3_c2,2,3,3,2,4308869.380063765,0.675,0.175,1000.0,0.00123161,1.41699,1.41575839,0.213559,602,0.06055900621118013,0.0015527950310559005
grid_g6_p3_s3_c0,6,3,3,0,80000000.00000003,0.675,0.175,0.0,0.00564482,1.19745,1.1918051799999998,0.12323100000000001,622,0.024844720496894408,0.0
grid_g3_p3_s3_c2,3,3,3,2,8944271.90999916,0.675,0.175,1000.0,0.000787434,1.31957,1.3187825659999999,0.20099499999999998,615,0.043478260869565216,0.0
grid_g0_p3_s3_c3,0,3,3,3,1000000.0,0.675,0.175,1500.0,0.00191251,1.73113,1.7292174900000001,0.244451,605,0.05745341614906832,0.0
grid_g5_p3_s3_c1,5,3,3,1,38539699.35995991,0.675,0.175,500.0,0.00105005,1.20571,1.2046599500000001,0.158359,626,0.026397515527950312,0.0
grid_g1_p3_s3_c3,1,3,3,3,2075781.6311124284,0.675,0.175,1500.0,0.000249935,1.32362,1.323370065,0.265123,608,0.03881987577639751,0.004658385093167702
grid_g4_p3_s3_c2,4,3,3,2,18566355.33445113,0.675,0.175,1000.0,0.000343676,1.55967,1.559326324,0.190271,621,0.034161490683229816,0.0
grid_g2_p3_s3_c3,2,3,3,3,4308869.380063765,0.675,0.175,1500.0,0.00174752,1.15549,1.15374248,0.229652,593,0.05124223602484472,0.013975155279503106
grid_g3_p3_s3_c3,3,3,3,3,8944271.90999916,0.675,0.175,1500.0,0.00214802,1.14837,1.14622198,0.187437,597,0.06055900621118013,0.0
grid_g0_p3_s3_c4,0,3,3,4,1000000.0,0.675,0.175,2000.0,6.93949e-07,1.54302,1.543019306051,0.242521,589,0.06987577639751552,0.003105590062111801
grid_g6_p3_s3_c1,6,3,3,1,80000000.00000003,0.675,0.175,500.0,8.02746e-05,1.17389,1.1738097254000002,0.161996,613,0.043478260869565216,0.0
grid_g5_p3_s3_c2,5,3,3,2,38539699.35995991,0.675,0.175,1000.0,0.00128469,1.75408,1.75279531,0.19422799999999998,609,0.04813664596273292,0.0
grid_g1_p3_s3_c4,1,3,3,4,2075781.6311124284,0.675,0.175,2000.0,0.00359994,1.68128,1.6776800600000001,0.223629,609,0.046583850931677016,0.0015527950310559005
grid_g4_p3_s3_c3,4,3,3,3,18566355.33445113,0.675,0.175,1500.0,0.00454649,1.32368,1.31913351,0.17185799999999998,617,0.04192546583850932,0.0
grid_g2_p3_s3_c4,2,3,3,4,4308869.380063765,0.675,0.175,2000.0,0.00150151,1.11525,1.11374849,0.19050999999999998,613,0.037267080745341616,0.0015527950310559005
grid_g3_p3_s3_c4,3,3,3,4,8944271.90999916,0.675,0.175,2000.0,0.000832291,1.01203,1.011197709,0.205814,611,0.04503105590062112,0.003105590062111801
grid_g0_p3_s3_c5,0,3,3,5,1000000.0,0.675,0.175,2500.0,0.00295263,1.3598,1.3568473699999999,0.209702,594,0.043478260869565216,0.024844720496894408
grid_g6_p3_s3_c2,6,3,3,2,80000000.00000003,0.675,0.175,1000.0,0.00206335,0.973974,0.97191065,0.173722,606,0.03260869565217391,0.0
grid_g5_p3_s3_c3,5,3,3,3,38539699.35995991,0.675,0.175,1500.0,0.0025732,1.30146,1.2988868,0.184913,631,0.020186335403726708,0.0
grid_g1_p3_s3_c5,1,3,3,5,2075781.6311124284,0.675,0.175,2500.0,0.00217646,1.3135,1.3113235399999998,0.203287,591,0.06055900621118013,0.0
grid_g4_p3_s3_c4,4,3,3,4,18566355.33445113,0.675,0.175,2000.0,0.00392369,0.890224,0.88630031,0.204613,612,0.04503105590062112,0.004658385093167702
grid_g2_p3_s3_c5,2,3,3,5,4308869.380063765,0.675,0.175,2500.0,4.45315e-05,0.964732,0.9646874685000001,0.20438499999999998,620,0.027950310559006212,0.003105590062111801
grid_g6_p3_s3_c3,6,3,3,3,80000000.00000003,0.675,0.175,1500.0,0.0011611,0.829748,0.8285869,0.16744599999999998,616,0.031055900621118012,0.0
grid_g3_p3_s3_c5,3,3,3,5,8944271.90999916,0.675,0.175,2500.0,0.000625904,0.89942,0.898794096,0.20141199999999998,607,0.052795031055900624,0.0015527950310559005
grid_g0_p3_s3_c6,0,3,3,6,1000000.0,0.675,0.175,3000.0,0.000187143,1.46703,1.466842857,0.209416,582,0.06055900621118013,0.012422360248447204
grid_g5_p3_s3_c4,5,3,3,4,38539699.35995991,0.675,0.175,2000.0,0.000633795,0.858092,0.8574582049999999,0.18539999999999998,616,0.037267080745341616,0.0
grid_g4_p3_s3_c5,4,3,3,5,18566355.33445113,0.675,0.175,2500.0,0.00173544,0.85779,0.85605456,0.19453099999999998,623,0.03260869565217391,0.0
grid_g1_p3_s3_c6,1,3,3,6,2075781.6311124284,0.675,0.175,3000.0,0.000113811,1.16571,1.165596189,0.183075,623,0.021739130434782608,0.004658385093167702
grid_g2_p3_s3_c6,2,3,3,6,4308869.380063765,0.675,0.175,3000.0,4.62154e-05,1.09825,1.0982037846,0.192665,632,0.015527950310559006,0.0015527950310559005
grid_g6_p3_s3_c4,6,3,3,4,80000000.00000003,0.675,0.175,2000.0,0.00188917,0.880015,0.87812583,0.17629999999999998,619,0.03881987577639751,0.0
grid_g3_p3_s3_c6,3,3,3,6,8944271.90999916,0.675,0.175,3000.0,7.92321e-05,0.902239,0.9021597679,0.186306,619,0.034161490683229816,0.003105590062111801
grid_g0_p3_s4_c0,0,3,4,0,1000000.0,0.675,0.2333333333333333,0.0,0.000970714,1.84514,1.844169286,0.275799,589,0.07763975155279502,0.006211180124223602
grid_g5_p3_s3_c5,5,3,3,5,38539699.35995991,0.675,0.175,2500.0,0.000623055,1.05743,1.0568069450000002,0.15742699999999998,625,0.029503105590062112,0.0
grid_g4_p3_s3_c6,4,3,3,6,18566355.33445113,0.675,0.175,3000.0,0.00339603,0.85644,0.85304397,0.20635699999999998,629,0.023291925465838508,0.0
grid_g1_p3_s4_c0,1,3,4,0,2075781.6311124284,0.675,0.2333333333333333,0.0,0.000287433,1.78674,1.786452567,0.30530799999999997,600,0.06832298136645963,0.0
grid_g2_p3_s4_c0,2,3,4,0,4308869.380063765,0.675,0.2333333333333333,0.0,7.03925e-05,1.60824,1.6081696074999998,0.21404199999999998,590,0.08229813664596274,0.0
grid_g6_p3_s3_c5,6,3,3,5,80000000.00000003,0.675,0.175,2500.0,0.00248392,0.841938,0.83945408,0.177677,634,0.015527950310559006,0.0
grid_g3_p3_s4_c0,3,3,4,0,8944271.90999916,0.675,0.2333333333333333,0.0,0.00376725,1.4574,1.45363275,0.208861,613,0.046583850931677016,0.0
grid_g0_p3_s4_c1,0,3,4,1,1000000.0,0.675,0.2333333333333333,500.0,0.00970317,1.96612,1.95641683,0.315093,582,0.07763975155279502,0.007763975155279503
grid_g5_p3_s3_c6,5,3,3,6,38539699.35995991,0.675,0.175,3000.0,0.00112253,0.742725,0.74160247,0.20041399999999998,624,0.031055900621118012,0.0
grid_g1_p3_s4_c1,1,3,4,1,2075781.6311124284,0.675,0.2333333333333333,500.0,0.00189566,1.67768,1.67578434,0.312629,579,0.07298136645962733,0.003105590062111801
grid_g4_p3_s4_c0,4,3,4,0,18566355.33445113,0.675,0.2333333333333333,0.0,0.00162454,1.30791,1.30628546,0.144744,628,0.020186335403726708,0.0
grid_g2_p3_s4_c1,2,3,4,1,4308869.380063765,0.675,0.2333333333333333,500.0,0.0052765,1.6471,1.6418235,0.271971,600,0.06366459627329192,0.0
grid_g3_p3_s4_c1,3,3,4,1,8944271.90999916,0.675,0.2333333333333333,500.0,0.000937435,1.43229,1.431352565,0.27372199999999997,596,0.059006211180124224,0.0
grid_g6_p3_s3_c6,6,3,3,6,80000000.00000003,0.675,0.175,3000.0,0.00325317,0.711811,0.7085578299999999,0.214256,631,0.020186335403726708,0.0
grid_g0_p3_s4_c2,0,3,4,2,1000000.0,0.675,0.2333333333333333,1000.0,0.000931956,1.9595,1.958568044,0.235158,588,0.05745341614906832,0.010869565217391304
grid_g5_p3_s4_c0,5,3,4,0,38539699.35995991,0.675,0.2333333333333333,0.0,0.00229416,1.3266,1.32430584,0.12348300000000001,621,0.03260869565217391,0.0
grid_g1_p3_s4_c2,1,3,4,2,2075781.6311124284,0.675,0.2333333333333333,1000.0,0.000351183,1.64217,1.6418188169999999,0.292663,587,0.07298136645962733,0.003105590062111801
grid_g4_p3_s4_c1,4,3,4,1,18566355.33445113,0.675,0.2333333333333333,500.0,0.000172843,1.34662,1.3464471569999998,0.196096,610,0.04503105590062112,0.0
grid_g2_p3_s4_c2,2,3,4,2,4308869.380063765,0.675,0.2333333333333333,1000.0,0.000601517,1.6509,1.650298483,0.18004399999999998,597,0.05434782608695652,0.006211180124223602
grid_g6_p3_s4_c0,6,3,4,0,80000000.00000003,0.675,0.2333333333333333,0.0,0.000180927,1.39982,1.3996390730000001,0.12410299999999999,627,0.026397515527950312,0.0
grid_g3_p3_s4_c2,3,3,4,2,8944271.90999916,0.675,0.2333333333333333,1000.0,0.00310953,1.42387,1.42076047,0.19873,606,0.055900621118012424,0.0015527950310559005
grid_g0_p3_s4_c3,0,3,4,3,1000000.0,0.675,0.2333333333333333,1500.0,0.000935381,1.87406,1.8731246190000002,0.30219,595,0.055900621118012424,0.007763975155279503
grid_g5_p3_s4_c1,5,3,4,1,38539699.35995991,0.675,0.2333333333333333,500.0,0.00400944,1.18211,1.17810056,0.15856199999999998,615,0.03260869565217391,0.0
grid_g1_p3_s4_c3,1,3,4,3,2075781.6311124284,0.675,0.2333333333333333,1500.0,0.0011392,1.76504,1.7639008,0.290052,589,0.06832298136645963,0.003105590062111801
grid_g4_p3_s4_c2,4,3,4,2,18566355.33445113,0.675,0.2333333333333333,1000.0,0.000208721,1.19742,1.197211279,0.200523,608,0.049689440993788817,0.003105590062111801
grid_g2_p3_s4_c3,2,3,4,3,4308869.380063765,0.675,0.2333333333333333,1500.0,0.00274594,1.63731,1.63456406,0.196768,600,0.05434782608695652,0.004658385093167702
grid_g3_p3_s4_c3,3,3,4,3,8944271.90999916,0.675,0.2333333333333333,1500.0,0.00707812,1.40555,1.39847188,0.245451,600,0.06366459627329192,0.0015527950310559005
grid_g0_p3_s4_c4,0,3,4,4,1000000.0,0.675,0.2333333333333333,2000.0,0.000994946,1.74483,1.743835054,0.307159,593,0.05434782608695652,0.004658385093167702
grid_g6_p3_s4_c1,6,3,4,1,80000000.00000003,0.675,0.2333333333333333,500.0,0.00083634,1.19368,1.19284366,0.16472499999999998,617,0.031055900621118012,0.0
grid_g5_p3_s4_c2,5,3,4,2,38539699.35995991,0.675,0.2333333333333333,1000.0,0.00328086,1.88008,1.87679914,0.155989,623,0.031055900621118012,0.0
grid_g1_p3_s4_c4,1,3,4,4,2075781.6311124284,0.675,0.2333333333333333,2000.0,0.000521988,1.72494,1.724418012,0.203929,595,0.06366459627329192,0.003105590062111801
grid_g4_p3_s4_c3,4,3,4,3,18566355.33445113,0.675,0.2333333333333333,1500.0,0.00308887,1.43695,1.43386113,0.195324,610,0.040372670807453416,0.006211180124223602
grid_g2_p3_s4_c4,2,3,4,4,4308869.380063765,0.675,0.2333333333333333,2000.0,0.000311971,1.52364,1.5233280290000002,0.23485599999999998,616,0.037267080745341616,0.0015527950310559005
grid_g0_p3_s4_c5,0,3,4,5,1000000.0,0.675,0.2333333333333333,2500.0,0.00137459,1.68961,1.68823541,0.260201,589,0.05745341614906832,0.013975155279503106
grid_g3_p3_s4_c4,3,3,4,4,8944271.90999916,0.675,0.2333333333333333,2000.0,0.0018441,1.59437,1.5925259,0.191214,628,0.023291925465838508,0.0
grid_g6_p3_s4_c2,6,3,4,2,80000000.00000003,0.675,0.2333333333333333,1000.0,0.001163,1.50141,1.5002469999999999,0.142306,634,0.015527950310559006,0.0
grid_g5_p3_s4_c3,5,3,4,3,38539699.35995991,0.675,0.2333333333333333,1500.0,0.00371815,1.17096,1.16724185,0.186772,621,0.03571428571428571,0.0
grid_g1_p3_s4_c5,1,3,4,5,2075781.6311124284,0.675,0.2333333333333333,2500.0,0.0010822,1.5469,1.5458178,0.248613,590,0.05124223602484472,0.007763975155279503
grid_g4_p3_s4_c4,4,3,4,4,18566355.33445113,0.675,0.2333333333333333,2000.0,0.00280297,0.9918,0.98899703,0.22242199999999998,596,0.06366459627329192,0.010869565217391304
grid_g2_p3_s4_c5,2,3,4,5,4308869.380063765,0.675,0.2333333333333333,2500.0,0.000756492,1.52408,1.523323508,0.19852699999999998,608,0.043478260869565216,0.004658385093167702
grid_g0_p3_s4_c6,0,3,4,6,1000000.0,0.675,0.2333333333333333,3000.0,0.000321637,1.61273,1.612408363,0.19749899999999998,615,0.031055900621118012,0.009316770186335404
grid_g3_p3_s4_c5,3,3,4,5,8944271.90999916,0.675,0.2333333333333333,2500.0,0.00388571,1.64421,1.64032429,0.17802099999999998,629,0.020186335403726708,0.003105590062111801
grid_g6_p3_s4_c3,6,3,4,3,80000000.00000003,0.675,0.2333333333333333,1500.0,0.00099497,1.36446,1.36346503,0.176734,627,0.026397515527950312,0.0
grid_g5_p3_s4_c4,5,3,4,4,38539699.35995991,0.675,0.2333333333333333,2000.0,0.00332325,1.06056,1.05723675,0.19585,620,0.024844720496894408,0.0
grid_g4_p3_s4_c5,4,3,4,5,18566355.33445113,0.675,0.2333333333333333,2500.0,0.00271837,1.00303,1.0003116300000001,0.198822,626,0.026397515527950312,0.0015527950310559005
grid_g1_p3_s4_c6,1,3,4,6,2075781.6311124284,0.675,0.2333333333333333,3000.0,0.00361669,1.67609,1.67247331,0.20410899999999998,617,0.034161490683229816,0.0
grid_g2_p3_s4_c6,2,3,4,6,4308869.380063765,0.675,0.2333333333333333,3000.0,0.00171062,1.22184,1.22012938,0.193857,615,0.026397515527950312,0.004658385093167702
grid_g6_p3_s4_c4,6,3,4,4,80000000.00000003,0.675,0.2333333333333333,2000.0,0.000447578,0.916229,0.915781422,0.21414,609,0.05434782608695652,0.0
grid_g3_p3_s4_c6,3,3,4,6,8944271.90999916,0.675,0.2333333333333333,3000.0,0.00020377,1.05761,1.05740623,0.23297299999999999,626,0.021739130434782608,0.006211180124223602
grid_g0_p3_s5_c0,0,3,5,0,1000000.0,0.675,0.2916666666666666,0.0,0.000710677,1.96814,1.967429323,0.25321,595,0.062111801242236024,0.003105590062111801
grid_g5_p3_s4_c5,5,3,4,5,38539699.35995991,0.675,0.2333333333333333,2500.0,0.00284483,0.796456,0.79361117,0.208482,625,0.023291925465838508,0.006211180124223602
grid_g1_p3_s5_c0,1,3,5,0,2075781.6311124284,0.675,0.2916666666666666,0.0,0.0079359,1.8077,1.7997641,0.277078,597,0.06677018633540373,0.0
grid_g4_p3_s4_c6,4,3,4,6,18566355.33445113,0.675,0.2333333333333333,3000.0,0.000689882,1.54722,1.546530118,0.171263,620,0.034161490683229816,0.0
grid_g2_p3_s5_c0,2,3,5,0,4308869.380063765,0.675,0.2916666666666666,0.0,0.000459141,1.60374,1.6032808589999998,0.313905,593,0.07763975155279502,0.0015527950310559005
grid_g3_p3_s5_c0,3,3,5,0,8944271.90999916,0.675,0.2916666666666666,0.0,0.00233673,1.52219,1.51985327,0.15206899999999998,614,0.046583850931677016,0.0
grid_g0_p3_s5_c1,0,3,5,1,1000000.0,0.675,0.2916666666666666,500.0,0.00619112,1.96172,1.95552888,0.382454,548,0.06677018633540373,0.059006211180124224
grid_g6_p3_s4_c5,6,3,4,5,80000000.00000003,0.675,0.2333333333333333,2500.0,0.000645235,0.83416,0.833514765,0.20704,613,0.046583850931677016,0.0
grid_g5_p3_s4_c6,5,3,4,6,38539699.35995991,0.675,0.2333333333333333,3000.0,0.00100911,0.865558,0.86454889,0.21073699999999998,632,0.017080745341614908,0.0015527950310559005
grid_g1_p3_s5_c1,1,3,5,1,2075781.6311124284,0.675,0.2916666666666666,500.0,0.00495424,1.85837,1.85341576,0.337115,577,0.08074534161490683,0.010869565217391304
grid_g4_p3_s5_c0,4,3,5,0,18566355.33445113,0.675,0.2916666666666666,0.0,0.000221048,1.42169,1.421468952,0.137711,625,0.026397515527950312,0.0
grid_g2_p3_s5_c1,2,3,5,1,4308869.380063765,0.675,0.2916666666666666,500.0,0.000175406,1.84371,1.8435345939999999,0.30119799999999997,589,0.07453416149068323,0.004658385093167702
grid_g3_p3_s5_c1,3,3,5,1,8944271.90999916,0.675,0.2916666666666666,500.0,1.03836e-05,1.581,1.5809896164,0.271941,599,0.062111801242236024,0.0
grid_g0_p3_s5_c2,0,3,5,2,1000000.0,0.675,0.2916666666666666,1000.0,0.0136416,1.9828,1.9691584,0.22459099999999999,551,0.07298136645962733,0.04192546583850932
grid_g6_p3_s4_c6,6,3,4,6,80000000.00000003,0.675,0.2333333333333333,3000.0,0.00325237,0.690163,0.68691063,0.209569,631,0.020186335403726708,0.0
grid_g5_p3_s5_c0,5,3,5,0,38539699.35995991,0.675,0.2916666666666666,0.0,0.00633601,1.35014,1.3438039899999998,0.13083,622,0.031055900621118012,0.0
grid_g1_p3_s5_c2,1,3,5,2,2075781.6311124284,0.675,0.2916666666666666,1000.0,0.010909,1.97466,1.963751,0.17604499999999998,585,0.04192546583850932,0.027950310559006212
grid_g4_p3_s5_c1,4,3,5,1,18566355.33445113,0.675,0.2916666666666666,500.0,0.00146775,1.45516,1.45369225,0.25669200000000003,609,0.052795031055900624,0.0
grid_g2_p3_s5_c2,2,3,5,2,4308869.380063765,0.675,0.2916666666666666,1000.0,0.00518725,1.71804,1.71285275,0.319478,583,0.06987577639751552,0.010869565217391304
grid_g3_p3_s5_c2,3,3,5,2,8944271.90999916,0.675,0.2916666666666666,1000.0,0.00368738,1.45021,1.44652262,0.292126,587,0.07608695652173914,0.004658385093167702
grid_g0_p3_s5_c3,0,3,5,3,1000000.0,0.675,0.2916666666666666,1500.0,0.00605419,1.98801,1.98195581,0.350269,560,0.07298136645962733,0.04192546583850932
grid_g6_p3_s5_c0,6,3,5,0,80000000.00000003,0.675,0.2916666666666666,0.0,0.00197004,1.30183,1.29985996,0.12152299999999999,627,0.023291925465838508,0.0
grid_g5_p3_s5_c1,5,3,5,1,38539699.35995991,0.675,0.2916666666666666,500.0,0.000871052,1.22239,1.2215189480000002,0.197229,614,0.04192546583850932,0.0
grid_g1_p3_s5_c3,1,3,5,3,2075781.6311124284,0.675,0.2916666666666666,1500.0,0.00419335,1.97121,1.96701665,0.267833,582,0.06987577639751552,0.015527950310559006
grid_g4_p3_s5_c2,4,3,5,2,18566355.33445113,0.675,0.2916666666666666,1000.0,0.000399814,1.32184,1.3214401859999998,0.19529,615,0.03881987577639751,0.0
grid_g2_p3_s5_c3,2,3,5,3,4308869.380063765,0.675,0.2916666666666666,1500.0,0.000871442,1.85231,1.851438558,0.29748399999999997,602,0.052795031055900624,0.007763975155279503
grid_g3_p3_s5_c3,3,3,5,3,8944271.90999916,0.675,0.2916666666666666,1500.0,0.000334801,1.9262,1.925865199,0.22378199999999998,617,0.040372670807453416,0.0015527950310559005
grid_g6_p3_s5_c1,6,3,5,1,80000000.00000003,0.675,0.2916666666666666,500.0,0.000753542,1.238,1.237246458,0.169429,623,0.029503105590062112,0.0
grid_g0_p3_s5_c4,0,3,5,4,1000000.0,0.675,0.2916666666666666,2000.0,0.000681974,1.96896,1.9682780260000001,0.322965,561,0.06987577639751552,0.04503105590062112
grid_g5_p3_s5_c2,5,3,5,2,38539699.35995991,0.675,0.2916666666666666,1000.0,0.000867878,1.15805,1.157182122,0.166174,611,0.029503105590062112,0.0015527950310559005
grid_g4_p3_s5_c3,4,3,5,3,18566355.33445113,0.675,0.2916666666666666,1500.0,0.0021545,1.34967,1.3475154999999999,0.174511,613,0.03571428571428571,0.0015527950310559005
grid_g1_p3_s5_c4,1,3,5,4,2075781.6311124284,0.675,0.2916666666666666,2000.0,0.00201426,1.93494,1.9329257400000002,0.347657,568,0.09472049689440994,0.017080745341614908
grid_g2_p3_s5_c4,2,3,5,4,4308869.380063765,0.675,0.2916666666666666,2000.0,0.000541797,1.60326,1.602718203,0.248559,596,0.06366459627329192,0.003105590062111801
grid_g3_p3_s5_c4,3,3,5,4,8944271.90999916,0.675,0.2916666666666666,2000.0,0.00453496,1.61206,1.60752504,0.195347,615,0.023291925465838508,0.018633540372670808
grid_g6_p3_s5_c2,6,3,5,2,80000000.00000003,0.675,0.2916666666666666,1000.0,0.000559128,1.03564,1.035080872,0.161216,614,0.021739130434782608,0.0
grid_g0_p3_s5_c5,0,3,5,5,1000000.0,0.675,0.2916666666666666,2500.0,7.51036e-05,1.8572,1.8571248964,0.324259,586,0.046583850931677016,0.021739130434782608
grid_g5_p3_s5_c3,5,3,5,3,38539699.35995991,0.675,0.2916666666666666,1500.0,0.00382166,0.991719,0.9878973400000001,0.191943,621,0.027950310559006212,0.0015527950310559005
grid_g4_p3_s5_c4,4,3,5,4,18566355.33445113,0.675,0.2916666666666666,2000.0,0.00123283,1.31411,1.31287717,0.17534,613,0.034161490683229816,0.010869565217391304
grid_g1_p3_s5_c5,1,3,5,5,2075781.6311124284,0.675,0.2916666666666666,2500.0,0.000479952,1.87889,1.8784100479999999,0.30846999999999997,580,0.046583850931677016,0.034161490683229816
grid_g2_p3_s5_c5,2,3,5,5,4308869.380063765,0.675,0.2916666666666666,2500.0,0.00158097,1.74351,1.7419290299999999,0.20882399999999998,613,0.026397515527950312,0.007763975155279503
grid_g6_p3_s5_c3,6,3,5,3,80000000.00000003,0.675,0.2916666666666666,1500.0,0.000208375,1.04959,1.049381625,0.17787799999999998,625,0.020186335403726708,0.0
grid_g3_p3_s5_c5,3,3,5,5,8944271.90999916,0.675,0.2916666666666666,2500.0,0.00247002,1.70005,1.69757998,0.196747,588,0.046583850931677016,0.021739130434782608
grid_g0_p3_s5_c6,0,3,5,6,1000000.0,0.675,0.2916666666666666,3000.0,0.000850419,1.97722,1.976369581,0.293578,589,0.059006211180124224,0.017080745341614908
grid_g5_p3_s5_c4,5,3,5,4,38539699.35995991,0.675,0.2916666666666666,2000.0,0.0005522,1.03158,1.0310278,0.202034,620,0.03571428571428571,0.0015527950310559005
grid_g1_p3_s5_c6,1,3,5,6,2075781.6311124284,0.675,0.2916666666666666,3000.0,0.000388033,1.79672,1.7963319670000002,0.271741,590,0.06521739130434782,0.006211180124223602
grid_g4_p3_s5_c5,4,3,5,5,18566355.33445113,0.675,0.2916666666666666,2500.0,0.00266693,1.20194,1.19927307,0.228314,625,0.027950310559006212,0.0015527950310559005
grid_g2_p3_s5_c6,2,3,5,6,4308869.380063765,0.675,0.2916666666666666,3000.0,0.000810356,1.79187,1.7910596440000002,0.25710900000000003,596,0.055900621118012424,0.010869565217391304
grid_g3_p3_s5_c6,3,3,5,6,8944271.90999916,0.675,0.2916666666666666,3000.0,0.00128,1.40325,1.4019700000000002,0.21756699999999998,605,0.049689440993788817,0.003105590062111801
grid_g6_p3_s5_c4,6,3,5,4,80000000.00000003,0.675,0.2916666666666666,2000.0,0.00197455,1.02413,1.02215545,0.17121699999999998,631,0.018633540372670808,0.0015527950310559005
grid_g0_p3_s6_c0,0,3,6,0,1000000.0,0.675,0.35,0.0,0.00736585,1.98557,1.97820415,0.272487,583,0.052795031055900624,0.024844720496894408
grid_g5_p3_s5_c5,5,3,5,5,38539699.35995991,0.675,0.2916666666666666,2500.0,0.00188919,0.800576,0.79868681,0.170854,629,0.010869565217391304,0.0015527950310559005
grid_g1_p3_s6_c0,1,3,6,0,2075781.6311124284,0.675,0.35,0.0,0.00187268,1.90534,1.90346732,0.269343,598,0.062111801242236024,0.004658385093167702
grid_g4_p3_s5_c6,4,3,5,6,18566355.33445113,0.675,0.2916666666666666,3000.0,0.00177583,1.68314,1.6813641700000002,0.18459,624,0.029503105590062112,0.0015527950310559005
grid_g2_p3_s6_c0,2,3,6,0,4308869.380063765,0.675,0.35,0.0,0.00510186,1.90164,1.89653814,0.230786,603,0.059006211180124224,0.003105590062111801
grid_g3_p3_s6_c0,3,3,6,0,8944271.90999916,0.675,0.35,0.0,0.0016396,1.57109,1.5694504,0.184381,615,0.043478260869565216,0.0
grid_g0_p3_s6_c1,0,3,6,1,1000000.0,0.675,0.35,500.0,0.00236419,1.98735,1.98498581,0.261624,533,0.06055900621118013,0.07919254658385093
grid_g6_p3_s5_c5,6,3,5,5,80000000.00000003,0.675,0.2916666666666666,2500.0,0.00218109,0.706577,0.70439591,0.179142,629,0.021739130434782608,0.0015527950310559005
grid_g5_p3_s5_c6,5,3,5,6,38539699.35995991,0.675,0.2916666666666666,3000.0,0.00104221,0.895982,0.8949397899999999,0.192129,609,0.049689440993788817,0.003105590062111801
grid_g1_p3_s6_c1,1,3,6,1,2075781.6311124284,0.675,0.35,500.0,0.0021847,1.98333,1.9811453,0.29892199999999997,558,0.06987577639751552,0.03260869565217391
grid_g4_p3_s6_c0,4,3,6,0,18566355.33445113,0.675,0.35,0.0,0.00346465,1.44594,1.44247535,0.177748,609,0.052795031055900624,0.0
grid_g2_p3_s6_c1,2,3,6,1,4308869.380063765,0.675,0.35,500.0,0.00157305,1.92912,1.92754695,0.290474,593,0.07453416149068323,0.0015527950310559005
grid_g3_p3_s6_c1,3,3,6,1,8944271.90999916,0.675,0.35,500.0,0.000865657,1.5834,1.5825343429999998,0.308917,592,0.06987577639751552,0.004658385093167702
grid_g0_p3_s6_c2,0,3,6,2,1000000.0,0.675,0.35,1000.0,0.00630902,1.98542,1.97911098,0.277441,514,0.07919254658385093,0.08385093167701864
grid_g6_p3_s5_c6,6,3,5,6,80000000.00000003,0.675,0.2916666666666666,3000.0,0.00265101,0.739848,0.7371969899999999,0.20565799999999998,625,0.029503105590062112,0.0
grid_g5_p3_s6_c0,5,3,6,0,38539699.35995991,0.675,0.35,0.0,0.000193192,1.39788,1.397686808,0.147236,621,0.034161490683229816,0.0
grid_g1_p3_s6_c2,1,3,6,2,2075781.6311124284,0.675,0.35,1000.0,0.00238825,1.97887,1.9764817499999998,0.307399,553,0.07763975155279502,0.04813664596273292
grid_g4_p3_s6_c1,4,3,6,1,18566355.33445113,0.675,0.35,500.0,0.00356747,1.4438,1.44023253,0.23074999999999998,609,0.04813664596273292,0.0015527950310559005
grid_g2_p3_s6_c2,2,3,6,2,4308869.380063765,0.675,0.35,1000.0,0.00103692,1.97632,1.97528308,0.312254,575,0.07298136645962733,0.024844720496894408
grid_g6_p3_s6_c0,6,3,6,0,80000000.00000003,0.675,0.35,0.0,0.00367142,1.32267,1.31899858,0.125755,622,0.03260869565217391,0.0
grid_g3_p3_s6_c2,3,3,6,2,8944271.90999916,0.675,0.35,1000.0,0.00106458,1.61969,1.61862542,0.266347,592,0.062111801242236024,0.0015527950310559005
grid_g0_p3_s6_c3,0,3,6,3,1000000.0,0.675,0.35,1500.0,0.00191858,1.98845,1.9865314200000002,0.263719,517,0.09161490683229814,0.08385093167701864
grid_g5_p3_s6_c1,5,3,6,1,38539699.35995991,0.675,0.35,500.0,0.00340682,1.30858,1.3051731800000002,0.186669,617,0.031055900621118012,0.0015527950310559005
grid_g1_p3_s6_c3,1,3,6,3,2075781.6311124284,0.675,0.35,1500.0,0.000234419,1.98436,1.9841255809999998,0.355691,556,0.06987577639751552,0.05434782608695652
grid_g4_p3_s6_c2,4,3,6,2,18566355.33445113,0.675,0.35,1000.0,0.000473322,1.50411,1.5036366780000001,0.255285,607,0.046583850931677016,0.003105590062111801
grid_g2_p3_s6_c3,2,3,6,3,4308869.380063765,0.675,0.35,1500.0,0.00415671,1.96141,1.9572532900000001,0.33444799999999997,571,0.09627329192546584,0.010869565217391304
grid_g3_p3_s6_c3,3,3,6,3,8944271.90999916,0.675,0.35,1500.0,0.000537837,1.57215,1.571612163,0.301833,592,0.059006211180124224,0.009316770186335404
grid_g6_p3_s6_c1,6,3,6,1,80000000.00000003,0.675,0.35,500.0,0.00289789,1.21239,1.20949211,0.171457,615,0.034161490683229816,0.0
grid_g0_p3_s6_c4,0,3,6,4,1000000.0,0.675,0.35,2000.0,0.00231346,1.97627,1.9739565399999999,0.401287,536,0.062111801242236024,0.07919254658385093
grid_g5_p3_s6_c2,5,3,6,2,38539699.35995991,0.675,0.35,1000.0,0.00244876,1.81837,1.81592124,0.167745,606,0.04192546583850932,0.009316770186335404
grid_g4_p3_s6_c3,4,3,6,3,18566355.33445113,0.675,0.35,1500.0,0.00114583,1.25065,1.24950417,0.266003,597,0.055900621118012424,0.0
grid_g1_p3_s6_c4,1,3,6,4,2075781.6311124284,0.675,0.35,2000.0,0.00046445,1.96085,1.96038555,0.347632,538,0.07298136645962733,0.07453416149068323
grid_g2_p3_s6_c4,2,3,6,4,4308869.380063765,0.675,0.35,2000.0,0.000329456,1.9869,1.986570544,0.351645,581,0.06677018633540373,0.023291925465838508
grid_g3_p3_s6_c4,3,3,6,4,8944271.90999916,0.675,0.35,2000.0,0.00399882,1.67697,1.67297118,0.302186,599,0.06055900621118013,0.0015527950310559005
grid_g5_p3_s6_c3,5,3,6,3,38539699.35995991,0.675,0.35,1500.0,0.00179301,1.5024,1.5006069899999999,0.16039599999999998,621,0.017080745341614908,0.006211180124223602
grid_g0_p3_s6_c5,0,3,6,5,1000000.0,0.675,0.35,2500.0,0.00259356,1.97476,1.97216644,0.303766,527,0.06366459627329192,0.08695652173913043
grid_g6_p3_s6_c2,6,3,6,2,80000000.00000003,0.675,0.35,1000.0,0.00448511,1.12238,1.1178948899999999,0.182647,610,0.03571428571428571,0.015527950310559006
grid_g1_p3_s6_c5,1,3,6,5,2075781.6311124284,0.675,0.35,2500.0,0.000618771,1.96695,1.966331229,0.202708,520,0.07453416149068323,0.10093167701863354
grid_g4_p3_s6_c4,4,3,6,4,18566355.33445113,0.675,0.35,2000.0,0.00121295,1.90009,1.89887705,0.180332,623,0.021739130434782608,0.0
grid_g2_p3_s6_c5,2,3,6,5,4308869.380063765,0.675,0.35,2500.0,0.00041253,1.74853,1.74811747,0.298869,590,0.062111801242236024,0.012422360248447204
grid_g3_p3_s6_c5,3,3,6,5,8944271.90999916,0.675,0.35,2500.0,0.00164691,1.83938,1.83773309,0.234477,599,0.031055900621118012,0.031055900621118012
grid_g6_p3_s6_c3,6,3,6,3,80000000.00000003,0.675,0.35,1500.0,0.00170302,1.22513,1.22342698,0.16869699999999999,630,0.009316770186335404,0.0
grid_g0_p3_s6_c6,0,3,6,6,1000000.0,0.675,0.35,3000.0,0.00591531,1.98964,1.98372469,0.292562,524,0.07142857142857142,0.08695652173913043
grid_g5_p3_s6_c4,5,3,6,4,38539699.35995991,0.675,0.35,2000.0,0.00347842,1.60741,1.60393158,0.160939,617,0.020186335403726708,0.018633540372670808
grid_g4_p3_s6_c5,4,3,6,5,18566355.33445113,0.675,0.35,2500.0,0.00360512,1.57066,1.56705488,0.214169,609,0.03881987577639751,0.003105590062111801
grid_g1_p3_s6_c6,1,3,6,6,2075781.6311124284,0.675,0.35,3000.0,0.00533033,1.98398,1.97864967,0.26548,587,0.049689440993788817,0.034161490683229816
grid_g2_p3_s6_c6,2,3,6,6,4308869.380063765,0.675,0.35,3000.0,0.00170907,1.8517,1.84999093,0.242219,607,0.05124223602484472,0.003105590062111801
grid_g6_p3_s6_c4,6,3,6,4,80000000.00000003,0.675,0.35,2000.0,0.000999331,0.908928,0.9079286689999999,0.186076,625,0.026397515527950312,0.003105590062111801
grid_g3_p3_s6_c6,3,3,6,6,8944271.90999916,0.675,0.35,3000.0,0.00217093,1.81012,1.80794907,0.20654899999999998,614,0.03260869565217391,0.009316770186335404
grid_g0_p4_s0_c0,0,4,0,0,1000000.0,0.75,0.0,0.0,0.000407354,1.00298,1.002572646,0.11476929999999999,622,0.03260869565217391,0.0
grid_g5_p3_s6_c5,5,3,6,5,38539699.35995991,0.675,0.35,2500.0,0.00330905,1.6266,1.6232909500000001,0.17296699999999998,630,0.012422360248447204,0.0
grid_g1_p4_s0_c0,1,4,0,0,2075781.6311124284,0.75,0.0,0.0,0.00279529,0.976687,0.97389171,0.10822960000000001,623,0.029503105590062112,0.0
grid_g4_p3_s6_c6,4,3,6,6,18566355.33445113,0.675,0.35,3000.0,0.00358706,1.98624,1.98265294,0.19045199999999998,624,0.013975155279503106,0.0015527950310559005
grid_g2_p4_s0_c0,2,4,0,0,4308869.380063765,0.75,0.0,0.0,0.000236181,0.932456,0.932219819,0.10618469999999999,621,0.029503105590062112,0.0
grid_g3_p4_s0_c0,3,4,0,0,8944271.90999916,0.75,0.0,0.0,0.00173037,1.03596,1.03422963,0.11038600000000001,625,0.029503105590062112,0.0
grid_g0_p4_s0_c1,0,4,0,1,1000000.0,0.75,0.0,500.0,0.00166049,0.903921,0.90226051,0.147425,615,0.040372670807453416,0.0
grid_g6_p3_s6_c5,6,3,6,5,80000000.00000003,0.675,0.35,2500.0,0.00263808,0.822665,0.82002692,0.200095,633,0.015527950310559006,0.0015527950310559005
grid_g5_p3_s6_c6,5,3,6,6,38539699.35995991,0.675,0.35,3000.0,0.00273683,1.01377,1.0110331700000001,0.19855,635,0.012422360248447204,0.0015527950310559005
grid_g1_p4_s0_c1,1,4,0,1,2075781.6311124284,0.75,0.0,500.0,0.000981301,0.896103,0.8951216989999999,0.131977,618,0.034161490683229816,0.0
grid_g4_p4_s0_c0,4,4,0,0,18566355.33445113,0.75,0.0,0.0,0.00242027,0.96625,0.96382973,0.10910230000000001,623,0.03260869565217391,0.0
grid_g2_p4_s0_c1,2,4,0,1,4308869.380063765,0.75,0.0,500.0,0.000194542,0.904893,0.9046984579999999,0.144131,619,0.03571428571428571,0.0
grid_g5_p4_s0_c0,5,4,0,0,38539699.35995991,0.75,0.0,0.0,0.00232502,1.06456,1.06223498,0.1140188,627,0.026397515527950312,0.0
grid_g3_p4_s0_c1,3,4,0,1,8944271.90999916,0.75,0.0,500.0,0.000126263,0.874081,0.873954737,0.141976,624,0.031055900621118012,0.0
grid_g6_p3_s6_c6,6,3,6,6,80000000.00000003,0.675,0.35,3000.0,0.00537769,1.1486,1.14322231,0.211388,618,0.040372670807453416,0.0
grid_g0_p4_s0_c2,0,4,0,2,1000000.0,0.75,0.0,1000.0,0.000863999,0.70207,0.701206001,0.17005699999999999,622,0.029503105590062112,0.0
grid_g4_p4_s0_c1,4,4,0,1,18566355.33445113,0.75,0.0,500.0,0.00236694,0.920654,0.9182870599999999,0.14498,620,0.034161490683229816,0.0
grid_g1_p4_s0_c2,1,4,0,2,2075781.6311124284,0.75,0.0,1000.0,0.0003812,0.841082,0.8407008,0.149591,622,0.029503105590062112,0.0
grid_g2_p4_s0_c2,2,4,0,2,4308869.380063765,0.75,0.0,1000.0,0.00309044,0.784225,0.7811345599999999,0.159661,618,0.026397515527950312,0.0
grid_g3_p4_s0_c2,3,4,0,2,8944271.90999916,0.75,0.0,1000.0,0.000782473,0.955105,0.954322527,0.15592699999999998,626,0.027950310559006212,0.0
grid_g0_p4_s0_c3,0,4,0,3,1000000.0,0.75,0.0,1500.0,0.000229813,0.73654,0.736310187,0.168239,624,0.031055900621118012,0.0
grid_g6_p4_s0_c0,6,4,0,0,80000000.00000003,0.75,0.0,0.0,0.00116624,1.01576,1.01459376,0.11865010000000001,626,0.027950310559006212,0.0
grid_g5_p4_s0_c1,5,4,0,1,38539699.35995991,0.75,0.0,500.0,0.000195532,0.92043,0.920234468,0.152308,614,0.04503105590062112,0.0
grid_g4_p4_s0_c2,4,4,0,2,18566355.33445113,0.75,0.0,1000.0,3.35211e-05,0.945839,0.9458054789,0.142245,626,0.027950310559006212,0.0
grid_g1_p4_s0_c3,1,4,0,3,2075781.6311124284,0.75,0.0,1500.0,0.000775059,0.708316,0.707540941,0.17137,637,0.010869565217391304,0.0
grid_g2_p4_s0_c3,2,4,0,3,4308869.380063765,0.75,0.0,1500.0,0.0018275,0.716012,0.7141845,0.172377,627,0.026397515527950312,0.0
grid_g3_p4_s0_c3,3,4,0,3,8944271.90999916,0.75,0.0,1500.0,0.00327649,0.739202,0.7359255100000001,0.169243,627,0.026397515527950312,0.0
grid_g6_p4_s0_c1,6,4,0,1,80000000.00000003,0.75,0.0,500.0,0.00218117,0.937208,0.9350268300000001,0.15259399999999998,608,0.05124223602484472,0.0
grid_g0_p4_s0_c4,0,4,0,4,1000000.0,0.75,0.0,2000.0,0.00102297,0.610075,0.6090520300000001,0.191878,633,0.017080745341614908,0.0
grid_g5_p4_s0_c2,5,4,0,2,38539699.35995991,0.75,0.0,1000.0,0.000536507,0.890145,0.889608493,0.141252,618,0.040372670807453416,0.0
grid_g1_p4_s0_c4,1,4,0,4,2075781.6311124284,0.75,0.0,2000.0,0.00524611,0.623646,0.6183998900000001,0.186697,629,0.023291925465838508,0.0
grid_g4_p4_s0_c3,4,4,0,3,18566355.33445113,0.75,0.0,1500.0,0.000498519,0.73525,0.734751481,0.182158,632,0.018633540372670808,0.0
grid_g2_p4_s0_c4,2,4,0,4,4308869.380063765,0.75,0.0,2000.0,0.000453379,0.65115,0.650696621,0.177779,628,0.024844720496894408,0.0
grid_g3_p4_s0_c4,3,4,0,4,8944271.90999916,0.75,0.0,2000.0,0.00123723,0.655988,0.65475077,0.211647,635,0.013975155279503106,0.0
grid_g0_p4_s0_c5,0,4,0,5,1000000.0,0.75,0.0,2500.0,0.000709828,0.559717,0.559007172,0.194083,639,0.007763975155279503,0.0
grid_g6_p4_s0_c2,6,4,0,2,80000000.00000003,0.75,0.0,1000.0,0.000886955,0.821545,0.820658045,0.156625,616,0.031055900621118012,0.0
grid_g5_p4_s0_c3,5,4,0,3,38539699.35995991,0.75,0.0,1500.0,3.30159e-05,0.818728,0.8186949841,0.16708,618,0.040372670807453416,0.0
grid_g1_p4_s0_c5,1,4,0,5,2075781.6311124284,0.75,0.0,2500.0,0.000375761,0.566034,0.565658239,0.221263,637,0.010869565217391304,0.0
grid_g4_p4_s0_c4,4,4,0,4,18566355.33445113,0.75,0.0,2000.0,0.00341152,0.63679,0.63337848,0.18019,624,0.026397515527950312,0.0
grid_g2_p4_s0_c5,2,4,0,5,4308869.380063765,0.75,0.0,2500.0,0.000603149,0.579683,0.5790798509999999,0.209981,629,0.023291925465838508,0.0
grid_g6_p4_s0_c3,6,4,0,3,80000000.00000003,0.75,0.0,1500.0,0.00325397,0.769739,0.7664850299999999,0.189127,616,0.043478260869565216,0.0
grid_g3_p4_s0_c5,3,4,0,5,8944271.90999916,0.75,0.0,2500.0,0.00068774,0.575577,0.57488926,0.20327399999999998,627,0.026397515527950312,0.0
grid_g0_p4_s0_c6,0,4,0,6,1000000.0,0.75,0.0,3000.0,0.00305397,0.493486,0.49043202999999996,0.20925,636,0.012422360248447204,0.0
grid_g5_p4_s0_c4,5,4,0,4,38539699.35995991,0.75,0.0,2000.0,0.000809923,0.662217,0.6614070769999999,0.192742,625,0.029503105590062112,0.0
grid_g4_p4_s0_c5,4,4,0,5,18566355.33445113,0.75,0.0,2500.0,0.00158495,0.587215,0.58563005,0.194242,642,0.003105590062111801,0.0
grid_g1_p4_s0_c6,1,4,0,6,2075781.6311124284,0.75,0.0,3000.0,7.51937e-05,0.518783,0.5187078063,0.219049,637,0.010869565217391304,0.0
grid_g2_p4_s0_c6,2,4,0,6,4308869.380063765,0.75,0.0,3000.0,0.00084943,0.50806,0.5072105699999999,0.213751,629,0.023291925465838508,0.0
grid_g6_p4_s0_c4,6,4,0,4,80000000.00000003,0.75,0.0,2000.0,0.000603843,0.661692,0.6610881569999999,0.181195,625,0.029503105590062112,0.0
grid_g3_p4_s0_c6,3,4,0,6,8944271.90999916,0.75,0.0,3000.0,0.00014318,0.54024,0.54009682,0.226597,628,0.024844720496894408,0.0
grid_g0_p4_s1_c0,0,4,1,0,1000000.0,0.75,0.0583333333333333,0.0,0.00278603,1.17409,1.17130397,0.171676,610,0.049689440993788817,0.0
grid_g5_p4_s0_c5,5,4,0,5,38539699.35995991,0.75,0.0,2500.0,0.000646015,0.586126,0.585479985,0.203458,632,0.018633540372670808,0.0
grid_g1_p4_s1_c0,1,4,1,0,2075781.6311124284,0.75,0.0583333333333333,0.0,0.00100057,1.12033,1.11932943,0.153424,610,0.049689440993788817,0.0
grid_g4_p4_s0_c6,4,4,0,6,18566355.33445113,0.75,0.0,3000.0,0.000912755,0.548902,0.547989245,0.23215,628,0.024844720496894408,0.0
grid_g2_p4_s1_c0,2,4,1,0,4308869.380063765,0.75,0.0583333333333333,0.0,0.00117545,1.07311,1.07193455,0.138597,617,0.04192546583850932,0.0
grid_g6_p4_s0_c5,6,4,0,5,80000000.00000003,0.75,0.0,2500.0,0.00430664,0.60738,0.60307336,0.20215,625,0.029503105590062112,0.0
grid_g3_p4_s1_c0,3,4,1,0,8944271.90999916,0.75,0.0583333333333333,0.0,0.00152929,1.02429,1.02276071,0.144683,616,0.043478260869565216,0.0
grid_g0_p4_s1_c1,0,4,1,1,1000000.0,0.75,0.0583333333333333,500.0,0.00264057,1.02713,1.02448943,0.158299,609,0.049689440993788817,0.0
grid_g5_p4_s0_c6,5,4,0,6,38539699.35995991,0.75,0.0,3000.0,0.000805311,0.549128,0.5483226889999999,0.215187,635,0.013975155279503106,0.0
grid_g4_p4_s1_c0,4,4,1,0,18566355.33445113,0.75,0.0583333333333333,0.0,0.00410093,1.10613,1.1020290700000002,0.13245,623,0.03260869565217391,0.0
grid_g1_p4_s1_c1,1,4,1,1,2075781.6311124284,0.75,0.0583333333333333,500.0,0.00106236,0.985362,0.9842996399999999,0.16698,610,0.052795031055900624,0.0
grid_g2_p4_s1_c1,2,4,1,1,4308869.380063765,0.75,0.0583333333333333,500.0,0.00266337,0.994062,0.99139863,0.152271,614,0.046583850931677016,0.0
grid_g3_p4_s1_c1,3,4,1,1,8944271.90999916,0.75,0.0583333333333333,500.0,0.000325439,0.917265,0.916939561,0.154275,607,0.05745341614906832,0.0
grid_g6_p4_s0_c6,6,4,0,6,80000000.00000003,0.75,0.0,3000.0,0.000516229,0.550628,0.550111771,0.21268399999999998,633,0.017080745341614908,0.0
grid_g0_p4_s1_c2,0,4,1,2,1000000.0,0.75,0.0583333333333333,1000.0,0.000762712,0.89161,0.890847288,0.166452,625,0.026397515527950312,0.0015527950310559005
grid_g5_p4_s1_c0,5,4,1,0,38539699.35995991,0.75,0.0583333333333333,0.0,0.00387488,1.0962,1.0923251200000001,0.125883,626,0.027950310559006212,0.0
grid_g4_p4_s1_c1,4,4,1,1,18566355.33445113,0.75,0.0583333333333333,500.0,0.00454752,0.917605,0.91305748,0.163037,612,0.04813664596273292,0.0
grid_g1_p4_s1_c2,1,4,1,2,2075781.6311124284,0.75,0.0583333333333333,1000.0,0.00609356,0.906199,0.9001054399999999,0.17518699999999998,616,0.03571428571428571,0.003105590062111801
grid_g2_p4_s1_c2,2,4,1,2,4308869.380063765,0.75,0.0583333333333333,1000.0,0.00335529,1.51134,1.50798471,0.173476,622,0.03260869565217391,0.0
grid_g3_p4_s1_c2,3,4,1,2,8944271.90999916,0.75,0.0583333333333333,1000.0,0.00119175,0.993835,0.99264325,0.17757499999999998,627,0.021739130434782608,0.0
grid_g0_p4_s1_c3,0,4,1,3,1000000.0,0.75,0.0583333333333333,1500.0,7.9559e-05,1.02278,1.022700441,0.173501,617,0.03881987577639751,0.003105590062111801
grid_g6_p4_s1_c0,6,4,1,0,80000000.00000003,0.75,0.0583333333333333,0.0,0.00277567,1.10187,1.09909433,0.128077,624,0.031055900621118012,0.0
grid_g5_p4_s1_c1,5,4,1,1,38539699.35995991,0.75,0.0583333333333333,500.0,0.000620842,0.962287,0.961666158,0.144004,615,0.04503105590062112,0.0
grid_g1_p4_s1_c3,1,4,1,3,2075781.6311124284,0.75,0.0583333333333333,1500.0,0.000776028,0.768805,0.768028972,0.191768,629,0.020186335403726708,0.003105590062111801
grid_g4_p4_s1_c2,4,4,1,2,18566355.33445113,0.75,0.0583333333333333,1000.0,0.000597408,1.06261,1.062012592,0.16358399999999998,624,0.031055900621118012,0.0
grid_g2_p4_s1_c3,2,4,1,3,4308869.380063765,0.75,0.0583333333333333,1500.0,0.00146306,0.727168,0.7257049400000001,0.185468,627,0.023291925465838508,0.003105590062111801
grid_g6_p4_s1_c1,6,4,1,1,80000000.00000003,0.75,0.0583333333333333,500.0,6.45974e-06,0.938393,0.93838654026,0.169384,616,0.04192546583850932,0.0
grid_g3_p4_s1_c3,3,4,1,3,8944271.90999916,0.75,0.0583333333333333,1500.0,0.001468,0.874027,0.872559,0.193805,633,0.017080745341614908,0.0
grid_g0_p4_s1_c4,0,4,1,4,1000000.0,0.75,0.0583333333333333,2000.0,0.00285425,0.790351,0.7874967500000001,0.191713,636,0.010869565217391304,0.0015527950310559005
grid_g5_p4_s1_c2,5,4,1,2,38539699.35995991,0.75,0.0583333333333333,1000.0,0.000859855,0.987088,0.986228145,0.163231,619,0.03881987577639751,0.0
grid_g4_p4_s1_c3,4,4,1,3,18566355.33445113,0.75,0.0583333333333333,1500.0,0.000551977,0.770522,0.7699700230000001,0.192683,629,0.023291925465838508,0.0
grid_g1_p4_s1_c4,1,4,1,4,2075781.6311124284,0.75,0.0583333333333333,2000.0,0.00201102,0.680328,0.6783169800000001,0.200816,636,0.009316770186335404,0.003105590062111801
grid_g2_p4_s1_c4,2,4,1,4,4308869.380063765,0.75,0.0583333333333333,2000.0,0.00119211,0.757849,0.75665689,0.169787,624,0.023291925465838508,0.0015527950310559005
grid_g3_p4_s1_c4,3,4,1,4,8944271.90999916,0.75,0.0583333333333333,2000.0,0.00115602,0.655764,0.65460798,0.191887,616,0.029503105590062112,0.0
grid_g0_p4_s1_c5,0,4,1,5,1000000.0,0.75,0.0583333333333333,2500.0,0.00072301,0.96733,0.96660699,0.201668,631,0.017080745341614908,0.003105590062111801
grid_g6_p4_s1_c2,6,4,1,2,80000000.00000003,0.75,0.0583333333333333,1000.0,0.00260237,0.949541,0.94693863,0.174102,624,0.031055900621118012,0.0
grid_g5_p4_s1_c3,5,4,1,3,38539699.35995991,0.75,0.0583333333333333,1500.0,0.00272277,0.865615,0.86289223,0.18481999999999998,635,0.013975155279503106,0.0
grid_g1_p4_s1_c5,1,4,1,5,2075781.6311124284,0.75,0.0583333333333333,2500.0,0.000246928,0.91664,0.916393072,0.21312,637,0.009316770186335404,0.0015527950310559005
grid_g4_p4_s1_c4,4,4,1,4,18566355.33445113,0.75,0.0583333333333333,2000.0,0.00173333,0.698039,0.69630567,0.17629899999999998,620,0.037267080745341616,0.0
grid_g2_p4_s1_c5,2,4,1,5,4308869.380063765,0.75,0.0583333333333333,2500.0,0.00106903,0.664635,0.66356597,0.20760599999999998,633,0.017080745341614908,0.0
grid_g6_p4_s1_c3,6,4,1,3,80000000.00000003,0.75,0.0583333333333333,1500.0,0.00242753,0.77392,0.7714924700000001,0.196789,623,0.03260869565217391,0.0
grid_g3_p4_s1_c5,3,4,1,5,8944271.90999916,0.75,0.0583333333333333,2500.0,0.00146117,0.668328,0.66686683,0.205557,632,0.018633540372670808,0.0
grid_g0_p4_s1_c6,0,4,1,6,1000000.0,0.75,0.0583333333333333,3000.0,0.00133234,0.75815,0.75681766,0.190502,636,0.010869565217391304,0.0
grid_g5_p4_s1_c4,5,4,1,4,38539699.35995991,0.75,0.0583333333333333,2000.0,0.000264394,0.698366,0.698101606,0.168617,620,0.037267080745341616,0.0
grid_g1_p4_s1_c6,1,4,1,6,2075781.6311124284,0.75,0.0583333333333333,3000.0,0.000570586,1.19798,1.197409414,0.224611,632,0.017080745341614908,0.0015527950310559005
grid_g4_p4_s1_c5,4,4,1,5,18566355.33445113,0.75,0.0583333333333333,2500.0,0.004181,0.648902,0.644721,0.22542099999999998,641,0.004658385093167702,0.0
grid_g2_p4_s1_c6,2,4,1,6,4308869.380063765,0.75,0.0583333333333333,3000.0,0.0026535,0.6044,0.6017465000000001,0.205169,621,0.034161490683229816,0.0015527950310559005
grid_g6_p4_s1_c4,6,4,1,4,80000000.00000003,0.75,0.0583333333333333,2000.0,1.48329e-05,0.688026,0.6880111671,0.217639,637,0.010869565217391304,0.0
grid_g0_p4_s2_c0,0,4,2,0,1000000.0,0.75,0.1166666666666666,0.0,0.00144699,1.34043,1.33898301,0.193828,599,0.06987577639751552,0.0
grid_g3_p4_s1_c6,3,4,1,6,8944271.90999916,0.75,0.0583333333333333,3000.0,0.00154128,0.602291,0.60074972,0.233365,630,0.021739130434782608,0.0
grid_g5_p4_s1_c5,5,4,1,5,38539699.35995991,0.75,0.0583333333333333,2500.0,3.21116e-05,0.646558,0.6465258883999999,0.23161299999999999,630,0.021739130434782608,0.0
grid_g1_p4_s2_c0,1,4,2,0,2075781.6311124284,0.75,0.1166666666666666,0.0,0.00440657,1.23982,1.23541343,0.167879,604,0.06055900621118013,0.0
grid_g4_p4_s1_c6,4,4,1,6,18566355.33445113,0.75,0.0583333333333333,3000.0,0.0011438,0.603023,0.6018792,0.211524,630,0.021739130434782608,0.0
grid_g2_p4_s2_c0,2,4,2,0,4308869.380063765,0.75,0.1166666666666666,0.0,0.00017245,1.17768,1.17750755,0.171271,613,0.046583850931677016,0.0
grid_g3_p4_s2_c0,3,4,2,0,8944271.90999916,0.75,0.1166666666666666,0.0,0.000219897,1.08928,1.089060103,0.15224,626,0.027950310559006212,0.0
grid_g0_p4_s2_c1,0,4,2,1,1000000.0,0.75,0.1166666666666666,500.0,0.000539537,1.21558,1.215040463,0.19009199999999998,599,0.06521739130434782,0.0
grid_g6_p4_s1_c5,6,4,1,5,80000000.00000003,0.75,0.0583333333333333,2500.0,9.5293e-05,0.641368,0.641272707,0.21029699999999998,630,0.021739130434782608,0.0
grid_g5_p4_s1_c6,5,4,1,6,38539699.35995991,0.75,0.0583333333333333,3000.0,0.000725268,0.565825,0.5650997320000001,0.228534,623,0.03260869565217391,0.0
grid_g1_p4_s2_c1,1,4,2,1,2075781.6311124284,0.75,0.1166666666666666,500.0,0.0014443,1.14111,1.1396657000000001,0.21406799999999998,592,0.07608695652173914,0.0
grid_g4_p4_s2_c0,4,4,2,0,18566355.33445113,0.75,0.1166666666666666,0.0,0.000228504,1.09923,1.0990014959999999,0.131369,622,0.03260869565217391,0.0
grid_g2_p4_s2_c1,2,4,2,1,4308869.380063765,0.75,0.1166666666666666,500.0,0.00160997,1.03516,1.03355003,0.202238,608,0.05434782608695652,0.0015527950310559005
grid_g3_p4_s2_c1,3,4,2,1,8944271.90999916,0.75,0.1166666666666666,500.0,0.000190135,0.995175,0.994984865,0.16014799999999998,614,0.037267080745341616,0.0
grid_g0_p4_s2_c2,0,4,2,2,1000000.0,0.75,0.1166666666666666,1000.0,0.000667702,1.16614,1.1654722979999999,0.197685,607,0.04813664596273292,0.0015527950310559005
grid_g6_p4_s1_c6,6,4,1,6,80000000.00000003,0.75,0.0583333333333333,3000.0,0.000487053,0.585725,0.5852379470000001,0.230922,640,0.006211180124223602,0.0
grid_g5_p4_s2_c0,5,4,2,0,38539699.35995991,0.75,0.1166666666666666,0.0,0.00043387,1.07817,1.0777361300000001,0.137574,626,0.026397515527950312,0.0
grid_g4_p4_s2_c1,4,4,2,1,18566355.33445113,0.75,0.1166666666666666,500.0,0.00125749,0.997497,0.99623951,0.16752,623,0.03260869565217391,0.0
grid_g1_p4_s2_c2,1,4,2,2,2075781.6311124284,0.75,0.1166666666666666,1000.0,0.00281601,1.026,1.02318399,0.183415,598,0.05745341614906832,0.003105590062111801
grid_g2_p4_s2_c2,2,4,2,2,4308869.380063765,0.75,0.1166666666666666,1000.0,0.00231332,1.05078,1.04846668,0.170931,611,0.04503105590062112,0.0
grid_g3_p4_s2_c2,3,4,2,2,8944271.90999916,0.75,0.1166666666666666,1000.0,0.00378533,0.846918,0.8431326699999999,0.17529899999999998,607,0.03571428571428571,0.015527950310559006
grid_g0_p4_s2_c3,0,4,2,3,1000000.0,0.75,0.1166666666666666,1500.0,0.000168838,1.02933,1.029161162,0.191412,593,0.07298136645962733,0.003105590062111801
grid_g6_p4_s2_c0,6,4,2,0,80000000.00000003,0.75,0.1166666666666666,0.0,0.000852364,1.12765,1.126797636,0.13001,627,0.026397515527950312,0.0
grid_g5_p4_s2_c1,5,4,2,1,38539699.35995991,0.75,0.1166666666666666,500.0,0.000575857,0.940059,0.939483143,0.161264,609,0.049689440993788817,0.0
grid_g1_p4_s2_c3,1,4,2,3,2075781.6311124284,0.75,0.1166666666666666,1500.0,0.000875481,1.26177,1.260894519,0.194847,617,0.040372670807453416,0.0015527950310559005
grid_g4_p4_s2_c2,4,4,2,2,18566355.33445113,0.75,0.1166666666666666,1000.0,0.000248362,1.06344,1.063191638,0.179027,612,0.027950310559006212,0.0
grid_g2_p4_s2_c3,2,4,2,3,4308869.380063765,0.75,0.1166666666666666,1500.0,6.32902e-05,1.39196,1.3918967098000001,0.186973,620,0.03571428571428571,0.0015527950310559005
grid_g3_p4_s2_c3,3,4,2,3,8944271.90999916,0.75,0.1166666666666666,1500.0,0.00340805,0.944137,0.94072895,0.181815,616,0.031055900621118012,0.007763975155279503
grid_g0_p4_s2_c4,0,4,2,4,1000000.0,0.75,0.1166666666666666,2000.0,0.00177299,1.15881,1.1570370099999998,0.187923,626,0.024844720496894408,0.0015527950310559005
grid_g6_p4_s2_c1,6,4,2,1,80000000.00000003,0.75,0.1166666666666666,500.0,0.00292952,0.956947,0.95401748,0.160522,618,0.037267080745341616,0.0
grid_g5_p4_s2_c2,5,4,2,2,38539699.35995991,0.75,0.1166666666666666,1000.0,0.00218056,1.00843,1.00624944,0.165884,626,0.026397515527950312,0.0
grid_g4_p4_s2_c3,4,4,2,3,18566355.33445113,0.75,0.1166666666666666,1500.0,0.00481389,0.965338,0.96052411,0.172539,611,0.05124223602484472,0.0
grid_g1_p4_s2_c4,1,4,2,4,2075781.6311124284,0.75,0.1166666666666666,2000.0,0.00149631,0.99238,0.9908836900000001,0.21723199999999998,613,0.029503105590062112,0.006211180124223602
grid_g2_p4_s2_c4,2,4,2,4,4308869.380063765,0.75,0.1166666666666666,2000.0,0.00173626,0.942209,0.9404727399999999,0.20818,614,0.043478260869565216,0.0015527950310559005
grid_g6_p4_s2_c2,6,4,2,2,80000000.00000003,0.75,0.1166666666666666,1000.0,0.00132773,0.867807,0.86647927,0.176311,616,0.03260869565217391,0.0
grid_g3_p4_s2_c4,3,4,2,4,8944271.90999916,0.75,0.1166666666666666,2000.0,0.00141588,1.5504,1.54898412,0.20199599999999998,637,0.010869565217391304,0.0
grid_g0_p4_s2_c5,0,4,2,5,1000000.0,0.75,0.1166666666666666,2500.0,0.000158492,1.22978,1.2296215080000001,0.20557799999999998,621,0.017080745341614908,0.004658385093167702
grid_g5_p4_s2_c3,5,4,2,3,38539699.35995991,0.75,0.1166666666666666,1500.0,0.00023944,0.89253,0.8922905600000001,0.19632,630,0.021739130434782608,0.0
grid_g1_p4_s2_c5,1,4,2,5,2075781.6311124284,0.75,0.1166666666666666,2500.0,0.00154897,1.24543,1.24388103,0.197294,630,0.017080745341614908,0.0015527950310559005
grid_g4_p4_s2_c4,4,4,2,4,18566355.33445113,0.75,0.1166666666666666,2000.0,0.00399705,0.726093,0.72209595,0.204641,611,0.037267080745341616,0.0
grid_g2_p4_s2_c5,2,4,2,5,4308869.380063765,0.75,0.1166666666666666,2500.0,0.00212392,0.683016,0.68089208,0.220906,619,0.03571428571428571,0.0015527950310559005
grid_g6_p4_s2_c3,6,4,2,3,80000000.00000003,0.75,0.1166666666666666,1500.0,0.000890688,0.93991,0.939019312,0.16094899999999998,618,0.040372670807453416,0.0
grid_g3_p4_s2_c5,3,4,2,5,8944271.90999916,0.75,0.1166666666666666,2500.0,0.000822142,0.690324,0.6895018580000001,0.18905,622,0.020186335403726708,0.006211180124223602
grid_g0_p4_s2_c6,0,4,2,6,1000000.0,0.75,0.1166666666666666,3000.0,0.00197392,0.943023,0.94104908,0.200022,621,0.027950310559006212,0.004658385093167702
grid_g5_p4_s2_c4,5,4,2,4,38539699.35995991,0.75,0.1166666666666666,2000.0,0.000536461,0.758928,0.758391539,0.19896899999999998,628,0.024844720496894408,0.0
grid_g4_p4_s2_c5,4,4,2,5,18566355.33445113,0.75,0.1166666666666666,2500.0,0.000771034,0.718417,0.717645966,0.20044499999999998,625,0.029503105590062112,0.0
grid_g1_p4_s2_c6,1,4,2,6,2075781.6311124284,0.75,0.1166666666666666,3000.0,0.000507915,1.12686,1.126352085,0.217183,626,0.023291925465838508,0.0
grid_g2_p4_s2_c6,2,4,2,6,4308869.380063765,0.75,0.1166666666666666,3000.0,0.00236038,0.674093,0.67173262,0.218637,626,0.024844720496894408,0.0015527950310559005
grid_g6_p4_s2_c4,6,4,2,4,80000000.00000003,0.75,0.1166666666666666,2000.0,2.10904e-05,0.713951,0.7139299096,0.196077,624,0.031055900621118012,0.0
grid_g3_p4_s2_c6,3,4,2,6,8944271.90999916,0.75,0.1166666666666666,3000.0,0.000211898,0.742324,0.742112102,0.25413800000000003,640,0.006211180124223602,0.0
grid_g0_p4_s3_c0,0,4,3,0,1000000.0,0.75,0.175,0.0,0.0024486,1.48981,1.4873614000000002,0.256447,595,0.07453416149068323,0.0
grid_g5_p4_s2_c5,5,4,2,5,38539699.35995991,0.75,0.1166666666666666,2500.0,0.000903242,0.694885,0.693981758,0.20116299999999998,632,0.018633540372670808,0.0
grid_g4_p4_s2_c6,4,4,2,6,18566355.33445113,0.75,0.1166666666666666,3000.0,0.00230706,0.70888,0.7065729399999999,0.197413,633,0.017080745341614908,0.0
grid_g1_p4_s3_c0,1,4,3,0,2075781.6311124284,0.75,0.175,0.0,0.00101917,1.34142,1.34040083,0.236237,601,0.06677018633540373,0.0
grid_g2_p4_s3_c0,2,4,3,0,4308869.380063765,0.75,0.175,0.0,0.00439415,1.20096,1.19656585,0.19367299999999998,597,0.07142857142857142,0.0
grid_g3_p4_s3_c0,3,4,3,0,8944271.90999916,0.75,0.175,0.0,0.000387701,1.18725,1.186862299,0.146482,619,0.037267080745341616,0.0
grid_g0_p4_s3_c1,0,4,3,1,1000000.0,0.75,0.175,500.0,0.000260183,1.35175,1.351489817,0.273488,572,0.10093167701863354,0.0
grid_g6_p4_s2_c5,6,4,2,5,80000000.00000003,0.75,0.1166666666666666,2500.0,0.00147709,0.655173,0.65369591,0.20602099999999998,628,0.024844720496894408,0.0
grid_g5_p4_s2_c6,5,4,2,6,38539699.35995991,0.75,0.1166666666666666,3000.0,0.00109768,0.655374,0.65427632,0.23538099999999998,638,0.009316770186335404,0.0
grid_g1_p4_s3_c1,1,4,3,1,2075781.6311124284,0.75,0.175,500.0,0.00174882,1.40826,1.40651118,0.231175,600,0.06832298136645963,0.0
grid_g4_p4_s3_c0,4,4,3,0,18566355.33445113,0.75,0.175,0.0,0.00117538,1.11776,1.11658462,0.14373,627,0.026397515527950312,0.0
grid_g2_p4_s3_c1,2,4,3,1,4308869.380063765,0.75,0.175,500.0,0.000466995,1.14304,1.142573005,0.223845,591,0.07142857142857142,0.0
grid_g3_p4_s3_c1,3,4,3,1,8944271.90999916,0.75,0.175,500.0,0.000408869,1.1514,1.150991131,0.18628,610,0.046583850931677016,0.0
grid_g0_p4_s3_c2,0,4,3,2,1000000.0,0.75,0.175,1000.0,0.000898421,1.34645,1.3455515789999999,0.242818,599,0.05434782608695652,0.006211180124223602
grid_g6_p4_s2_c6,6,4,2,6,80000000.00000003,0.75,0.1166666666666666,3000.0,0.00203603,0.595937,0.5939009700000001,0.234922,637,0.010869565217391304,0.0
grid_g5_p4_s3_c0,5,4,3,0,38539699.35995991,0.75,0.175,0.0,0.0014832,1.03451,1.0330268,0.135297,621,0.026397515527950312,0.0
grid_g1_p4_s3_c2,1,4,3,2,2075781.6311124284,0.75,0.175,1000.0,0.00202664,1.18458,1.18255336,0.241888,584,0.08695652173913043,0.0
grid_g4_p4_s3_c1,4,4,3,1,18566355.33445113,0.75,0.175,500.0,0.00357491,1.018,1.01442509,0.177747,607,0.05434782608695652,0.0
grid_g2_p4_s3_c2,2,4,3,2,4308869.380063765,0.75,0.175,1000.0,0.000103098,1.0587,1.058596902,0.20419099999999998,607,0.05434782608695652,0.0
grid_g0_p4_s3_c3,0,4,3,3,1000000.0,0.75,0.175,1500.0,0.0035983,1.21035,1.2067517,0.25946400000000003,596,0.06521739130434782,0.003105590062111801
grid_g3_p4_s3_c2,3,4,3,2,8944271.90999916,0.75,0.175,1000.0,0.00185932,0.983094,0.98123468,0.19023099999999998,609,0.049689440993788817,0.004658385093167702
grid_g6_p4_s3_c0,6,4,3,0,80000000.00000003,0.75,0.175,0.0,7.24855e-05,1.13312,1.1330475144999999,0.131094,632,0.018633540372670808,0.0
grid_g5_p4_s3_c1,5,4,3,1,38539699.35995991,0.75,0.175,500.0,0.00208699,1.00976,1.00767301,0.168103,615,0.040372670807453416,0.003105590062111801
grid_g1_p4_s3_c3,1,4,3,3,2075781.6311124284,0.75,0.175,1500.0,0.000664962,1.34159,1.340925038,0.224125,587,0.06055900621118013,0.003105590062111801
grid_g4_p4_s3_c2,4,4,3,2,18566355.33445113,0.75,0.175,1000.0,0.000516147,0.926976,0.926459853,0.18842399999999998,616,0.03260869565217391,0.0015527950310559005
grid_g2_p4_s3_c3,2,4,3,3,4308869.380063765,0.75,0.175,1500.0,0.00307323,1.20944,1.20636677,0.228599,585,0.07763975155279502,0.003105590062111801
grid_g3_p4_s3_c3,3,4,3,3,8944271.90999916,0.75,0.175,1500.0,0.000897593,0.86701,0.8661124069999999,0.229345,609,0.052795031055900624,0.0015527950310559005
grid_g0_p4_s3_c4,0,4,3,4,1000000.0,0.75,0.175,2000.0,0.00302936,1.22896,1.22593064,0.216504,599,0.06055900621118013,0.003105590062111801
grid_g6_p4_s3_c1,6,4,3,1,80000000.00000003,0.75,0.175,500.0,0.00172453,0.959025,0.9573004700000001,0.149228,619,0.037267080745341616,0.0
grid_g5_p4_s3_c2,5,4,3,2,38539699.35995991,0.75,0.175,1000.0,0.00350893,1.3285,1.32499107,0.207651,612,0.049689440993788817,0.0
grid_g1_p4_s3_c4,1,4,3,4,2075781.6311124284,0.75,0.175,2000.0,0.00130306,1.59859,1.59728694,0.190717,613,0.043478260869565216,0.0
grid_g4_p4_s3_c3,4,4,3,3,18566355.33445113,0.75,0.175,1500.0,0.00360935,0.822539,0.8189296500000001,0.19339299999999998,616,0.03571428571428571,0.0
grid_g2_p4_s3_c4,2,4,3,4,4308869.380063765,0.75,0.175,2000.0,0.00060697,1.16393,1.16332303,0.223958,620,0.03571428571428571,0.0
grid_g3_p4_s3_c4,3,4,3,4,8944271.90999916,0.75,0.175,2000.0,0.00145742,0.763618,0.76216058,0.21962199999999998,628,0.020186335403726708,0.003105590062111801
grid_g0_p4_s3_c5,0,4,3,5,1000000.0,0.75,0.175,2500.0,0.0014291,1.36151,1.3600809,0.207725,614,0.03571428571428571,0.0015527950310559005
grid_g6_p4_s3_c2,6,4,3,2,80000000.00000003,0.75,0.175,1000.0,0.000377228,0.824768,0.824390772,0.195716,619,0.03260869565217391,0.0015527950310559005
grid_g5_p4_s3_c3,5,4,3,3,38539699.35995991,0.75,0.175,1500.0,0.000644717,0.807903,0.807258283,0.18898299999999998,631,0.017080745341614908,0.0015527950310559005
grid_g1_p4_s3_c5,1,4,3,5,2075781.6311124284,0.75,0.175,2500.0,0.0034145,1.31499,1.3115755,0.198536,607,0.029503105590062112,0.0015527950310559005
grid_g4_p4_s3_c4,4,4,3,4,18566355.33445113,0.75,0.175,2000.0,0.00101873,0.755743,0.7547242700000001,0.200936,627,0.020186335403726708,0.0
grid_g2_p4_s3_c5,2,4,3,5,4308869.380063765,0.75,0.175,2500.0,0.00212669,0.877762,0.8756353100000001,0.20998,601,0.059006211180124224,0.003105590062111801
grid_g3_p4_s3_c5,3,4,3,5,8944271.90999916,0.75,0.175,2500.0,0.00288256,0.740915,0.73803244,0.19980499999999998,620,0.026397515527950312,0.003105590062111801
grid_g0_p4_s3_c6,0,4,3,6,1000000.0,0.75,0.175,3000.0,0.000346493,1.32006,1.3197135070000001,0.198757,610,0.037267080745341616,0.004658385093167702
grid_g6_p4_s3_c3,6,4,3,3,80000000.00000003,0.75,0.175,1500.0,0.000794243,1.06672,1.0659257569999998,0.204238,627,0.026397515527950312,0.0
grid_g5_p4_s3_c4,5,4,3,4,38539699.35995991,0.75,0.175,2000.0,0.00215413,0.715113,0.71295887,0.19319999999999998,639,0.004658385093167702,0.0015527950310559005
grid_g1_p4_s3_c6,1,4,3,6,2075781.6311124284,0.75,0.175,3000.0,3.03133e-05,1.01643,1.0163996867,0.226163,616,0.03571428571428571,0.003105590062111801
grid_g4_p4_s3_c5,4,4,3,5,18566355.33445113,0.75,0.175,2500.0,0.0011278,0.812109,0.8109812,0.193001,615,0.043478260869565216,0.0015527950310559005
grid_g2_p4_s3_c6,2,4,3,6,4308869.380063765,0.75,0.175,3000.0,0.00110669,0.920804,0.91969731,0.204018,620,0.03571428571428571,0.0
grid_g6_p4_s3_c4,6,4,3,4,80000000.00000003,0.75,0.175,2000.0,0.00135875,0.680204,0.6788452500000001,0.21237499999999998,631,0.018633540372670808,0.0015527950310559005
grid_g3_p4_s3_c6,3,4,3,6,8944271.90999916,0.75,0.175,3000.0,0.00439801,0.664007,0.6596089900000001,0.23901999999999998,621,0.031055900621118012,0.003105590062111801
grid_g0_p4_s4_c0,0,4,4,0,1000000.0,0.75,0.2333333333333333,0.0,0.0049655,1.69863,1.6936645000000001,0.285002,587,0.06366459627329192,0.0
grid_g5_p4_s3_c5,5,4,3,5,38539699.35995991,0.75,0.175,2500.0,0.00497398,0.632483,0.62750902,0.21076499999999998,622,0.027950310559006212,0.006211180124223602
grid_g4_p4_s3_c6,4,4,3,6,18566355.33445113,0.75,0.175,3000.0,0.000103323,1.4472,1.447096677,0.216164,629,0.010869565217391304,0.0
grid_g1_p4_s4_c0,1,4,4,0,2075781.6311124284,0.75,0.2333333333333333,0.0,0.00237004,1.4126,1.4102299600000001,0.316928,593,0.07608695652173914,0.0
grid_g2_p4_s4_c0,2,4,4,0,4308869.380063765,0.75,0.2333333333333333,0.0,0.00298748,1.30751,1.30452252,0.226954,607,0.05745341614906832,0.0
grid_g3_p4_s4_c0,3,4,4,0,8944271.90999916,0.75,0.2333333333333333,0.0,0.0037286,1.25354,1.2498114,0.199049,615,0.04503105590062112,0.0
grid_g6_p4_s3_c5,6,4,3,5,80000000.00000003,0.75,0.175,2500.0,0.000260496,0.72707,0.726809504,0.201239,640,0.006211180124223602,0.0
grid_g0_p4_s4_c1,0,4,4,1,1000000.0,0.75,0.2333333333333333,500.0,0.000915062,1.61014,1.6092249379999999,0.384023,588,0.059006211180124224,0.0015527950310559005
grid_g5_p4_s3_c6,5,4,3,6,38539699.35995991,0.75,0.175,3000.0,0.00531661,0.624826,0.6195093899999999,0.20382,634,0.013975155279503106,0.0015527950310559005
grid_g1_p4_s4_c1,1,4,4,1,2075781.6311124284,0.75,0.2333333333333333,500.0,0.00156121,1.59572,1.59415879,0.286987,602,0.05745341614906832,0.0
grid_g4_p4_s4_c0,4,4,4,0,18566355.33445113,0.75,0.2333333333333333,0.0,0.0027006,1.1524,1.1496994,0.152055,623,0.031055900621118012,0.0
grid_g2_p4_s4_c1,2,4,4,1,4308869.380063765,0.75,0.2333333333333333,500.0,0.00283938,1.28415,1.28131062,0.27489399999999997,592,0.07763975155279502,0.0015527950310559005
grid_g6_p4_s3_c6,6,4,3,6,80000000.00000003,0.75,0.175,3000.0,4.42116e-05,0.613761,0.6137167884,0.237367,632,0.018633540372670808,0.0
grid_g3_p4_s4_c1,3,4,4,1,8944271.90999916,0.75,0.2333333333333333,500.0,0.00321423,1.24808,1.24486577,0.189271,612,0.04192546583850932,0.0015527950310559005
grid_g0_p4_s4_c2,0,4,4,2,1000000.0,0.75,0.2333333333333333,1000.0,0.000120952,1.60526,1.6051390479999998,0.311871,580,0.09161490683229814,0.003105590062111801
grid_g5_p4_s4_c0,5,4,4,0,38539699.35995991,0.75,0.2333333333333333,0.0,9.03245e-05,1.1142,1.1141096755000002,0.133672,626,0.027950310559006212,0.0
grid_g1_p4_s4_c2,1,4,4,2,2075781.6311124284,0.75,0.2333333333333333,1000.0,0.0021267,1.55032,1.5481932999999999,0.271415,590,0.07298136645962733,0.0015527950310559005
grid_g4_p4_s4_c1,4,4,4,1,18566355.33445113,0.75,0.2333333333333333,500.0,0.00155487,1.04155,1.0399951299999999,0.19317399999999998,604,0.052795031055900624,0.0
grid_g2_p4_s4_c2,2,4,4,2,4308869.380063765,0.75,0.2333333333333333,1000.0,0.00182946,1.29113,1.2893005400000002,0.21770499999999998,608,0.052795031055900624,0.0015527950310559005
grid_g3_p4_s4_c2,3,4,4,2,8944271.90999916,0.75,0.2333333333333333,1000.0,0.00247771,1.1431,1.14062229,0.21420799999999998,606,0.04503105590062112,0.0
grid_g0_p4_s4_c3,0,4,4,3,1000000.0,0.75,0.2333333333333333,1500.0,0.0068274,1.51581,1.5089826000000002,0.272235,573,0.08074534161490683,0.012422360248447204
grid_g6_p4_s4_c0,6,4,4,0,80000000.00000003,0.75,0.2333333333333333,0.0,0.00203527,1.15373,1.15169473,0.13253,625,0.029503105590062112,0.0
grid_g5_p4_s4_c1,5,4,4,1,38539699.35995991,0.75,0.2333333333333333,500.0,0.00346729,1.03079,1.0273227100000002,0.163065,620,0.037267080745341616,0.0
grid_g1_p4_s4_c3,1,4,4,3,2075781.6311124284,0.75,0.2333333333333333,1500.0,0.000881252,1.43841,1.4375287479999999,0.258587,588,0.07142857142857142,0.0015527950310559005
grid_g4_p4_s4_c2,4,4,4,2,18566355.33445113,0.75,0.2333333333333333,1000.0,6.3736e-05,0.949584,0.949520264,0.19957999999999998,614,0.03881987577639751,0.0
grid_g2_p4_s4_c3,2,4,4,3,4308869.380063765,0.75,0.2333333333333333,1500.0,0.0019104,1.16604,1.1641295999999999,0.22245399999999999,589,0.059006211180124224,0.0
grid_g3_p4_s4_c3,3,4,4,3,8944271.90999916,0.75,0.2333333333333333,1500.0,0.00210762,1.0983,1.09619238,0.20790699999999998,605,0.046583850931677016,0.0015527950310559005
grid_g6_p4_s4_c1,6,4,4,1,80000000.00000003,0.75,0.2333333333333333,500.0,0.000868934,1.00298,1.0021110659999999,0.158045,625,0.027950310559006212,0.0
grid_g0_p4_s4_c4,0,4,4,4,1000000.0,0.75,0.2333333333333333,2000.0,0.00362931,1.38722,1.38359069,0.335899,585,0.07608695652173914,0.003105590062111801
grid_g5_p4_s4_c2,5,4,4,2,38539699.35995991,0.75,0.2333333333333333,1000.0,0.00362309,1.52127,1.5176469099999998,0.174931,613,0.040372670807453416,0.0
grid_g1_p4_s4_c4,1,4,4,4,2075781.6311124284,0.75,0.2333333333333333,2000.0,0.00707339,1.51842,1.5113466100000001,0.241697,596,0.06677018633540373,0.0
grid_g4_p4_s4_c3,4,4,4,3,18566355.33445113,0.75,0.2333333333333333,1500.0,0.000912118,1.29673,1.295817882,0.196956,630,0.020186335403726708,0.0
grid_g2_p4_s4_c4,2,4,4,4,4308869.380063765,0.75,0.2333333333333333,2000.0,0.00250338,1.96357,1.96106662,0.20665,609,0.043478260869565216,0.0
grid_g3_p4_s4_c4,3,4,4,4,8944271.90999916,0.75,0.2333333333333333,2000.0,0.00183706,1.49617,1.49433294,0.21165799999999999,615,0.040372670807453416,0.0
grid_g0_p4_s4_c5,0,4,4,5,1000000.0,0.75,0.2333333333333333,2500.0,0.00105997,1.44928,1.4482200299999999,0.272241,586,0.07763975155279502,0.0
grid_g6_p4_s4_c2,6,4,4,2,80000000.00000003,0.75,0.2333333333333333,1000.0,0.00126456,1.66001,1.65874544,0.17806,620,0.026397515527950312,0.0
grid_g5_p4_s4_c3,5,4,4,3,38539699.35995991,0.75,0.2333333333333333,1500.0,0.000624525,1.50015,1.499525475,0.19536599999999998,611,0.03881987577639751,0.0
grid_g1_p4_s4_c5,1,4,4,5,2075781.6311124284,0.75,0.2333333333333333,2500.0,0.000678153,1.51018,1.5095018470000001,0.230318,597,0.059006211180124224,0.004658385093167702
grid_g4_p4_s4_c4,4,4,4,4,18566355.33445113,0.75,0.2333333333333333,2000.0,0.0031143,0.867824,0.8647097,0.228848,613,0.03881987577639751,0.0
grid_g2_p4_s4_c5,2,4,4,5,4308869.380063765,0.75,0.2333333333333333,2500.0,0.000385933,0.975751,0.975365067,0.22314699999999998,619,0.026397515527950312,0.004658385093167702
grid_g3_p4_s4_c5,3,4,4,5,8944271.90999916,0.75,0.2333333333333333,2500.0,0.000148744,1.08584,1.0856912559999998,0.24134,600,0.059006211180124224,0.0015527950310559005
grid_g0_p4_s4_c6,0,4,4,6,1000000.0,0.75,0.2333333333333333,3000.0,0.00293247,1.33516,1.33222753,0.262662,584,0.07919254658385093,0.004658385093167702
grid_g6_p4_s4_c3,6,4,4,3,80000000.00000003,0.75,0.2333333333333333,1500.0,0.000222264,0.71136,0.711137736,0.209902,614,0.043478260869565216,0.0015527950310559005
grid_g5_p4_s4_c4,5,4,4,4,38539699.35995991,0.75,0.2333333333333333,2000.0,0.00178717,0.831587,0.82979983,0.210117,626,0.026397515527950312,0.0015527950310559005
grid_g1_p4_s4_c6,1,4,4,6,2075781.6311124284,0.75,0.2333333333333333,3000.0,0.00216565,1.39614,1.39397435,0.21118099999999998,613,0.031055900621118012,0.0
grid_g4_p4_s4_c5,4,4,4,5,18566355.33445113,0.75,0.2333333333333333,2500.0,0.0010495,0.739079,0.7380295,0.223069,622,0.03260869565217391,0.0015527950310559005
grid_g2_p4_s4_c6,2,4,4,6,4308869.380063765,0.75,0.2333333333333333,3000.0,0.00603984,1.08266,1.07662016,0.20721299999999998,626,0.021739130434782608,0.0015527950310559005
grid_g6_p4_s4_c4,6,4,4,4,80000000.00000003,0.75,0.2333333333333333,2000.0,0.000695503,0.814653,0.813957497,0.22428199999999998,628,0.023291925465838508,0.0
grid_g3_p4_s4_c6,3,4,4,6,8944271.90999916,0.75,0.2333333333333333,3000.0,0.00430764,1.46362,1.45931236,0.207588,620,0.03260869565217391,0.0015527950310559005
grid_g0_p4_s5_c0,0,4,5,0,1000000.0,0.75,0.2916666666666666,0.0,0.00105423,1.68773,1.68667577,0.291005,584,0.07142857142857142,0.0
grid_g5_p4_s4_c5,5,4,4,5,38539699.35995991,0.75,0.2333333333333333,2500.0,0.00186794,0.730646,0.72877806,0.196369,632,0.017080745341614908,0.0015527950310559005
grid_g1_p4_s5_c0,1,4,5,0,2075781.6311124284,0.75,0.2916666666666666,0.0,0.00579568,1.60188,1.59608432,0.25208400000000003,591,0.08229813664596274,0.0
grid_g4_p4_s4_c6,4,4,4,6,18566355.33445113,0.75,0.2333333333333333,3000.0,0.00351981,0.784052,0.78053219,0.20729799999999998,630,0.018633540372670808,0.003105590062111801
grid_g2_p4_s5_c0,2,4,5,0,4308869.380063765,0.75,0.2916666666666666,0.0,0.00183631,1.36848,1.3666436899999999,0.271382,590,0.08385093167701864,0.0
grid_g3_p4_s5_c0,3,4,5,0,8944271.90999916,0.75,0.2916666666666666,0.0,0.000666361,1.25464,1.253973639,0.255198,604,0.06055900621118013,0.0
grid_g6_p4_s4_c5,6,4,4,5,80000000.00000003,0.75,0.2333333333333333,2500.0,0.00252302,0.624099,0.6215759799999999,0.176155,613,0.04503105590062112,0.003105590062111801
grid_g0_p4_s5_c1,0,4,5,1,1000000.0,0.75,0.2916666666666666,500.0,0.00635679,1.98912,1.98276321,0.367067,568,0.07142857142857142,0.013975155279503106
grid_g5_p4_s4_c6,5,4,4,6,38539699.35995991,0.75,0.2333333333333333,3000.0,0.000319849,0.636504,0.6361841509999999,0.21604299999999999,628,0.023291925465838508,0.0015527950310559005
grid_g1_p4_s5_c1,1,4,5,1,2075781.6311124284,0.75,0.2916666666666666,500.0,0.00201046,1.69166,1.68964954,0.325156,569,0.08695652173913043,0.0015527950310559005
grid_g4_p4_s5_c0,4,4,5,0,18566355.33445113,0.75,0.2916666666666666,0.0,0.00120975,1.18609,1.1848802500000002,0.158406,616,0.040372670807453416,0.0
grid_g2_p4_s5_c1,2,4,5,1,4308869.380063765,0.75,0.2916666666666666,500.0,0.00199088,1.54141,1.53941912,0.285646,586,0.08074534161490683,0.0015527950310559005
grid_g3_p4_s5_c1,3,4,5,1,8944271.90999916,0.75,0.2916666666666666,500.0,6.76086e-05,1.30643,1.3063623914,0.274925,595,0.07453416149068323,0.0
grid_g0_p4_s5_c2,0,4,5,2,1000000.0,0.75,0.2916666666666666,1000.0,0.00241952,1.85909,1.85667048,0.292574,571,0.07919254658385093,0.007763975155279503
grid_g6_p4_s4_c6,6,4,4,6,80000000.00000003,0.75,0.2333333333333333,3000.0,6.21859e-05,0.630418,0.6303558141000001,0.220821,622,0.034161490683229816,0.0
grid_g5_p4_s5_c0,5,4,5,0,38539699.35995991,0.75,0.2916666666666666,0.0,0.0010666,1.15589,1.1548234000000002,0.131524,629,0.021739130434782608,0.0
grid_g1_p4_s5_c2,1,4,5,2,2075781.6311124284,0.75,0.2916666666666666,1000.0,0.000732101,1.71711,1.7163778989999998,0.233394,567,0.08074534161490683,0.013975155279503106
grid_g4_p4_s5_c1,4,4,5,1,18566355.33445113,0.75,0.2916666666666666,500.0,0.000114876,1.05504,1.054925124,0.245527,597,0.06987577639751552,0.0
grid_g2_p4_s5_c2,2,4,5,2,4308869.380063765,0.75,0.2916666666666666,1000.0,0.000254938,1.49893,1.498675062,0.24945799999999999,589,0.06521739130434782,0.004658385093167702
grid_g6_p4_s5_c0,6,4,5,0,80000000.00000003,0.75,0.2916666666666666,0.0,0.00070084,1.21451,1.21380916,0.138524,628,0.024844720496894408,0.0
grid_g3_p4_s5_c2,3,4,5,2,8944271.90999916,0.75,0.2916666666666666,1000.0,0.000247818,1.0969,1.096652182,0.25644,578,0.07608695652173914,0.0
grid_g0_p4_s5_c3,0,4,5,3,1000000.0,0.75,0.2916666666666666,1500.0,0.003786,1.97845,1.974664,0.337341,582,0.06677018633540373,0.003105590062111801
grid_g5_p4_s5_c1,5,4,5,1,38539699.35995991,0.75,0.2916666666666666,500.0,0.00211534,1.05063,1.04851466,0.16028599999999998,618,0.034161490683229816,0.0
grid_g1_p4_s5_c3,1,4,5,3,2075781.6311124284,0.75,0.2916666666666666,1500.0,3.80445e-06,1.58501,1.58500619555,0.340464,584,0.07453416149068323,0.006211180124223602
grid_g4_p4_s5_c2,4,4,5,2,18566355.33445113,0.75,0.2916666666666666,1000.0,0.000408746,1.15783,1.157421254,0.222436,592,0.06521739130434782,0.004658385093167702
grid_g2_p4_s5_c3,2,4,5,3,4308869.380063765,0.75,0.2916666666666666,1500.0,0.00104034,1.63922,1.6381796599999998,0.276259,585,0.07919254658385093,0.0015527950310559005
grid_g3_p4_s5_c3,3,4,5,3,8944271.90999916,0.75,0.2916666666666666,1500.0,0.00349818,1.21703,1.21353182,0.196715,609,0.049689440993788817,0.003105590062111801
grid_g0_p4_s5_c4,0,4,5,4,1000000.0,0.75,0.2916666666666666,2000.0,0.000833729,1.71563,1.714796271,0.313705,575,0.07919254658385093,0.003105590062111801
grid_g6_p4_s5_c1,6,4,5,1,80000000.00000003,0.75,0.2916666666666666,500.0,0.00113614,0.970626,0.96948986,0.17933,609,0.04192546583850932,0.003105590062111801
grid_g5_p4_s5_c2,5,4,5,2,38539699.35995991,0.75,0.2916666666666666,1000.0,0.00108867,0.951526,0.95043733,0.177869,623,0.024844720496894408,0.0015527950310559005
grid_g1_p4_s5_c4,1,4,5,4,2075781.6311124284,0.75,0.2916666666666666,2000.0,0.00447055,1.96961,1.9651394500000001,0.236962,572,0.09472049689440994,0.009316770186335404
grid_g4_p4_s5_c3,4,4,5,3,18566355.33445113,0.75,0.2916666666666666,1500.0,7.96219e-05,1.17943,1.1793503780999999,0.27081099999999997,594,0.07453416149068323,0.0015527950310559005
grid_g2_p4_s5_c4,2,4,5,4,4308869.380063765,0.75,0.2916666666666666,2000.0,0.00289137,1.51035,1.5074586300000001,0.237709,609,0.040372670807453416,0.0015527950310559005
grid_g6_p4_s5_c2,6,4,5,2,80000000.00000003,0.75,0.2916666666666666,1000.0,0.000990816,1.46065,1.459659184,0.189107,620,0.034161490683229816,0.0
grid_g3_p4_s5_c4,3,4,5,4,8944271.90999916,0.75,0.2916666666666666,2000.0,0.000559571,1.24819,1.247630429,0.21595899999999998,602,0.05745341614906832,0.003105590062111801
grid_g0_p4_s5_c5,0,4,5,5,1000000.0,0.75,0.2916666666666666,2500.0,0.00167608,1.81626,1.81458392,0.26011,586,0.059006211180124224,0.0
grid_g5_p4_s5_c3,5,4,5,3,38539699.35995991,0.75,0.2916666666666666,1500.0,0.00416688,1.81731,1.8131431199999999,0.223289,598,0.049689440993788817,0.0
grid_g4_p4_s5_c4,4,4,5,4,18566355.33445113,0.75,0.2916666666666666,2000.0,0.00114998,1.08321,1.08206002,0.203628,608,0.031055900621118012,0.003105590062111801
grid_g1_p4_s5_c5,1,4,5,5,2075781.6311124284,0.75,0.2916666666666666,2500.0,0.000120489,1.69981,1.699689511,0.314874,580,0.07763975155279502,0.0015527950310559005
grid_g2_p4_s5_c5,2,4,5,5,4308869.380063765,0.75,0.2916666666666666,2500.0,0.000147811,1.49163,1.491482189,0.22826,587,0.049689440993788817,0.0015527950310559005
grid_g6_p4_s5_c3,6,4,5,3,80000000.00000003,0.75,0.2916666666666666,1500.0,0.00245561,0.898283,0.89582739,0.204184,620,0.03571428571428571,0.0015527950310559005
grid_g3_p4_s5_c5,3,4,5,5,8944271.90999916,0.75,0.2916666666666666,2500.0,0.00139804,1.33861,1.33721196,0.193429,617,0.03571428571428571,0.0
grid_g0_p4_s5_c6,0,4,5,6,1000000.0,0.75,0.2916666666666666,3000.0,0.00153526,1.6279,1.6263647399999999,0.315406,591,0.04813664596273292,0.006211180124223602
grid_g5_p4_s5_c4,5,4,5,4,38539699.35995991,0.75,0.2916666666666666,2000.0,0.00232072,0.759445,0.75712428,0.187412,601,0.043478260869565216,0.0
grid_g1_p4_s5_c6,1,4,5,6,2075781.6311124284,0.75,0.2916666666666666,3000.0,0.00192616,1.4984,1.49647384,0.240534,598,0.052795031055900624,0.004658385093167702
grid_g4_p4_s5_c5,4,4,5,5,18566355.33445113,0.75,0.2916666666666666,2500.0,0.00351943,1.29749,1.29397057,0.205007,618,0.026397515527950312,0.0
grid_g2_p4_s5_c6,2,4,5,6,4308869.380063765,0.75,0.2916666666666666,3000.0,0.00018595,1.61765,1.61746405,0.191928,604,0.031055900621118012,0.013975155279503106
grid_g6_p4_s5_c4,6,4,5,4,80000000.00000003,0.75,0.2916666666666666,2000.0,0.0046033,0.898065,0.8934617,0.197191,630,0.015527950310559006,0.003105590062111801
grid_g3_p4_s5_c6,3,4,5,6,8944271.90999916,0.75,0.2916666666666666,3000.0,0.00143808,1.37318,1.37174192,0.210667,611,0.034161490683229816,0.0
grid_g0_p4_s6_c0,0,4,6,0,1000000.0,0.75,0.35,0.0,0.00238738,1.75575,1.7533626199999999,0.318133,577,0.07453416149068323,0.0
grid_g5_p4_s5_c5,5,4,5,5,38539699.35995991,0.75,0.2916666666666666,2500.0,0.000585851,1.12572,1.125134149,0.219004,620,0.020186335403726708,0.0
grid_g1_p4_s6_c0,1,4,6,0,2075781.6311124284,0.75,0.35,0.0,0.0037311,1.66796,1.6642289000000001,0.24393199999999998,584,0.07608695652173914,0.0
grid_g4_p4_s5_c6,4,4,5,6,18566355.33445113,0.75,0.2916666666666666,3000.0,0.00234611,1.107,1.10465389,0.231034,623,0.029503105590062112,0.0
grid_g2_p4_s6_c0,2,4,6,0,4308869.380063765,0.75,0.35,0.0,0.00409663,1.53526,1.53116337,0.28154999999999997,594,0.07763975155279502,0.0
grid_g6_p4_s5_c5,6,4,5,5,80000000.00000003,0.75,0.2916666666666666,2500.0,0.000756349,0.636429,0.635672651,0.219987,630,0.015527950310559006,0.004658385093167702
grid_g3_p4_s6_c0,3,4,6,0,8944271.90999916,0.75,0.35,0.0,0.000245567,1.32456,1.324314433,0.192654,605,0.059006211180124224,0.0
grid_g0_p4_s6_c1,0,4,6,1,1000000.0,0.75,0.35,500.0,0.00222502,1.96356,1.96133498,0.364155,546,0.07608695652173914,0.034161490683229816
grid_g5_p4_s5_c6,5,4,5,6,38539699.35995991,0.75,0.2916666666666666,3000.0,0.00135267,0.693548,0.6921953300000001,0.243059,610,0.05124223602484472,0.0
grid_g1_p4_s6_c1,1,4,6,1,2075781.6311124284,0.75,0.35,500.0,0.00444373,1.69357,1.68912627,0.343434,579,0.07608695652173914,0.0015527950310559005
grid_g4_p4_s6_c0,4,4,6,0,18566355.33445113,0.75,0.35,0.0,0.00225361,1.27243,1.27017639,0.150138,623,0.03260869565217391,0.0
grid_g2_p4_s6_c1,2,4,6,1,4308869.380063765,0.75,0.35,500.0,0.000801815,1.52603,1.525228185,0.260556,578,0.07919254658385093,0.004658385093167702
grid_g3_p4_s6_c1,3,4,6,1,8944271.90999916,0.75,0.35,500.0,0.00178452,1.35075,1.34896548,0.328165,580,0.08695652173913043,0.0015527950310559005
grid_g0_p4_s6_c2,0,4,6,2,1000000.0,0.75,0.35,1000.0,0.0052409,1.9728,1.9675591000000001,0.343618,556,0.06677018633540373,0.037267080745341616
grid_g6_p4_s5_c6,6,4,5,6,80000000.00000003,0.75,0.2916666666666666,3000.0,0.000931179,0.665159,0.664227821,0.22217299999999998,624,0.021739130434782608,0.0
grid_g5_p4_s6_c0,5,4,6,0,38539699.35995991,0.75,0.35,0.0,0.00238226,1.19507,1.19268774,0.18272,617,0.04192546583850932,0.0
grid_g4_p4_s6_c1,4,4,6,1,18566355.33445113,0.75,0.35,500.0,0.000256916,1.17115,1.1708930839999998,0.209064,608,0.05124223602484472,0.0
grid_g1_p4_s6_c2,1,4,6,2,2075781.6311124284,0.75,0.35,1000.0,0.00231719,1.72552,1.7232028099999999,0.349342,565,0.07453416149068323,0.013975155279503106
grid_g2_p4_s6_c2,2,4,6,2,4308869.380063765,0.75,0.35,1000.0,0.00132106,1.56679,1.56546894,0.275952,585,0.08229813664596274,0.003105590062111801
grid_g6_p4_s6_c0,6,4,6,0,80000000.00000003,0.75,0.35,0.0,0.000194885,1.17943,1.179235115,0.136861,626,0.027950310559006212,0.0
grid_g0_p4_s6_c3,0,4,6,3,1000000.0,0.75,0.35,1500.0,0.000505283,1.93673,1.936224717,0.345024,563,0.062111801242236024,0.027950310559006212
grid_g3_p4_s6_c2,3,4,6,2,8944271.90999916,0.75,0.35,1000.0,0.00321226,1.2976,1.2943877400000001,0.31234,586,0.07608695652173914,0.0
grid_g5_p4_s6_c1,5,4,6,1,38539699.35995991,0.75,0.35,500.0,0.00252776,1.21127,1.20874224,0.185091,617,0.040372670807453416,0.0015527950310559005
grid_g1_p4_s6_c3,1,4,6,3,2075781.6311124284,0.75,0.35,1500.0,0.000457309,1.79835,1.797892691,0.365124,563,0.10403726708074534,0.0015527950310559005
grid_g4_p4_s6_c2,4,4,6,2,18566355.33445113,0.75,0.35,1000.0,0.00124092,1.38499,1.3837490799999999,0.229934,605,0.05434782608695652,0.0
grid_g2_p4_s6_c3,2,4,6,3,4308869.380063765,0.75,0.35,1500.0,0.00194537,1.53537,1.5334246299999998,0.28096899999999997,577,0.09006211180124224,0.0
grid_g3_p4_s6_c3,3,4,6,3,8944271.90999916,0.75,0.35,1500.0,2.2161e-05,1.38246,1.382437839,0.24553899999999998,588,0.08074534161490683,0.0
grid_g0_p4_s6_c4,0,4,6,4,1000000.0,0.75,0.35,2000.0,0.00697636,1.88398,1.87700364,0.279557,551,0.08074534161490683,0.03260869565217391
grid_g6_p4_s6_c1,6,4,6,1,80000000.00000003,0.75,0.35,500.0,0.00117511,0.989545,0.98836989,0.183134,618,0.031055900621118012,0.0
grid_g5_p4_s6_c2,5,4,6,2,38539699.35995991,0.75,0.35,1000.0,0.00161905,1.0151,1.01348095,0.215326,599,0.052795031055900624,0.007763975155279503
grid_g1_p4_s6_c4,1,4,6,4,2075781.6311124284,0.75,0.35,2000.0,0.00456883,1.71989,1.71532117,0.33305,576,0.08850931677018634,0.006211180124223602
grid_g4_p4_s6_c3,4,4,6,3,18566355.33445113,0.75,0.35,1500.0,0.00202011,0.970938,0.96891789,0.22977,603,0.052795031055900624,0.0015527950310559005
grid_g2_p4_s6_c4,2,4,6,4,4308869.380063765,0.75,0.35,2000.0,0.00201235,1.87673,1.87471765,0.38233,561,0.10714285714285714,0.006211180124223602
grid_g6_p4_s6_c2,6,4,6,2,80000000.00000003,0.75,0.35,1000.0,0.000546649,1.51325,1.512703351,0.195053,623,0.031055900621118012,0.0
grid_g3_p4_s6_c4,3,4,6,4,8944271.90999916,0.75,0.35,2000.0,0.000321718,1.40342,1.403098282,0.262958,580,0.09006211180124224,0.006211180124223602
grid_g0_p4_s6_c5,0,4,6,5,1000000.0,0.75,0.35,2500.0,0.000216158,1.92016,1.9199438420000001,0.354509,559,0.09161490683229814,0.021739130434782608
grid_g5_p4_s6_c3,5,4,6,3,38539699.35995991,0.75,0.35,1500.0,0.00168992,1.37183,1.37014008,0.227052,595,0.04192546583850932,0.004658385093167702
grid_g4_p4_s6_c4,4,4,6,4,18566355.33445113,0.75,0.35,2000.0,0.00239487,0.924603,0.9222081299999999,0.21243599999999999,600,0.037267080745341616,0.006211180124223602
grid_g1_p4_s6_c5,1,4,6,5,2075781.6311124284,0.75,0.35,2500.0,0.00361523,1.57065,1.56703477,0.37524799999999997,543,0.08540372670807453,0.015527950310559006
grid_g2_p4_s6_c5,2,4,6,5,4308869.380063765,0.75,0.35,2500.0,0.00234081,1.6716,1.66925919,0.278514,598,0.055900621118012424,0.006211180124223602
grid_g3_p4_s6_c5,3,4,6,5,8944271.90999916,0.75,0.35,2500.0,0.00861999,1.80695,1.7983300100000001,0.197991,609,0.024844720496894408,0.009316770186335404
grid_g0_p4_s6_c6,0,4,6,6,1000000.0,0.75,0.35,3000.0,0.00359174,1.97424,1.97064826,0.363342,581,0.059006211180124224,0.017080745341614908
grid_g6_p4_s6_c3,6,4,6,3,80000000.00000003,0.75,0.35,1500.0,4.33562e-05,1.70493,1.7048866438,0.213385,616,0.04192546583850932,0.0015527950310559005
grid_g5_p4_s6_c4,5,4,6,4,38539699.35995991,0.75,0.35,2000.0,0.000477449,1.60482,1.604342551,0.169214,634,0.012422360248447204,0.0
grid_g1_p4_s6_c6,1,4,6,6,2075781.6311124284,0.75,0.35,3000.0,0.000450117,1.82089,1.820439883,0.33311799999999997,564,0.09316770186335403,0.015527950310559006
grid_g4_p4_s6_c5,4,4,6,5,18566355.33445113,0.75,0.35,2500.0,0.00779332,1.70275,1.69495668,0.20779599999999998,613,0.03571428571428571,0.003105590062111801
grid_g2_p4_s6_c6,2,4,6,6,4308869.380063765,0.75,0.35,3000.0,0.00240964,1.52833,1.52592036,0.278914,591,0.07453416149068323,0.003105590062111801
grid_g3_p4_s6_c6,3,4,6,6,8944271.90999916,0.75,0.35,3000.0,0.000826919,1.35436,1.353533081,0.263642,615,0.034161490683229816,0.0015527950310559005
grid_g0_p5_s0_c0,0,5,0,0,1000000.0,0.825,0.0,0.0,0.00132164,0.868263,0.86694136,0.127168,620,0.037267080745341616,0.0
grid_g6_p4_s6_c4,6,4,6,4,80000000.00000003,0.75,0.35,2000.0,0.00373935,0.789746,0.7860066499999999,0.18462099999999998,624,0.015527950310559006,0.0
grid_g5_p4_s6_c5,5,4,6,5,38539699.35995991,0.75,0.35,2500.0,0.000817743,1.25796,1.257142257,0.223209,596,0.031055900621118012,0.0
grid_g4_p4_s6_c6,4,4,6,6,18566355.33445113,0.75,0.35,3000.0,0.00071345,1.80361,1.80289655,0.20875,623,0.031055900621118012,0.0015527950310559005
grid_g1_p5_s0_c0,1,5,0,0,2075781.6311124284,0.825,0.0,0.0,0.00141376,0.820995,0.81958124,0.130164,621,0.034161490683229816,0.0
grid_g2_p5_s0_c0,2,5,0,0,4308869.380063765,0.825,0.0,0.0,4.67969e-05,0.886651,0.8866042031,0.130956,622,0.034161490683229816,0.0
grid_g3_p5_s0_c0,3,5,0,0,8944271.90999916,0.825,0.0,0.0,0.00104334,0.834722,0.83367866,0.131796,624,0.029503105590062112,0.0
grid_g6_p4_s6_c5,6,4,6,5,80000000.00000003,0.75,0.35,2500.0,1.71647e-05,1.07323,1.0732128353,0.236237,619,0.03881987577639751,0.0
grid_g0_p5_s0_c1,0,5,0,1,1000000.0,0.825,0.0,500.0,0.000886783,0.7453,0.744413217,0.145809,615,0.04503105590062112,0.0
grid_g5_p4_s6_c6,5,4,6,6,38539699.35995991,0.75,0.35,3000.0,0.000477412,1.00543,1.004952588,0.19436699999999998,631,0.020186335403726708,0.0
grid_g1_p5_s0_c1,1,5,0,1,2075781.6311124284,0.825,0.0,500.0,0.00101079,0.732487,0.73147621,0.150468,621,0.03571428571428571,0.0
grid_g4_p5_s0_c0,4,5,0,0,18566355.33445113,0.825,0.0,0.0,0.000655376,0.854553,0.853897624,0.13192,622,0.034161490683229816,0.0
grid_g2_p5_s0_c1,2,5,0,1,4308869.380063765,0.825,0.0,500.0,0.00166157,0.768051,0.76638943,0.14995699999999998,620,0.037267080745341616,0.0
grid_g6_p4_s6_c6,6,4,6,6,80000000.00000003,0.75,0.35,3000.0,0.000392403,0.689302,0.688909597,0.198656,624,0.024844720496894408,0.0015527950310559005
grid_g0_p5_s0_c2,0,5,0,2,1000000.0,0.825,0.0,1000.0,0.00208882,0.63946,0.63737118,0.173921,615,0.029503105590062112,0.0
grid_g3_p5_s0_c1,3,5,0,1,8944271.90999916,0.825,0.0,500.0,0.000837356,0.774772,0.773934644,0.149749,624,0.027950310559006212,0.0
grid_g5_p5_s0_c0,5,5,0,0,38539699.35995991,0.825,0.0,0.0,0.0032751,0.935037,0.9317619,0.135275,625,0.029503105590062112,0.0
grid_g1_p5_s0_c2,1,5,0,2,2075781.6311124284,0.825,0.0,1000.0,0.000966378,0.604966,0.603999622,0.189689,626,0.024844720496894408,0.0
grid_g2_p5_s0_c2,2,5,0,2,4308869.380063765,0.825,0.0,1000.0,0.0018662,0.644382,0.6425158,0.16755699999999998,621,0.03260869565217391,0.0
grid_g4_p5_s0_c1,4,5,0,1,18566355.33445113,0.825,0.0,500.0,0.000596329,0.778044,0.777447671,0.15567799999999998,618,0.03881987577639751,0.0
grid_g3_p5_s0_c2,3,5,0,2,8944271.90999916,0.825,0.0,1000.0,0.000201077,0.839988,0.8397869229999999,0.171563,623,0.03260869565217391,0.0
grid_g0_p5_s0_c3,0,5,0,3,1000000.0,0.825,0.0,1500.0,0.000234954,0.538141,0.537906046,0.16955099999999998,618,0.03571428571428571,0.0
grid_g6_p5_s0_c0,6,5,0,0,80000000.00000003,0.825,0.0,0.0,0.0003434,1.05377,1.0534266,0.134698,620,0.037267080745341616,0.0
grid_g5_p5_s0_c1,5,5,0,1,38539699.35995991,0.825,0.0,500.0,0.00382224,0.809009,0.80518676,0.141276,610,0.052795031055900624,0.0
grid_g1_p5_s0_c3,1,5,0,3,2075781.6311124284,0.825,0.0,1500.0,0.000282573,0.593025,0.592742427,0.20133199999999998,632,0.018633540372670808,0.0
grid_g4_p5_s0_c2,4,5,0,2,18566355.33445113,0.825,0.0,1000.0,6.06267e-05,0.836067,0.8360063733,0.161079,618,0.040372670807453416,0.0
grid_g2_p5_s0_c3,2,5,0,3,4308869.380063765,0.825,0.0,1500.0,0.000995819,0.676864,0.675868181,0.191603,633,0.017080745341614908,0.0
grid_g0_p5_s0_c4,0,5,0,4,1000000.0,0.825,0.0,2000.0,0.000487462,0.582989,0.5825015379999999,0.202074,638,0.009316770186335404,0.0
grid_g3_p5_s0_c3,3,5,0,3,8944271.90999916,0.825,0.0,1500.0,0.000912808,0.656016,0.655103192,0.183561,621,0.03571428571428571,0.0
grid_g6_p5_s0_c1,6,5,0,1,80000000.00000003,0.825,0.0,500.0,0.00140732,0.839072,0.83766468,0.160167,611,0.049689440993788817,0.0
grid_g5_p5_s0_c2,5,5,0,2,38539699.35995991,0.825,0.0,1000.0,0.00160331,0.791651,0.79004769,0.170965,619,0.03881987577639751,0.0
grid_g1_p5_s0_c4,1,5,0,4,2075781.6311124284,0.825,0.0,2000.0,0.000180915,0.584205,0.584024085,0.213198,631,0.020186335403726708,0.0
grid_g4_p5_s0_c3,4,5,0,3,18566355.33445113,0.825,0.0,1500.0,0.00220076,0.720207,0.71800624,0.179589,624,0.031055900621118012,0.0
grid_g2_p5_s0_c4,2,5,0,4,4308869.380063765,0.825,0.0,2000.0,0.00112011,0.586143,0.58502289,0.195537,632,0.018633540372670808,0.0
grid_g3_p5_s0_c4,3,5,0,4,8944271.90999916,0.825,0.0,2000.0,0.000418282,0.581481,0.581062718,0.219996,636,0.012422360248447204,0.0
grid_g0_p5_s0_c5,0,5,0,5,1000000.0,0.825,0.0,2500.0,1.42623e-05,0.51548,0.5154657377,0.195515,607,0.05745341614906832,0.0
grid_g6_p5_s0_c2,6,5,0,2,80000000.00000003,0.825,0.0,1000.0,0.000750698,0.826571,0.8258203019999999,0.197791,621,0.03571428571428571,0.0
grid_g5_p5_s0_c3,5,5,0,3,38539699.35995991,0.825,0.0,1500.0,0.0035974,0.710953,0.7073556,0.196873,627,0.026397515527950312,0.0
grid_g4_p5_s0_c4,4,5,0,4,18566355.33445113,0.825,0.0,2000.0,0.00287286,0.623566,0.62069314,0.192186,624,0.031055900621118012,0.0
grid_g1_p5_s0_c5,1,5,0,5,2075781.6311124284,0.825,0.0,2500.0,0.000316367,0.530598,0.530281633,0.206821,625,0.029503105590062112,0.0
grid_g2_p5_s0_c5,2,5,0,5,4308869.380063765,0.825,0.0,2500.0,0.000107156,0.527158,0.527050844,0.22100799999999998,639,0.007763975155279503,0.0
grid_g3_p5_s0_c5,3,5,0,5,8944271.90999916,0.825,0.0,2500.0,0.00118448,0.531545,0.53036052,0.216508,642,0.003105590062111801,0.0
grid_g0_p5_s0_c6,0,5,0,6,1000000.0,0.825,0.0,3000.0,0.000303831,0.496834,0.496530169,0.21901199999999998,639,0.007763975155279503,0.0
grid_g6_p5_s0_c3,6,5,0,3,80000000.00000003,0.825,0.0,1500.0,0.00244955,0.692698,0.69024845,0.188886,616,0.043478260869565216,0.0
grid_g5_p5_s0_c4,5,5,0,4,38539699.35995991,0.825,0.0,2000.0,0.000264389,0.643047,0.642782611,0.202807,637,0.010869565217391304,0.0
grid_g1_p5_s0_c6,1,5,0,6,2075781.6311124284,0.825,0.0,3000.0,0.000140982,0.487102,0.48696101799999997,0.233878,617,0.04192546583850932,0.0
grid_g4_p5_s0_c5,4,5,0,5,18566355.33445113,0.825,0.0,2500.0,0.0014811,0.548618,0.5471369,0.213577,629,0.023291925465838508,0.0
grid_g2_p5_s0_c6,2,5,0,6,4308869.380063765,0.825,0.0,3000.0,0.000742288,0.484655,0.483912712,0.224245,630,0.021739130434782608,0.0
grid_g3_p5_s0_c6,3,5,0,6,8944271.90999916,0.825,0.0,3000.0,0.000809771,0.484645,0.483835229,0.233791,643,0.0015527950310559005,0.0
grid_g0_p5_s1_c0,0,5,1,0,1000000.0,0.825,0.0583333333333333,0.0,0.000665499,1.04574,1.045074501,0.172712,605,0.06055900621118013,0.0
grid_g5_p5_s0_c5,5,5,0,5,38539699.35995991,0.825,0.0,2500.0,0.00229326,0.556618,0.55432474,0.21309999999999998,630,0.021739130434782608,0.0
grid_g6_p5_s0_c4,6,5,0,4,80000000.00000003,0.825,0.0,2000.0,0.000816624,0.603679,0.6028623759999999,0.224138,622,0.034161490683229816,0.0
grid_g4_p5_s0_c6,4,5,0,6,18566355.33445113,0.825,0.0,3000.0,0.00369859,0.506144,0.5024454100000001,0.234295,633,0.017080745341614908,0.0
grid_g1_p5_s1_c0,1,5,1,0,2075781.6311124284,0.825,0.0583333333333333,0.0,0.00113669,0.970029,0.96889231,0.168826,618,0.040372670807453416,0.0
grid_g2_p5_s1_c0,2,5,1,0,4308869.380063765,0.825,0.0583333333333333,0.0,0.00392321,0.945796,0.94187279,0.18673099999999998,615,0.04503105590062112,0.0
grid_g6_p5_s0_c5,6,5,0,5,80000000.00000003,0.825,0.0,2500.0,0.000759,0.549228,0.5484690000000001,0.220711,629,0.023291925465838508,0.0
grid_g0_p5_s1_c1,0,5,1,1,1000000.0,0.825,0.0583333333333333,500.0,0.000170812,0.939034,0.938863188,0.170021,610,0.052795031055900624,0.0
grid_g3_p5_s1_c0,3,5,1,0,8944271.90999916,0.825,0.0583333333333333,0.0,0.000298643,1.00262,1.002321357,0.150716,622,0.034161490683229816,0.0
grid_g5_p5_s0_c6,5,5,0,6,38539699.35995991,0.825,0.0,3000.0,0.00208631,0.493906,0.49181969000000003,0.217858,632,0.018633540372670808,0.0
grid_g4_p5_s1_c0,4,5,1,0,18566355.33445113,0.825,0.0583333333333333,0.0,0.000445938,0.993394,0.992948062,0.14998499999999998,622,0.034161490683229816,0.0
grid_g1_p5_s1_c1,1,5,1,1,2075781.6311124284,0.825,0.0583333333333333,500.0,0.00140548,0.829089,0.82768352,0.168684,611,0.046583850931677016,0.0
grid_g2_p5_s1_c1,2,5,1,1,4308869.380063765,0.825,0.0583333333333333,500.0,0.000577811,0.768677,0.7680991890000001,0.180035,611,0.043478260869565216,0.0
grid_g3_p5_s1_c1,3,5,1,1,8944271.90999916,0.825,0.0583333333333333,500.0,0.00274096,0.876505,0.87376404,0.172125,617,0.04192546583850932,0.0
grid_g0_p5_s1_c2,0,5,1,2,1000000.0,0.825,0.0583333333333333,1000.0,0.00151289,0.801907,0.80039411,0.179745,610,0.040372670807453416,0.0
grid_g6_p5_s0_c6,6,5,0,6,80000000.00000003,0.825,0.0,3000.0,0.00210154,0.509426,0.5073244600000001,0.220141,622,0.034161490683229816,0.0
grid_g5_p5_s1_c0,5,5,1,0,38539699.35995991,0.825,0.0583333333333333,0.0,0.00095574,0.930494,0.9295382600000001,0.149861,624,0.029503105590062112,0.0
grid_g1_p5_s1_c2,1,5,1,2,2075781.6311124284,0.825,0.0583333333333333,1000.0,0.00273409,0.75441,0.75167591,0.192828,609,0.049689440993788817,0.0015527950310559005
grid_g4_p5_s1_c1,4,5,1,1,18566355.33445113,0.825,0.0583333333333333,500.0,0.00248251,0.783168,0.78068549,0.166218,617,0.03881987577639751,0.0
grid_g2_p5_s1_c2,2,5,1,2,4308869.380063765,0.825,0.0583333333333333,1000.0,8.39918e-05,0.774148,0.7740640082,0.180925,627,0.026397515527950312,0.0
grid_g0_p5_s1_c3,0,5,1,3,1000000.0,0.825,0.0583333333333333,1500.0,0.000151293,0.748958,0.748806707,0.209217,607,0.03260869565217391,0.0
grid_g3_p5_s1_c2,3,5,1,2,8944271.90999916,0.825,0.0583333333333333,1000.0,0.000524503,0.906855,0.906330497,0.186941,622,0.034161490683229816,0.0
grid_g6_p5_s1_c0,6,5,1,0,80000000.00000003,0.825,0.0583333333333333,0.0,0.00230558,1.08477,1.08246442,0.141854,627,0.026397515527950312,0.0
grid_g5_p5_s1_c1,5,5,1,1,38539699.35995991,0.825,0.0583333333333333,500.0,0.00134974,0.84581,0.84446026,0.171308,611,0.049689440993788817,0.0
grid_g4_p5_s1_c2,4,5,1,2,18566355.33445113,0.825,0.0583333333333333,1000.0,0.000814834,0.994493,0.9936781659999999,0.17032799999999998,631,0.020186335403726708,0.0
grid_g1_p5_s1_c3,1,5,1,3,2075781.6311124284,0.825,0.0583333333333333,1500.0,0.000896097,0.943214,0.942317903,0.193317,634,0.015527950310559006,0.0
grid_g2_p5_s1_c3,2,5,1,3,4308869.380063765,0.825,0.0583333333333333,1500.0,0.00144803,1.07887,1.07742197,0.19317499999999999,623,0.024844720496894408,0.0
grid_g6_p5_s1_c1,6,5,1,1,80000000.00000003,0.825,0.0583333333333333,500.0,0.00175003,0.880769,0.8790189700000001,0.150808,614,0.043478260869565216,0.0
grid_g3_p5_s1_c3,3,5,1,3,8944271.90999916,0.825,0.0583333333333333,1500.0,0.00019105,0.718453,0.71826195,0.212788,632,0.018633540372670808,0.0
grid_g0_p5_s1_c4,0,5,1,4,1000000.0,0.825,0.0583333333333333,2000.0,0.00103224,0.728284,0.72725176,0.184997,621,0.020186335403726708,0.0015527950310559005
grid_g5_p5_s1_c2,5,5,1,2,38539699.35995991,0.825,0.0583333333333333,1000.0,0.00132003,0.89425,0.89292997,0.174371,622,0.034161490683229816,0.0
grid_g1_p5_s1_c4,1,5,1,4,2075781.6311124284,0.825,0.0583333333333333,2000.0,0.000259767,0.623887,0.623627233,0.182002,617,0.034161490683229816,0.0015527950310559005
grid_g4_p5_s1_c3,4,5,1,3,18566355.33445113,0.825,0.0583333333333333,1500.0,0.000766959,0.644745,0.643978041,0.189828,620,0.024844720496894408,0.0
grid_g2_p5_s1_c4,2,5,1,4,4308869.380063765,0.825,0.0583333333333333,2000.0,0.0006714,0.578506,0.5778346,0.174391,611,0.03571428571428571,0.0015527950310559005
grid_g6_p5_s1_c2,6,5,1,2,80000000.00000003,0.825,0.0583333333333333,1000.0,0.00217768,0.92139,0.9192123200000001,0.180816,617,0.04192546583850932,0.0
grid_g3_p5_s1_c4,3,5,1,4,8944271.90999916,0.825,0.0583333333333333,2000.0,0.00303884,0.654007,0.65096816,0.22327,623,0.03260869565217391,0.0
grid_g0_p5_s1_c5,0,5,1,5,1000000.0,0.825,0.0583333333333333,2500.0,0.000578463,1.04705,1.046471537,0.229708,631,0.013975155279503106,0.0
grid_g5_p5_s1_c3,5,5,1,3,38539699.35995991,0.825,0.0583333333333333,1500.0,0.000466525,0.688968,0.688501475,0.179178,623,0.03260869565217391,0.0
grid_g1_p5_s1_c5,1,5,1,5,2075781.6311124284,0.825,0.0583333333333333,2500.0,0.00138651,0.635449,0.63406249,0.227536,624,0.027950310559006212,0.003105590062111801
grid_g4_p5_s1_c4,4,5,1,4,18566355.33445113,0.825,0.0583333333333333,2000.0,0.000839474,0.669037,0.668197526,0.187988,634,0.015527950310559006,0.0
grid_g2_p5_s1_c5,2,5,1,5,4308869.380063765,0.825,0.0583333333333333,2500.0,0.00139579,1.27341,1.27201421,0.218462,624,0.023291925465838508,0.0
grid_g3_p5_s1_c5,3,5,1,5,8944271.90999916,0.825,0.0583333333333333,2500.0,0.000601748,0.58703,0.586428252,0.21297,631,0.020186335403726708,0.0
grid_g0_p5_s1_c6,0,5,1,6,1000000.0,0.825,0.0583333333333333,3000.0,0.000442837,0.912939,0.9124961629999999,0.217799,627,0.024844720496894408,0.0015527950310559005
grid_g6_p5_s1_c3,6,5,1,3,80000000.00000003,0.825,0.0583333333333333,1500.0,0.00305984,0.699843,0.69678316,0.189663,619,0.03881987577639751,0.0
grid_g5_p5_s1_c4,5,5,1,4,38539699.35995991,0.825,0.0583333333333333,2000.0,0.00240197,0.648808,0.6464060300000001,0.221947,642,0.003105590062111801,0.0
grid_g1_p5_s1_c6,1,5,1,6,2075781.6311124284,0.825,0.0583333333333333,3000.0,0.00144254,0.549353,0.54791046,0.238753,611,0.012422360248447204,0.003105590062111801
grid_g4_p5_s1_c5,4,5,1,5,18566355.33445113,0.825,0.0583333333333333,2500.0,0.00192599,0.600019,0.5980930099999999,0.214862,623,0.03260869565217391,0.0
grid_g2_p5_s1_c6,2,5,1,6,4308869.380063765,0.825,0.0583333333333333,3000.0,0.000906476,0.806087,0.805180524,0.23557899999999998,629,0.015527950310559006,0.0
grid_g3_p5_s1_c6,3,5,1,6,8944271.90999916,0.825,0.0583333333333333,3000.0,0.00188281,0.595021,0.59313819,0.226491,639,0.007763975155279503,0.0
grid_g0_p5_s2_c0,0,5,2,0,1000000.0,0.825,0.1166666666666666,0.0,0.00148189,1.14583,1.14434811,0.255491,591,0.08229813664596274,0.0
grid_g6_p5_s1_c4,6,5,1,4,80000000.00000003,0.825,0.0583333333333333,2000.0,0.000108761,0.634183,0.634074239,0.20828,638,0.009316770186335404,0.0
grid_g5_p5_s1_c5,5,5,1,5,38539699.35995991,0.825,0.0583333333333333,2500.0,0.00336022,0.589713,0.58635278,0.222529,633,0.017080745341614908,0.0
grid_g1_p5_s2_c0,1,5,2,0,2075781.6311124284,0.825,0.1166666666666666,0.0,0.000928482,1.08603,1.085101518,0.21953599999999998,597,0.07142857142857142,0.0
grid_g4_p5_s1_c6,4,5,1,6,18566355.33445113,0.825,0.0583333333333333,3000.0,4.63262e-05,0.544346,0.5442996738,0.22203799999999999,637,0.010869565217391304,0.0
grid_g2_p5_s2_c0,2,5,2,0,4308869.380063765,0.825,0.1166666666666666,0.0,0.00470369,1.09334,1.08863631,0.188266,606,0.059006211180124224,0.0
grid_g3_p5_s2_c0,3,5,2,0,8944271.90999916,0.825,0.1166666666666666,0.0,0.000948317,0.954109,0.953160683,0.159885,619,0.03881987577639751,0.0
grid_g6_p5_s1_c5,6,5,1,5,80000000.00000003,0.825,0.0583333333333333,2500.0,0.00107521,0.583229,0.58215379,0.228939,625,0.029503105590062112,0.0
grid_g0_p5_s2_c1,0,5,2,1,1000000.0,0.825,0.1166666666666666,500.0,0.00259119,1.01273,1.01013881,0.194713,589,0.07453416149068323,0.0
grid_g5_p5_s1_c6,5,5,1,6,38539699.35995991,0.825,0.0583333333333333,3000.0,0.00110766,0.535367,0.5342593400000001,0.24650999999999998,632,0.018633540372670808,0.0
grid_g4_p5_s2_c0,4,5,2,0,18566355.33445113,0.825,0.1166666666666666,0.0,0.00185233,0.951496,0.94964367,0.16180999999999998,615,0.040372670807453416,0.0
grid_g1_p5_s2_c1,1,5,2,1,2075781.6311124284,0.825,0.1166666666666666,500.0,0.000521903,0.948525,0.948003097,0.207731,604,0.06055900621118013,0.0
grid_g2_p5_s2_c1,2,5,2,1,4308869.380063765,0.825,0.1166666666666666,500.0,0.00262631,0.865765,0.86313869,0.20738399999999999,611,0.05124223602484472,0.0
grid_g3_p5_s2_c1,3,5,2,1,8944271.90999916,0.825,0.1166666666666666,500.0,0.00323504,0.84138,0.83814496,0.176263,619,0.037267080745341616,0.0
grid_g6_p5_s1_c6,6,5,1,6,80000000.00000003,0.825,0.0583333333333333,3000.0,6.78357e-05,0.545929,0.5458611643,0.220245,633,0.017080745341614908,0.0
grid_g0_p5_s2_c2,0,5,2,2,1000000.0,0.825,0.1166666666666666,1000.0,0.00109817,1.0645,1.06340183,0.216342,595,0.07142857142857142,0.0
grid_g5_p5_s2_c0,5,5,2,0,38539699.35995991,0.825,0.1166666666666666,0.0,0.00272085,0.947338,0.94461715,0.14748999999999998,628,0.024844720496894408,0.0
grid_g1_p5_s2_c2,1,5,2,2,2075781.6311124284,0.825,0.1166666666666666,1000.0,0.00181606,0.840511,0.83869494,0.20127499999999998,609,0.04813664596273292,0.0015527950310559005
grid_g4_p5_s2_c1,4,5,2,1,18566355.33445113,0.825,0.1166666666666666,500.0,0.000255654,0.876,0.875744346,0.173732,620,0.03571428571428571,0.0
grid_g2_p5_s2_c2,2,5,2,2,4308869.380063765,0.825,0.1166666666666666,1000.0,0.00147142,0.877693,0.8762215799999999,0.217273,608,0.046583850931677016,0.0
grid_g3_p5_s2_c2,3,5,2,2,8944271.90999916,0.825,0.1166666666666666,1000.0,0.00137738,0.780812,0.77943462,0.192612,615,0.040372670807453416,0.0
grid_g6_p5_s2_c0,6,5,2,0,80000000.00000003,0.825,0.1166666666666666,0.0,0.00222233,1.1051,1.10287767,0.144688,619,0.03881987577639751,0.0
grid_g0_p5_s2_c3,0,5,2,3,1000000.0,0.825,0.1166666666666666,1500.0,0.00208058,1.2147,1.2126194199999998,0.21225,600,0.062111801242236024,0.0015527950310559005
grid_g5_p5_s2_c1,5,5,2,1,38539699.35995991,0.825,0.1166666666666666,500.0,0.000839336,0.775371,0.7745316640000001,0.158116,615,0.04503105590062112,0.0
grid_g1_p5_s2_c3,1,5,2,3,2075781.6311124284,0.825,0.1166666666666666,1500.0,0.00182468,0.728311,0.72648632,0.19051099999999999,610,0.04503105590062112,0.0015527950310559005
grid_g4_p5_s2_c2,4,5,2,2,18566355.33445113,0.825,0.1166666666666666,1000.0,0.000534078,0.850499,0.849964922,0.209505,608,0.043478260869565216,0.003105590062111801
grid_g2_p5_s2_c3,2,5,2,3,4308869.380063765,0.825,0.1166666666666666,1500.0,0.000509442,0.830989,0.830479558,0.212437,612,0.04192546583850932,0.0
grid_g3_p5_s2_c3,3,5,2,3,8944271.90999916,0.825,0.1166666666666666,1500.0,0.000992613,0.750257,0.749264387,0.194039,629,0.021739130434782608,0.0
grid_g6_p5_s2_c1,6,5,2,1,80000000.00000003,0.825,0.1166666666666666,500.0,0.00200878,0.906842,0.90483322,0.151618,614,0.043478260869565216,0.0
grid_g0_p5_s2_c4,0,5,2,4,1000000.0,0.825,0.1166666666666666,2000.0,0.000130753,0.918869,0.9187382470000001,0.202233,605,0.03571428571428571,0.0015527950310559005
grid_g5_p5_s2_c2,5,5,2,2,38539699.35995991,0.825,0.1166666666666666,1000.0,0.000809615,1.18404,1.1832303849999999,0.184643,620,0.03571428571428571,0.0
grid_g1_p5_s2_c4,1,5,2,4,2075781.6311124284,0.825,0.1166666666666666,2000.0,0.00567575,0.742212,0.73653625,0.23191199999999998,608,0.040372670807453416,0.004658385093167702
grid_g4_p5_s2_c3,4,5,2,3,18566355.33445113,0.825,0.1166666666666666,1500.0,9.51015e-05,0.638216,0.6381208985,0.21748099999999998,622,0.024844720496894408,0.003105590062111801
grid_g2_p5_s2_c4,2,5,2,4,4308869.380063765,0.825,0.1166666666666666,2000.0,0.00179255,1.2408,1.23900745,0.225372,621,0.026397515527950312,0.0015527950310559005
grid_g3_p5_s2_c4,3,5,2,4,8944271.90999916,0.825,0.1166666666666666,2000.0,0.00245021,0.740516,0.7380657899999999,0.21509799999999998,635,0.012422360248447204,0.0
grid_g0_p5_s2_c5,0,5,2,5,1000000.0,0.825,0.1166666666666666,2500.0,0.000339926,1.03289,1.032550074,0.206351,608,0.03571428571428571,0.0
grid_g6_p5_s2_c2,6,5,2,2,80000000.00000003,0.825,0.1166666666666666,1000.0,0.00011073,0.78103,0.78091927,0.191695,624,0.021739130434782608,0.0
grid_g5_p5_s2_c3,5,5,2,3,38539699.35995991,0.825,0.1166666666666666,1500.0,0.000357315,0.778442,0.7780846849999999,0.19600199999999998,633,0.017080745341614908,0.0
grid_g1_p5_s2_c5,1,5,2,5,2075781.6311124284,0.825,0.1166666666666666,2500.0,0.00163484,1.03328,1.03164516,0.20740899999999998,613,0.03260869565217391,0.0015527950310559005
grid_g4_p5_s2_c4,4,5,2,4,18566355.33445113,0.825,0.1166666666666666,2000.0,0.000927421,0.79279,0.791862579,0.215195,621,0.034161490683229816,0.0
grid_g2_p5_s2_c5,2,5,2,5,4308869.380063765,0.825,0.1166666666666666,2500.0,6.6899e-05,0.658862,0.6587951009999999,0.231003,627,0.021739130434782608,0.0015527950310559005
grid_g6_p5_s2_c3,6,5,2,3,80000000.00000003,0.825,0.1166666666666666,1500.0,0.000409712,0.731248,0.7308382880000001,0.219496,631,0.020186335403726708,0.0
grid_g3_p5_s2_c5,3,5,2,5,8944271.90999916,0.825,0.1166666666666666,2500.0,0.0012384,0.680631,0.6793926,0.223181,614,0.03881987577639751,0.0
grid_g0_p5_s2_c6,0,5,2,6,1000000.0,0.825,0.1166666666666666,3000.0,0.00158467,0.784998,0.78341333,0.22350799999999998,617,0.03260869565217391,0.0015527950310559005
grid_g5_p5_s2_c4,5,5,2,4,38539699.35995991,0.825,0.1166666666666666,2000.0,9.82823e-06,0.619282,0.61927217177,0.231979,628,0.021739130434782608,0.0015527950310559005
grid_g1_p5_s2_c6,1,5,2,6,2075781.6311124284,0.825,0.1166666666666666,3000.0,0.000574356,0.824736,0.824161644,0.207847,606,0.03881987577639751,0.0
grid_g4_p5_s2_c5,4,5,2,5,18566355.33445113,0.825,0.1166666666666666,2500.0,0.000107021,0.780765,0.780657979,0.200828,637,0.010869565217391304,0.0
grid_g2_p5_s2_c6,2,5,2,6,4308869.380063765,0.825,0.1166666666666666,3000.0,0.00158583,0.613793,0.61220717,0.214399,628,0.013975155279503106,0.0015527950310559005
grid_g3_p5_s2_c6,3,5,2,6,8944271.90999916,0.825,0.1166666666666666,3000.0,0.000413744,0.551218,0.5508042559999999,0.249726,602,0.04192546583850932,0.004658385093167702
grid_g0_p5_s3_c0,0,5,3,0,1000000.0,0.825,0.175,0.0,0.0009933,1.25074,1.2497467,0.28035499999999997,587,0.08850931677018634,0.0
grid_g6_p5_s2_c4,6,5,2,4,80000000.00000003,0.825,0.1166666666666666,2000.0,0.00037091,0.640355,0.63998409,0.230489,627,0.026397515527950312,0.0
grid_g5_p5_s2_c5,5,5,2,5,38539699.35995991,0.825,0.1166666666666666,2500.0,0.00139545,0.907608,0.90621255,0.244588,616,0.027950310559006212,0.0
grid_g1_p5_s3_c0,1,5,3,0,2075781.6311124284,0.825,0.175,0.0,0.00105889,1.20548,1.2044211100000002,0.247523,597,0.07298136645962733,0.0
grid_g4_p5_s2_c6,4,5,2,6,18566355.33445113,0.825,0.1166666666666666,3000.0,0.00356277,0.613463,0.6099002299999999,0.227637,630,0.021739130434782608,0.0
grid_g2_p5_s3_c0,2,5,3,0,4308869.380063765,0.825,0.175,0.0,0.00525322,1.10427,1.0990167800000001,0.22242599999999998,611,0.05124223602484472,0.0
grid_g3_p5_s3_c0,3,5,3,0,8944271.90999916,0.825,0.175,0.0,0.00106392,1.02487,1.02380608,0.183065,615,0.04503105590062112,0.0
grid_g0_p5_s3_c1,0,5,3,1,1000000.0,0.825,0.175,500.0,0.00210905,1.27927,1.2771609499999999,0.346779,567,0.09937888198757763,0.0
grid_g5_p5_s2_c6,5,5,2,6,38539699.35995991,0.825,0.1166666666666666,3000.0,0.00438342,0.583545,0.57916158,0.258388,637,0.010869565217391304,0.0
grid_g6_p5_s2_c5,6,5,2,5,80000000.00000003,0.825,0.1166666666666666,2500.0,0.00484255,0.580222,0.57537945,0.211094,626,0.027950310559006212,0.0
grid_g4_p5_s3_c0,4,5,3,0,18566355.33445113,0.825,0.175,0.0,0.000235643,0.989116,0.988880357,0.155687,626,0.027950310559006212,0.0
grid_g1_p5_s3_c1,1,5,3,1,2075781.6311124284,0.825,0.175,500.0,0.00203793,1.04605,1.04401207,0.25788700000000003,580,0.09627329192546584,0.0
grid_g2_p5_s3_c1,2,5,3,1,4308869.380063765,0.825,0.175,500.0,0.00474749,0.96775,0.96300251,0.21753599999999998,596,0.06521739130434782,0.0
grid_g0_p5_s3_c2,0,5,3,2,1000000.0,0.825,0.175,1000.0,0.000126008,1.18217,1.1820439919999999,0.298604,580,0.08850931677018634,0.0015527950310559005
grid_g3_p5_s3_c1,3,5,3,1,8944271.90999916,0.825,0.175,500.0,0.0020882,0.916163,0.9140748,0.190678,616,0.03881987577639751,0.0
grid_g6_p5_s2_c6,6,5,2,6,80000000.00000003,0.825,0.1166666666666666,3000.0,0.000612662,0.572785,0.572172338,0.240014,631,0.020186335403726708,0.0
grid_g5_p5_s3_c0,5,5,3,0,38539699.35995991,0.825,0.175,0.0,4.75377e-06,1.00532,1.00531524623,0.15603899999999998,622,0.03260869565217391,0.0
grid_g4_p5_s3_c1,4,5,3,1,18566355.33445113,0.825,0.175,500.0,0.000761683,0.896733,0.895971317,0.18098899999999998,615,0.043478260869565216,0.0
grid_g1_p5_s3_c2,1,5,3,2,2075781.6311124284,0.825,0.175,1000.0,0.000375006,1.08727,1.086894994,0.26643100000000003,590,0.07608695652173914,0.0
grid_g2_p5_s3_c2,2,5,3,2,4308869.380063765,0.825,0.175,1000.0,0.000718258,0.943284,0.942565742,0.226164,608,0.05124223602484472,0.0015527950310559005
grid_g3_p5_s3_c2,3,5,3,2,8944271.90999916,0.825,0.175,1000.0,0.00663724,0.952904,0.94626676,0.220599,610,0.05124223602484472,0.0
grid_g6_p5_s3_c0,6,5,3,0,80000000.00000003,0.825,0.175,0.0,0.000900579,1.12396,1.123059421,0.15316,626,0.027950310559006212,0.0
grid_g0_p5_s3_c3,0,5,3,3,1000000.0,0.825,0.175,1500.0,0.00358017,1.17574,1.17215983,0.255819,603,0.059006211180124224,0.0015527950310559005
grid_g5_p5_s3_c1,5,5,3,1,38539699.35995991,0.825,0.175,500.0,0.00044843,0.846533,0.8460845699999999,0.196123,612,0.04813664596273292,0.0
grid_g6_p5_s3_c1,6,5,3,1,80000000.00000003,0.825,0.175,500.0,0.00189388,0.77991,0.77801612,0.165603,612,0.046583850931677016,0.0
grid_g4_p5_s3_c2,4,5,3,2,18566355.33445113,0.825,0.175,1000.0,0.000515926,0.733873,0.7333570739999999,0.19752,607,0.04192546583850932,0.0
grid_g1_p5_s3_c3,1,5,3,3,2075781.6311124284,0.825,0.175,1500.0,0.0020905,1.12518,1.1230895,0.242502,591,0.06521739130434782,0.0015527950310559005
grid_g2_p5_s3_c3,2,5,3,3,4308869.380063765,0.825,0.175,1500.0,0.00103652,0.790401,0.78936448,0.207889,610,0.049689440993788817,0.003105590062111801
grid_g0_p5_s3_c4,0,5,3,4,1000000.0,0.825,0.175,2000.0,0.00032416,1.10398,1.10365584,0.23521899999999998,595,0.05434782608695652,0.0
grid_g3_p5_s3_c3,3,5,3,3,8944271.90999916,0.825,0.175,1500.0,0.00230603,0.738564,0.73625797,0.23346699999999998,612,0.040372670807453416,0.0
grid_g1_p5_s3_c4,1,5,3,4,2075781.6311124284,0.825,0.175,2000.0,0.00359612,0.895006,0.89140988,0.19142299999999998,607,0.04503105590062112,0.0015527950310559005
grid_g5_p5_s3_c2,5,5,3,2,38539699.35995991,0.825,0.175,1000.0,0.00164887,0.761345,0.75969613,0.189055,615,0.03571428571428571,0.0
grid_g4_p5_s3_c3,4,5,3,3,18566355.33445113,0.825,0.175,1500.0,0.00345126,0.696623,0.69317174,0.21476599999999998,604,0.040372670807453416,0.0
grid_g2_p5_s3_c4,2,5,3,4,4308869.380063765,0.825,0.175,2000.0,0.00200904,0.813345,0.81133596,0.191468,620,0.021739130434782608,0.0015527950310559005
grid_g3_p5_s3_c4,3,5,3,4,8944271.90999916,0.825,0.175,2000.0,0.000643629,0.801608,0.800964371,0.212675,611,0.04813664596273292,0.0
grid_g0_p5_s3_c5,0,5,3,5,1000000.0,0.825,0.175,2500.0,0.00433125,0.935154,0.93082275,0.25444300000000003,615,0.034161490683229816,0.0
grid_g6_p5_s3_c2,6,5,3,2,80000000.00000003,0.825,0.175,1000.0,0.00234401,0.978378,0.97603399,0.19277,608,0.04192546583850932,0.0
grid_g5_p5_s3_c3,5,5,3,3,38539699.35995991,0.825,0.175,1500.0,0.000827985,1.18174,1.180912015,0.20610599999999998,610,0.031055900621118012,0.0
grid_g4_p5_s3_c4,4,5,3,4,18566355.33445113,0.825,0.175,2000.0,0.00299061,1.06927,1.06627939,0.21573199999999998,621,0.034161490683229816,0.0
grid_g1_p5_s3_c5,1,5,3,5,2075781.6311124284,0.825,0.175,2500.0,0.00372138,1.37325,1.36952862,0.22103599999999998,615,0.034161490683229816,0.0
grid_g2_p5_s3_c5,2,5,3,5,4308869.380063765,0.825,0.175,2500.0,0.00318261,0.896102,0.89291939,0.23893999999999999,606,0.05434782608695652,0.0015527950310559005
grid_g3_p5_s3_c5,3,5,3,5,8944271.90999916,0.825,0.175,2500.0,0.000788565,0.687817,0.687028435,0.197775,616,0.03881987577639751,0.0015527950310559005
grid_g0_p5_s3_c6,0,5,3,6,1000000.0,0.825,0.175,3000.0,0.00178141,1.0524,1.05061859,0.223206,616,0.031055900621118012,0.004658385093167702
grid_g6_p5_s3_c3,6,5,3,3,80000000.00000003,0.825,0.175,1500.0,0.00106534,0.693594,0.69252866,0.19544799999999998,626,0.023291925465838508,0.0015527950310559005
grid_g5_p5_s3_c4,5,5,3,4,38539699.35995991,0.825,0.175,2000.0,0.000162921,0.648727,0.648564079,0.22873,633,0.013975155279503106,0.0015527950310559005
grid_g1_p5_s3_c6,1,5,3,6,2075781.6311124284,0.825,0.175,3000.0,0.00132996,1.18064,1.1793100399999998,0.249019,612,0.029503105590062112,0.0
grid_g4_p5_s3_c5,4,5,3,5,18566355.33445113,0.825,0.175,2500.0,9.82441e-05,0.634252,0.6341537559,0.208918,624,0.027950310559006212,0.0015527950310559005
grid_g2_p5_s3_c6,2,5,3,6,4308869.380063765,0.825,0.175,3000.0,0.0028226,0.87101,0.8681873999999999,0.212911,603,0.049689440993788817,0.003105590062111801
grid_g3_p5_s3_c6,3,5,3,6,8944271.90999916,0.825,0.175,3000.0,0.0056818,0.691837,0.6861552000000001,0.239055,632,0.009316770186335404,0.003105590062111801
grid_g0_p5_s4_c0,0,5,4,0,1000000.0,0.825,0.2333333333333333,0.0,0.00218131,1.36567,1.3634886899999998,0.335637,589,0.07608695652173914,0.0
grid_g6_p5_s3_c4,6,5,3,4,80000000.00000003,0.825,0.175,2000.0,0.000428665,0.624788,0.624359335,0.212872,630,0.015527950310559006,0.003105590062111801
grid_g5_p5_s3_c5,5,5,3,5,38539699.35995991,0.825,0.175,2500.0,0.000319115,0.631405,0.631085885,0.217721,629,0.021739130434782608,0.0
grid_g4_p5_s3_c6,4,5,3,6,18566355.33445113,0.825,0.175,3000.0,0.000549164,0.578085,0.5775358359999999,0.236977,609,0.05124223602484472,0.0015527950310559005
grid_g1_p5_s4_c0,1,5,4,0,2075781.6311124284,0.825,0.2333333333333333,0.0,0.000644638,1.26452,1.263875362,0.24867699999999998,592,0.08074534161490683,0.0
grid_g2_p5_s4_c0,2,5,4,0,4308869.380063765,0.825,0.2333333333333333,0.0,0.00138162,1.22358,1.2221983799999998,0.220582,598,0.06987577639751552,0.0
grid_g6_p5_s3_c5,6,5,3,5,80000000.00000003,0.825,0.175,2500.0,0.00159232,0.563218,0.56162568,0.23443,621,0.029503105590062112,0.0015527950310559005
grid_g3_p5_s4_c0,3,5,4,0,8944271.90999916,0.825,0.2333333333333333,0.0,0.00184468,1.02312,1.02127532,0.18798499999999999,614,0.046583850931677016,0.0
grid_g0_p5_s4_c1,0,5,4,1,1000000.0,0.825,0.2333333333333333,500.0,0.00808442,1.48327,1.47518558,0.318124,586,0.07763975155279502,0.0
grid_g5_p5_s3_c6,5,5,3,6,38539699.35995991,0.825,0.175,3000.0,0.00015213,0.579375,0.57922287,0.228178,634,0.013975155279503106,0.0015527950310559005
grid_g1_p5_s4_c1,1,5,4,1,2075781.6311124284,0.825,0.2333333333333333,500.0,0.00118999,1.27115,1.26996001,0.26515500000000003,586,0.08695652173913043,0.0
grid_g4_p5_s4_c0,4,5,4,0,18566355.33445113,0.825,0.2333333333333333,0.0,0.00165319,1.03845,1.03679681,0.15861,622,0.034161490683229816,0.0
grid_g2_p5_s4_c1,2,5,4,1,4308869.380063765,0.825,0.2333333333333333,500.0,0.000884121,1.21408,1.2131958790000001,0.23388,590,0.07453416149068323,0.0
grid_g3_p5_s4_c1,3,5,4,1,8944271.90999916,0.825,0.2333333333333333,500.0,0.00142053,1.03656,1.0351394699999998,0.252849,609,0.05434782608695652,0.0
grid_g6_p5_s3_c6,6,5,3,6,80000000.00000003,0.825,0.175,3000.0,0.000241903,0.568691,0.5684490969999999,0.23655299999999999,637,0.009316770186335404,0.0015527950310559005
grid_g0_p5_s4_c2,0,5,4,2,1000000.0,0.825,0.2333333333333333,1000.0,0.0013204,1.46129,1.4599696,0.289754,578,0.08695652173913043,0.0015527950310559005
grid_g5_p5_s4_c0,5,5,4,0,38539699.35995991,0.825,0.2333333333333333,0.0,0.00233213,1.05363,1.05129787,0.151141,625,0.029503105590062112,0.0
grid_g4_p5_s4_c1,4,5,4,1,18566355.33445113,0.825,0.2333333333333333,500.0,0.000429131,1.08727,1.086840869,0.20049899999999998,607,0.055900621118012424,0.0
grid_g1_p5_s4_c2,1,5,4,2,2075781.6311124284,0.825,0.2333333333333333,1000.0,0.000538978,1.26545,1.264911022,0.243003,572,0.09472049689440994,0.0015527950310559005
grid_g2_p5_s4_c2,2,5,4,2,4308869.380063765,0.825,0.2333333333333333,1000.0,0.000832779,1.02116,1.020327221,0.24637399999999998,579,0.09472049689440994,0.0015527950310559005
grid_g3_p5_s4_c2,3,5,4,2,8944271.90999916,0.825,0.2333333333333333,1000.0,0.00121156,0.937602,0.93639044,0.23749,605,0.05745341614906832,0.0
grid_g0_p5_s4_c3,0,5,4,3,1000000.0,0.825,0.2333333333333333,1500.0,0.0031179,1.37223,1.3691121000000002,0.286366,595,0.062111801242236024,0.003105590062111801
grid_g6_p5_s4_c0,6,5,4,0,80000000.00000003,0.825,0.2333333333333333,0.0,0.000326583,1.08792,1.087593417,0.15620799999999999,620,0.037267080745341616,0.0
grid_g5_p5_s4_c1,5,5,4,1,38539699.35995991,0.825,0.2333333333333333,500.0,8.12916e-05,0.955001,0.9549197084,0.165428,617,0.03571428571428571,0.0
grid_g1_p5_s4_c3,1,5,4,3,2075781.6311124284,0.825,0.2333333333333333,1500.0,0.00277818,1.21969,1.21691182,0.241972,588,0.07919254658385093,0.0015527950310559005
grid_g4_p5_s4_c2,4,5,4,2,18566355.33445113,0.825,0.2333333333333333,1000.0,0.000401681,0.776791,0.776389319,0.230813,603,0.059006211180124224,0.0
grid_g2_p5_s4_c3,2,5,4,3,4308869.380063765,0.825,0.2333333333333333,1500.0,0.000141192,1.06767,1.0675288079999998,0.214638,600,0.05745341614906832,0.0
grid_g3_p5_s4_c3,3,5,4,3,8944271.90999916,0.825,0.2333333333333333,1500.0,0.0026378,0.853231,0.8505931999999999,0.23685699999999998,601,0.059006211180124224,0.0
grid_g0_p5_s4_c4,0,5,4,4,1000000.0,0.825,0.2333333333333333,2000.0,0.00148978,1.2958,1.29431022,0.26751800000000003,590,0.06832298136645963,0.003105590062111801
grid_g6_p5_s4_c1,6,5,4,1,80000000.00000003,0.825,0.2333333333333333,500.0,0.000157178,0.816186,0.8160288219999999,0.188548,615,0.03260869565217391,0.0015527950310559005
grid_g5_p5_s4_c2,5,5,4,2,38539699.35995991,0.825,0.2333333333333333,1000.0,0.00302559,0.76194,0.7589144099999999,0.199703,605,0.04813664596273292,0.0015527950310559005
grid_g1_p5_s4_c4,1,5,4,4,2075781.6311124284,0.825,0.2333333333333333,2000.0,0.00103109,1.18895,1.18791891,0.23951999999999998,594,0.07142857142857142,0.0015527950310559005
grid_g4_p5_s4_c3,4,5,4,3,18566355.33445113,0.825,0.2333333333333333,1500.0,0.00134202,0.719231,0.7178889799999999,0.250791,606,0.05434782608695652,0.0
grid_g2_p5_s4_c4,2,5,4,4,4308869.380063765,0.825,0.2333333333333333,2000.0,0.00140353,0.969284,0.96788047,0.254571,597,0.055900621118012424,0.0
grid_g6_p5_s4_c2,6,5,4,2,80000000.00000003,0.825,0.2333333333333333,1000.0,0.0010363,1.23685,1.2358137,0.190629,611,0.034161490683229816,0.003105590062111801
grid_g3_p5_s4_c4,3,5,4,4,8944271.90999916,0.825,0.2333333333333333,2000.0,0.000310868,0.767565,0.767254132,0.240598,595,0.06832298136645963,0.0
grid_g0_p5_s4_c5,0,5,4,5,1000000.0,0.825,0.2333333333333333,2500.0,0.00251501,1.29693,1.29441499,0.227637,596,0.05434782608695652,0.004658385093167702
grid_g5_p5_s4_c3,5,5,4,3,38539699.35995991,0.825,0.2333333333333333,1500.0,0.00294868,0.678435,0.67548632,0.198239,624,0.024844720496894408,0.0015527950310559005
grid_g1_p5_s4_c5,1,5,4,5,2075781.6311124284,0.825,0.2333333333333333,2500.0,0.0037988,1.07539,1.0715912,0.260335,584,0.09006211180124224,0.0
grid_g4_p5_s4_c4,4,5,4,4,18566355.33445113,0.825,0.2333333333333333,2000.0,0.000394795,1.01307,1.0126752049999999,0.212527,607,0.055900621118012424,0.0
grid_g2_p5_s4_c5,2,5,4,5,4308869.380063765,0.825,0.2333333333333333,2500.0,0.000368828,1.05671,1.056341172,0.21695399999999998,622,0.027950310559006212,0.0015527950310559005
grid_g3_p5_s4_c5,3,5,4,5,8944271.90999916,0.825,0.2333333333333333,2500.0,0.00237002,0.869734,0.86736398,0.22703099999999998,598,0.059006211180124224,0.0015527950310559005
grid_g0_p5_s4_c6,0,5,4,6,1000000.0,0.825,0.2333333333333333,3000.0,0.00109672,1.21427,1.21317328,0.23217,570,0.10093167701863354,0.003105590062111801
grid_g6_p5_s4_c3,6,5,4,3,80000000.00000003,0.825,0.2333333333333333,1500.0,0.000392822,0.75888,0.758487178,0.196774,628,0.021739130434782608,0.0015527950310559005
grid_g5_p5_s4_c4,5,5,4,4,38539699.35995991,0.825,0.2333333333333333,2000.0,0.00598978,0.643799,0.6378092200000001,0.214475,619,0.03260869565217391,0.006211180124223602
grid_g1_p5_s4_c6,1,5,4,6,2075781.6311124284,0.825,0.2333333333333333,3000.0,0.000751409,1.1081,1.107348591,0.257261,614,0.03881987577639751,0.0
grid_g4_p5_s4_c5,4,5,4,5,18566355.33445113,0.825,0.2333333333333333,2500.0,0.00212199,0.969333,0.96721101,0.211762,631,0.018633540372670808,0.0
grid_g2_p5_s4_c6,2,5,4,6,4308869.380063765,0.825,0.2333333333333333,3000.0,0.00111237,0.952708,0.95159563,0.22755,587,0.05745341614906832,0.0015527950310559005
grid_g3_p5_s4_c6,3,5,4,6,8944271.90999916,0.825,0.2333333333333333,3000.0,0.000180881,0.901579,0.901398119,0.273979,603,0.05434782608695652,0.0
grid_g6_p5_s4_c4,6,5,4,4,80000000.00000003,0.825,0.2333333333333333,2000.0,0.00235366,0.787947,0.7855933399999999,0.23199,625,0.029503105590062112,0.0
grid_g5_p5_s4_c5,5,5,4,5,38539699.35995991,0.825,0.2333333333333333,2500.0,0.000308303,0.662459,0.6621506970000001,0.224816,618,0.020186335403726708,0.0
grid_g0_p5_s5_c0,0,5,5,0,1000000.0,0.825,0.2916666666666666,0.0,0.000914352,1.51849,1.517575648,0.335462,600,0.06521739130434782,0.0
grid_g1_p5_s5_c0,1,5,5,0,2075781.6311124284,0.825,0.2916666666666666,0.0,5.80397e-05,1.19994,1.1998819603,0.302883,575,0.09316770186335403,0.0
grid_g4_p5_s4_c6,4,5,4,6,18566355.33445113,0.825,0.2333333333333333,3000.0,0.000178437,0.649603,0.6494245630000001,0.228201,623,0.029503105590062112,0.0015527950310559005
grid_g2_p5_s5_c0,2,5,5,0,4308869.380063765,0.825,0.2916666666666666,0.0,0.000502547,1.2183,1.217797453,0.237498,591,0.08229813664596274,0.0
grid_g3_p5_s5_c0,3,5,5,0,8944271.90999916,0.825,0.2916666666666666,0.0,0.00154921,1.07985,1.07830079,0.216616,611,0.05124223602484472,0.0
grid_g6_p5_s4_c5,6,5,4,5,80000000.00000003,0.825,0.2333333333333333,2500.0,0.000916996,0.548953,0.5480360040000001,0.22836499999999998,629,0.021739130434782608,0.0015527950310559005
grid_g0_p5_s5_c1,0,5,5,1,1000000.0,0.825,0.2916666666666666,500.0,0.00372924,1.71061,1.70688076,0.330712,568,0.08229813664596274,0.006211180124223602
grid_g5_p5_s4_c6,5,5,4,6,38539699.35995991,0.825,0.2333333333333333,3000.0,0.00176477,0.649626,0.6478612300000001,0.225426,614,0.046583850931677016,0.0
grid_g4_p5_s5_c0,4,5,5,0,18566355.33445113,0.825,0.2916666666666666,0.0,0.00429811,1.07952,1.0752218900000001,0.158833,622,0.034161490683229816,0.0
grid_g1_p5_s5_c1,1,5,5,1,2075781.6311124284,0.825,0.2916666666666666,500.0,0.00209033,1.36886,1.36676967,0.376643,577,0.07608695652173914,0.0
grid_g2_p5_s5_c1,2,5,5,1,4308869.380063765,0.825,0.2916666666666666,500.0,0.00111757,1.27886,1.2777424300000002,0.27370099999999997,583,0.09316770186335403,0.0
grid_g6_p5_s4_c6,6,5,4,6,80000000.00000003,0.825,0.2333333333333333,3000.0,0.000404152,0.532956,0.532551848,0.253909,636,0.006211180124223602,0.0015527950310559005
grid_g3_p5_s5_c1,3,5,5,1,8944271.90999916,0.825,0.2916666666666666,500.0,0.00226854,0.985909,0.98364046,0.27969499999999997,582,0.09161490683229814,0.0
grid_g0_p5_s5_c2,0,5,5,2,1000000.0,0.825,0.2916666666666666,1000.0,0.00507826,1.65942,1.65434174,0.37171,568,0.08074534161490683,0.004658385093167702
grid_g5_p5_s5_c0,5,5,5,0,38539699.35995991,0.825,0.2916666666666666,0.0,0.000631883,1.07843,1.077798117,0.177369,616,0.043478260869565216,0.0
grid_g1_p5_s5_c2,1,5,5,2,2075781.6311124284,0.825,0.2916666666666666,1000.0,0.000163423,1.32754,1.327376577,0.275636,592,0.07298136645962733,0.004658385093167702
grid_g4_p5_s5_c1,4,5,5,1,18566355.33445113,0.825,0.2916666666666666,500.0,0.000344386,0.978899,0.978554614,0.197966,611,0.04813664596273292,0.0
grid_g2_p5_s5_c2,2,5,5,2,4308869.380063765,0.825,0.2916666666666666,1000.0,0.00280508,1.24904,1.24623492,0.281422,580,0.09006211180124224,0.0
grid_g3_p5_s5_c2,3,5,5,2,8944271.90999916,0.825,0.2916666666666666,1000.0,0.00156016,1.05989,1.05832984,0.270846,598,0.06055900621118013,0.0
grid_g0_p5_s5_c3,0,5,5,3,1000000.0,0.825,0.2916666666666666,1500.0,0.00435684,1.47597,1.47161316,0.266814,568,0.07453416149068323,0.006211180124223602
grid_g6_p5_s5_c0,6,5,5,0,80000000.00000003,0.825,0.2916666666666666,0.0,0.00140959,1.01494,1.01353041,0.154647,622,0.029503105590062112,0.0
grid_g5_p5_s5_c1,5,5,5,1,38539699.35995991,0.825,0.2916666666666666,500.0,0.000541876,0.869623,0.869081124,0.199932,605,0.049689440993788817,0.0
grid_g4_p5_s5_c2,4,5,5,2,18566355.33445113,0.825,0.2916666666666666,1000.0,0.000330078,0.862491,0.862160922,0.22517399999999999,608,0.043478260869565216,0.0015527950310559005
grid_g1_p5_s5_c3,1,5,5,3,2075781.6311124284,0.825,0.2916666666666666,1500.0,0.000155737,1.36757,1.367414263,0.274772,594,0.06521739130434782,0.0
grid_g2_p5_s5_c3,2,5,5,3,4308869.380063765,0.825,0.2916666666666666,1500.0,0.000702348,1.18359,1.182887652,0.29201,586,0.08074534161490683,0.0015527950310559005
grid_g6_p5_s5_c1,6,5,5,1,80000000.00000003,0.825,0.2916666666666666,500.0,0.00012814,0.835309,0.8351808599999999,0.184915,617,0.03571428571428571,0.0
grid_g3_p5_s5_c3,3,5,5,3,8944271.90999916,0.825,0.2916666666666666,1500.0,0.00114877,1.0519,1.0507512300000001,0.293422,591,0.08074534161490683,0.0
grid_g0_p5_s5_c4,0,5,5,4,1000000.0,0.825,0.2916666666666666,2000.0,0.00282539,1.61994,1.61711461,0.298061,586,0.06677018633540373,0.003105590062111801
grid_g5_p5_s5_c2,5,5,5,2,38539699.35995991,0.825,0.2916666666666666,1000.0,0.000780241,0.859059,0.8582787590000001,0.192206,612,0.040372670807453416,0.006211180124223602
grid_g4_p5_s5_c3,4,5,5,3,18566355.33445113,0.825,0.2916666666666666,1500.0,0.00219309,0.772601,0.77040791,0.221885,599,0.059006211180124224,0.0
grid_g1_p5_s5_c4,1,5,5,4,2075781.6311124284,0.825,0.2916666666666666,2000.0,0.0013061,1.33567,1.3343638999999998,0.353721,581,0.07919254658385093,0.0
grid_g2_p5_s5_c4,2,5,5,4,4308869.380063765,0.825,0.2916666666666666,2000.0,0.000278154,1.05686,1.0565818459999998,0.317041,582,0.07919254658385093,0.0
grid_g3_p5_s5_c4,3,5,5,4,8944271.90999916,0.825,0.2916666666666666,2000.0,0.00124547,0.928253,0.92700753,0.302349,587,0.08229813664596274,0.0
grid_g0_p5_s5_c5,0,5,5,5,1000000.0,0.825,0.2916666666666666,2500.0,0.000995793,1.53094,1.529944207,0.329695,567,0.09472049689440994,0.0
grid_g6_p5_s5_c2,6,5,5,2,80000000.00000003,0.825,0.2916666666666666,1000.0,0.000436759,0.744634,0.7441972410000001,0.216326,604,0.05434782608695652,0.0
grid_g5_p5_s5_c3,5,5,5,3,38539699.35995991,0.825,0.2916666666666666,1500.0,7.77396e-05,1.15269,1.1526122604,0.209624,611,0.04503105590062112,0.004658385093167702
grid_g1_p5_s5_c5,1,5,5,5,2075781.6311124284,0.825,0.2916666666666666,2500.0,0.00152125,1.23721,1.23568875,0.346982,569,0.09316770186335403,0.0015527950310559005
grid_g4_p5_s5_c4,4,5,5,4,18566355.33445113,0.825,0.2916666666666666,2000.0,0.00679172,0.75254,0.74574828,0.20593799999999998,606,0.05124223602484472,0.0
grid_g2_p5_s5_c5,2,5,5,5,4308869.380063765,0.825,0.2916666666666666,2500.0,0.00197383,1.10893,1.10695617,0.28224899999999997,591,0.06987577639751552,0.0
grid_g6_p5_s5_c3,6,5,5,3,80000000.00000003,0.825,0.2916666666666666,1500.0,0.00104119,1.30349,1.30244881,0.191325,606,0.03260869565217391,0.0
grid_g3_p5_s5_c5,3,5,5,5,8944271.90999916,0.825,0.2916666666666666,2500.0,0.00526807,1.43466,1.42939193,0.243144,593,0.055900621118012424,0.0
grid_g0_p5_s5_c6,0,5,5,6,1000000.0,0.825,0.2916666666666666,3000.0,0.00336937,1.6425,1.6391306300000001,0.29045,596,0.043478260869565216,0.0015527950310559005
grid_g5_p5_s5_c4,5,5,5,4,38539699.35995991,0.825,0.2916666666666666,2000.0,5.32069e-05,1.48332,1.4832667930999999,0.212142,619,0.037267080745341616,0.0
grid_g1_p5_s5_c6,1,5,5,6,2075781.6311124284,0.825,0.2916666666666666,3000.0,0.000186528,1.34872,1.348533472,0.28621199999999997,577,0.06366459627329192,0.006211180124223602
grid_g4_p5_s5_c5,4,5,5,5,18566355.33445113,0.825,0.2916666666666666,2500.0,0.000329838,0.859788,0.859458162,0.260751,591,0.049689440993788817,0.0
grid_g2_p5_s5_c6,2,5,5,6,4308869.380063765,0.825,0.2916666666666666,3000.0,0.00154274,1.2927,1.2911572599999999,0.210611,615,0.023291925465838508,0.0015527950310559005
grid_g3_p5_s5_c6,3,5,5,6,8944271.90999916,0.825,0.2916666666666666,3000.0,0.000398952,1.21969,1.2192910479999999,0.222956,613,0.04192546583850932,0.0015527950310559005
grid_g6_p5_s5_c4,6,5,5,4,80000000.00000003,0.825,0.2916666666666666,2000.0,0.00189222,0.609925,0.60803278,0.197108,632,0.006211180124223602,0.004658385093167702
grid_g0_p5_s6_c0,0,5,6,0,1000000.0,0.825,0.35,0.0,0.000493173,1.55593,1.555436827,0.278096,577,0.06366459627329192,0.0
grid_g5_p5_s5_c5,5,5,5,5,38539699.35995991,0.825,0.2916666666666666,2500.0,0.00410979,1.02044,1.01633021,0.244535,625,0.027950310559006212,0.0
grid_g1_p5_s6_c0,1,5,6,0,2075781.6311124284,0.825,0.35,0.0,0.00125123,1.4568,1.45554877,0.267469,579,0.09782608695652174,0.0
grid_g4_p5_s5_c6,4,5,5,6,18566355.33445113,0.825,0.2916666666666666,3000.0,0.00316706,0.831793,0.82862594,0.23560999999999999,628,0.023291925465838508,0.0
grid_g2_p5_s6_c0,2,5,6,0,4308869.380063765,0.825,0.35,0.0,0.00562402,1.2295,1.22387598,0.32132499999999997,573,0.10714285714285714,0.0
grid_g3_p5_s6_c0,3,5,6,0,8944271.90999916,0.825,0.35,0.0,0.00102084,1.12423,1.12320916,0.210276,604,0.05434782608695652,0.0
grid_g6_p5_s5_c5,6,5,5,5,80000000.00000003,0.825,0.2916666666666666,2500.0,0.00238079,0.876919,0.87453821,0.23632699999999998,621,0.034161490683229816,0.0
grid_g0_p5_s6_c1,0,5,6,1,1000000.0,0.825,0.35,500.0,0.00163437,1.75358,1.7519456299999998,0.435114,548,0.08695652173913043,0.007763975155279503
grid_g5_p5_s5_c6,5,5,5,6,38539699.35995991,0.825,0.2916666666666666,3000.0,0.00144964,1.06578,1.06433036,0.220742,626,0.021739130434782608,0.0
grid_g1_p5_s6_c1,1,5,6,1,2075781.6311124284,0.825,0.35,500.0,1.35841e-05,1.53864,1.5386264159,0.371372,582,0.062111801242236024,0.0015527950310559005
grid_g4_p5_s6_c0,4,5,6,0,18566355.33445113,0.825,0.35,0.0,0.000595506,1.10658,1.1059844939999999,0.163155,618,0.040372670807453416,0.0
grid_g2_p5_s6_c1,2,5,6,1,4308869.380063765,0.825,0.35,500.0,0.000313766,1.39309,1.3927762339999998,0.312513,570,0.09627329192546584,0.0015527950310559005
grid_g3_p5_s6_c1,3,5,6,1,8944271.90999916,0.825,0.35,500.0,0.000157633,1.11524,1.115082367,0.292238,578,0.09937888198757763,0.0
grid_g0_p5_s6_c2,0,5,6,2,1000000.0,0.825,0.35,1000.0,0.00152751,1.72767,1.72614249,0.280684,554,0.06832298136645963,0.024844720496894408
grid_g6_p5_s5_c6,6,5,5,6,80000000.00000003,0.825,0.2916666666666666,3000.0,0.000535221,0.645593,0.6450577789999999,0.238941,615,0.024844720496894408,0.0
grid_g5_p5_s6_c0,5,5,6,0,38539699.35995991,0.825,0.35,0.0,0.000164962,1.00267,1.002505038,0.152608,620,0.03260869565217391,0.0
grid_g1_p5_s6_c2,1,5,6,2,2075781.6311124284,0.825,0.35,1000.0,0.00334873,1.6928,1.6894512700000002,0.41492,584,0.07298136645962733,0.0015527950310559005
grid_g4_p5_s6_c1,4,5,6,1,18566355.33445113,0.825,0.35,500.0,0.00673485,1.051,1.04426515,0.21996,602,0.06366459627329192,0.0
grid_g2_p5_s6_c2,2,5,6,2,4308869.380063765,0.825,0.35,1000.0,0.00051525,1.44291,1.4423947499999998,0.247914,562,0.10714285714285714,0.0015527950310559005
grid_g3_p5_s6_c2,3,5,6,2,8944271.90999916,0.825,0.35,1000.0,0.000247711,1.10016,1.099912289,0.253677,592,0.07608695652173914,0.0
grid_g0_p5_s6_c3,0,5,6,3,1000000.0,0.825,0.35,1500.0,0.00266241,1.79909,1.7964275900000002,0.294244,566,0.062111801242236024,0.018633540372670808
grid_g6_p5_s6_c0,6,5,6,0,80000000.00000003,0.825,0.35,0.0,0.00244066,1.15353,1.15108934,0.160886,622,0.034161490683229816,0.0
grid_g5_p5_s6_c1,5,5,6,1,38539699.35995991,0.825,0.35,500.0,0.00209398,0.926082,0.9239880199999999,0.16117399999999998,625,0.026397515527950312,0.0
grid_g1_p5_s6_c3,1,5,6,3,2075781.6311124284,0.825,0.35,1500.0,0.000855998,1.68811,1.687254002,0.343074,569,0.10248447204968944,0.004658385093167702
grid_g4_p5_s6_c2,4,5,6,2,18566355.33445113,0.825,0.35,1000.0,2.0509e-05,1.00782,1.0077994909999999,0.24624,599,0.059006211180124224,0.0
grid_g2_p5_s6_c3,2,5,6,3,4308869.380063765,0.825,0.35,1500.0,0.000512787,1.42994,1.429427213,0.317392,558,0.11956521739130435,0.009316770186335404
grid_g3_p5_s6_c3,3,5,6,3,8944271.90999916,0.825,0.35,1500.0,0.00387161,1.26028,1.25640839,0.23599499999999998,595,0.06055900621118013,0.0
grid_g0_p5_s6_c4,0,5,6,4,1000000.0,0.825,0.35,2000.0,0.000627936,1.71635,1.715722064,0.277285,578,0.05745341614906832,0.012422360248447204
grid_g6_p5_s6_c1,6,5,6,1,80000000.00000003,0.825,0.35,500.0,0.00025035,0.906673,0.90642265,0.163352,620,0.027950310559006212,0.0
grid_g5_p5_s6_c2,5,5,6,2,38539699.35995991,0.825,0.35,1000.0,9.86016e-05,0.855395,0.8552963984,0.211912,609,0.05124223602484472,0.0015527950310559005
grid_g1_p5_s6_c4,1,5,6,4,2075781.6311124284,0.825,0.35,2000.0,0.00369905,1.43511,1.43141095,0.304883,576,0.07608695652173914,0.003105590062111801
grid_g4_p5_s6_c3,4,5,6,3,18566355.33445113,0.825,0.35,1500.0,0.00228967,0.827884,0.8255943299999999,0.23782399999999998,599,0.05124223602484472,0.0015527950310559005
grid_g2_p5_s6_c4,2,5,6,4,4308869.380063765,0.825,0.35,2000.0,0.000737181,1.51647,1.515732819,0.27373,580,0.08074534161490683,0.0015527950310559005
grid_g3_p5_s6_c4,3,5,6,4,8944271.90999916,0.825,0.35,2000.0,0.000170466,0.977809,0.977638534,0.266857,598,0.06055900621118013,0.0
grid_g6_p5_s6_c2,6,5,6,2,80000000.00000003,0.825,0.35,1000.0,0.00142833,0.806238,0.80480967,0.184913,614,0.037267080745341616,0.0
grid_g0_p5_s6_c5,0,5,6,5,1000000.0,0.825,0.35,2500.0,0.00262145,1.73714,1.73451855,0.26959500000000003,564,0.07142857142857142,0.009316770186335404
grid_g5_p5_s6_c3,5,5,6,3,38539699.35995991,0.825,0.35,1500.0,0.00206944,0.732887,0.73081756,0.228317,609,0.043478260869565216,0.003105590062111801
grid_g1_p5_s6_c5,1,5,6,5,2075781.6311124284,0.825,0.35,2500.0,0.00123748,1.60321,1.6019725200000001,0.26976700000000003,586,0.062111801242236024,0.003105590062111801
grid_g4_p5_s6_c4,4,5,6,4,18566355.33445113,0.825,0.35,2000.0,0.000136977,0.892225,0.892088023,0.241666,606,0.04813664596273292,0.0
grid_g2_p5_s6_c5,2,5,6,5,4308869.380063765,0.825,0.35,2500.0,0.00438096,1.30919,1.30480904,0.307085,579,0.08850931677018634,0.0015527950310559005
grid_g6_p5_s6_c3,6,5,6,3,80000000.00000003,0.825,0.35,1500.0,0.00183808,1.01422,1.01238192,0.228978,607,0.03260869565217391,0.0
grid_g3_p5_s6_c5,3,5,6,5,8944271.90999916,0.825,0.35,2500.0,0.000903282,1.23464,1.233736718,0.25537,585,0.09006211180124224,0.0
grid_g0_p5_s6_c6,0,5,6,6,1000000.0,0.825,0.35,3000.0,0.00131026,1.67376,1.67244974,0.343449,573,0.07453416149068323,0.010869565217391304
grid_g5_p5_s6_c4,5,5,6,4,38539699.35995991,0.825,0.35,2000.0,0.000349254,0.770489,0.770139746,0.23824199999999998,613,0.029503105590062112,0.0015527950310559005
grid_g4_p5_s6_c5,4,5,6,5,18566355.33445113,0.825,0.35,2500.0,0.0020751,0.903507,0.9014319,0.249803,600,0.05434782608695652,0.006211180124223602
grid_g1_p5_s6_c6,1,5,6,6,2075781.6311124284,0.825,0.35,3000.0,0.00412002,1.56164,1.55751998,0.373317,569,0.07142857142857142,0.0015527950310559005
grid_g2_p5_s6_c6,2,5,6,6,4308869.380063765,0.825,0.35,3000.0,0.00548783,1.22862,1.22313217,0.243315,577,0.06987577639751552,0.0015527950310559005
grid_g3_p5_s6_c6,3,5,6,6,8944271.90999916,0.825,0.35,3000.0,0.00205511,1.60168,1.59962489,0.27908099999999997,594,0.062111801242236024,0.0
grid_g5_p5_s6_c5,5,5,6,5,38539699.35995991,0.825,0.35,2500.0,0.00178062,1.47402,1.4722393800000002,0.23965999999999998,599,0.046583850931677016,0.0015527950310559005
grid_g0_p6_s0_c0,0,6,0,0,1000000.0,0.9,0.0,0.0,9.03445e-05,0.786248,0.7861576554999999,0.152859,612,0.04813664596273292,0.0
grid_g6_p5_s6_c4,6,5,6,4,80000000.00000003,0.825,0.35,2000.0,0.000297683,0.603696,0.603398317,0.224373,620,0.03260869565217391,0.003105590062111801
grid_g1_p6_s0_c0,1,6,0,0,2075781.6311124284,0.9,0.0,0.0,9.17175e-05,0.765851,0.7657592824999999,0.152133,617,0.03881987577639751,0.0
grid_g4_p5_s6_c6,4,5,6,6,18566355.33445113,0.825,0.35,3000.0,0.0026639,1.55706,1.5543961000000002,0.263613,588,0.05745341614906832,0.0015527950310559005
grid_g2_p6_s0_c0,2,6,0,0,4308869.380063765,0.9,0.0,0.0,0.00159838,0.780488,0.77888962,0.152883,619,0.03881987577639751,0.0
grid_g3_p6_s0_c0,3,6,0,0,8944271.90999916,0.9,0.0,0.0,0.000267505,0.832643,0.8323754950000001,0.157835,617,0.04192546583850932,0.0
grid_g0_p6_s0_c1,0,6,0,1,1000000.0,0.9,0.0,500.0,0.000458836,0.6611,0.6606411640000001,0.163175,617,0.04192546583850932,0.0
grid_g6_p5_s6_c5,6,5,6,5,80000000.00000003,0.825,0.35,2500.0,0.00304439,1.41728,1.4142356100000002,0.21182199999999998,621,0.020186335403726708,0.0
grid_g5_p5_s6_c6,5,5,6,6,38539699.35995991,0.825,0.35,3000.0,0.00416824,0.802373,0.79820476,0.21060199999999998,619,0.018633540372670808,0.0015527950310559005
grid_g4_p6_s0_c0,4,6,0,0,18566355.33445113,0.9,0.0,0.0,0.00166314,0.891893,0.89022986,0.16649999999999998,612,0.049689440993788817,0.0
grid_g1_p6_s0_c1,1,6,0,1,2075781.6311124284,0.9,0.0,500.0,0.000412918,0.677994,0.677581082,0.16388899999999998,614,0.046583850931677016,0.0
grid_g2_p6_s0_c1,2,6,0,1,4308869.380063765,0.9,0.0,500.0,0.000485986,0.715982,0.715496014,0.164554,618,0.040372670807453416,0.0
grid_g0_p6_s0_c2,0,6,0,2,1000000.0,0.9,0.0,1000.0,0.000589442,0.607609,0.607019558,0.190907,612,0.049689440993788817,0.0
grid_g3_p6_s0_c1,3,6,0,1,8944271.90999916,0.9,0.0,500.0,0.000892039,0.787864,0.786971961,0.172213,614,0.043478260869565216,0.0
grid_g6_p5_s6_c6,6,5,6,6,80000000.00000003,0.825,0.35,3000.0,0.000886306,0.601614,0.600727694,0.254145,608,0.055900621118012424,0.0
grid_g5_p6_s0_c0,5,6,0,0,38539699.35995991,0.9,0.0,0.0,0.000699724,0.864464,0.863764276,0.15306999999999998,609,0.05434782608695652,0.0
grid_g4_p6_s0_c1,4,6,0,1,18566355.33445113,0.9,0.0,500.0,8.9306e-05,0.756311,0.7562216939999999,0.17008299999999998,612,0.04503105590062112,0.0
grid_g1_p6_s0_c2,1,6,0,2,2075781.6311124284,0.9,0.0,1000.0,0.000112337,0.603265,0.603152663,0.176569,614,0.04192546583850932,0.0
grid_g2_p6_s0_c2,2,6,0,2,4308869.380063765,0.9,0.0,1000.0,0.00180793,0.53952,0.53771207,0.17935399999999999,615,0.03881987577639751,0.0
grid_g3_p6_s0_c2,3,6,0,2,8944271.90999916,0.9,0.0,1000.0,0.00331167,0.646385,0.64307333,0.173263,621,0.03571428571428571,0.0
grid_g0_p6_s0_c3,0,6,0,3,1000000.0,0.9,0.0,1500.0,0.00211815,0.621028,0.61890985,0.185056,614,0.04503105590062112,0.0
grid_g6_p6_s0_c0,6,6,0,0,80000000.00000003,0.9,0.0,0.0,0.000281855,0.909538,0.909256145,0.157577,616,0.04192546583850932,0.0
grid_g5_p6_s0_c1,5,6,0,1,38539699.35995991,0.9,0.0,500.0,0.00102085,0.768877,0.7678561500000001,0.17058199999999998,614,0.046583850931677016,0.0
grid_g1_p6_s0_c3,1,6,0,3,2075781.6311124284,0.9,0.0,1500.0,0.00297881,0.565738,0.56275919,0.206172,628,0.024844720496894408,0.0
grid_g4_p6_s0_c2,4,6,0,2,18566355.33445113,0.9,0.0,1000.0,9.29059e-06,0.587336,0.58732670941,0.21606,619,0.03881987577639751,0.0
grid_g2_p6_s0_c3,2,6,0,3,4308869.380063765,0.9,0.0,1500.0,0.000362285,0.789874,0.789511715,0.198355,609,0.049689440993788817,0.0
grid_g3_p6_s0_c3,3,6,0,3,8944271.90999916,0.9,0.0,1500.0,0.000358169,0.635784,0.635425831,0.22311899999999998,630,0.021739130434782608,0.0
grid_g6_p6_s0_c1,6,6,0,1,80000000.00000003,0.9,0.0,500.0,0.00313838,0.782285,0.77914662,0.169324,591,0.07298136645962733,0.0
grid_g0_p6_s0_c4,0,6,0,4,1000000.0,0.9,0.0,2000.0,0.000451663,0.465918,0.465466337,0.20424399999999998,619,0.034161490683229816,0.0
grid_g5_p6_s0_c2,5,6,0,2,38539699.35995991,0.9,0.0,1000.0,0.000667796,0.615659,0.614991204,0.177782,617,0.04192546583850932,0.0
grid_g4_p6_s0_c3,4,6,0,3,18566355.33445113,0.9,0.0,1500.0,0.00129643,0.648546,0.6472495699999999,0.202067,630,0.021739130434782608,0.0
grid_g1_p6_s0_c4,1,6,0,4,2075781.6311124284,0.9,0.0,2000.0,0.000622679,0.464042,0.463419321,0.206067,613,0.04813664596273292,0.0
grid_g2_p6_s0_c4,2,6,0,4,4308869.380063765,0.9,0.0,2000.0,0.000741964,0.678804,0.6780620359999999,0.200818,618,0.040372670807453416,0.0
grid_g3_p6_s0_c4,3,6,0,4,8944271.90999916,0.9,0.0,2000.0,0.000148758,0.552025,0.551876242,0.23252399999999998,631,0.020186335403726708,0.0
grid_g6_p6_s0_c2,6,6,0,2,80000000.00000003,0.9,0.0,1000.0,0.00105003,0.941253,0.94020297,0.196286,623,0.03260869565217391,0.0
grid_g0_p6_s0_c5,0,6,0,5,1000000.0,0.9,0.0,2500.0,0.00180115,0.632049,0.6302478499999999,0.212259,619,0.03881987577639751,0.0
grid_g5_p6_s0_c3,5,6,0,3,38539699.35995991,0.9,0.0,1500.0,1.56683e-05,0.628282,0.6282663317,0.23338299999999998,606,0.059006211180124224,0.0
grid_g1_p6_s0_c5,1,6,0,5,2075781.6311124284,0.9,0.0,2500.0,0.00100778,0.489237,0.48822921999999996,0.227582,631,0.020186335403726708,0.0
grid_g4_p6_s0_c4,4,6,0,4,18566355.33445113,0.9,0.0,2000.0,0.00504315,0.562463,0.55741985,0.1931,624,0.031055900621118012,0.0
grid_g2_p6_s0_c5,2,6,0,5,4308869.380063765,0.9,0.0,2500.0,0.000297298,0.487895,0.487597702,0.220996,636,0.012422360248447204,0.0
grid_g3_p6_s0_c5,3,6,0,5,8944271.90999916,0.9,0.0,2500.0,0.00524399,0.497741,0.49249701,0.211777,625,0.029503105590062112,0.0
grid_g6_p6_s0_c3,6,6,0,3,80000000.00000003,0.9,0.0,1500.0,0.00250525,0.633644,0.63113875,0.195486,613,0.04813664596273292,0.0
grid_g0_p6_s0_c6,0,6,0,6,1000000.0,0.9,0.0,3000.0,0.00177294,0.414911,0.41313806,0.243504,636,0.012422360248447204,0.0
grid_g5_p6_s0_c4,5,6,0,4,38539699.35995991,0.9,0.0,2000.0,0.00040295,0.576894,0.57649105,0.241858,625,0.029503105590062112,0.0
grid_g4_p6_s0_c5,4,6,0,5,18566355.33445113,0.9,0.0,2500.0,0.0023423,0.521617,0.5192747,0.250377,636,0.012422360248447204,0.0
grid_g1_p6_s0_c6,1,6,0,6,2075781.6311124284,0.9,0.0,3000.0,7.22183e-05,0.428806,0.42873378170000004,0.23258199999999998,628,0.024844720496894408,0.0
grid_g2_p6_s0_c6,2,6,0,6,4308869.380063765,0.9,0.0,3000.0,0.000148849,0.448216,0.448067151,0.230801,630,0.021739130434782608,0.0
grid_g3_p6_s0_c6,3,6,0,6,8944271.90999916,0.9,0.0,3000.0,0.000682333,0.473064,0.472381667,0.23402,623,0.03260869565217391,0.0
grid_g6_p6_s0_c4,6,6,0,4,80000000.00000003,0.9,0.0,2000.0,0.00198816,0.563291,0.56130284,0.231927,622,0.034161490683229816,0.0
grid_g0_p6_s1_c0,0,6,1,0,1000000.0,0.9,0.0583333333333333,0.0,0.00101007,0.896691,0.89568093,0.193695,597,0.07142857142857142,0.0
grid_g5_p6_s0_c5,5,6,0,5,38539699.35995991,0.9,0.0,2500.0,0.00183813,0.492451,0.49061287000000003,0.21667,622,0.034161490683229816,0.0
grid_g1_p6_s1_c0,1,6,1,0,2075781.6311124284,0.9,0.0583333333333333,0.0,0.00301849,0.884428,0.88140951,0.18907,615,0.043478260869565216,0.0
grid_g4_p6_s0_c6,4,6,0,6,18566355.33445113,0.9,0.0,3000.0,0.00526751,0.463847,0.45857949000000003,0.243079,636,0.012422360248447204,0.0
grid_g2_p6_s1_c0,2,6,1,0,4308869.380063765,0.9,0.0583333333333333,0.0,0.000632467,0.839057,0.8384245330000001,0.181798,610,0.04813664596273292,0.0
grid_g3_p6_s1_c0,3,6,1,0,8944271.90999916,0.9,0.0583333333333333,0.0,0.00156719,0.892497,0.8909298099999999,0.17668399999999998,615,0.043478260869565216,0.0
grid_g6_p6_s0_c5,6,6,0,5,80000000.00000003,0.9,0.0,2500.0,0.000172317,0.517173,0.517000683,0.204103,608,0.055900621118012424,0.0
grid_g0_p6_s1_c1,0,6,1,1,1000000.0,0.9,0.0583333333333333,500.0,0.000554478,0.783186,0.7826315220000001,0.175116,614,0.04503105590062112,0.0
grid_g5_p6_s0_c6,5,6,0,6,38539699.35995991,0.9,0.0,3000.0,0.000671337,0.485275,0.484603663,0.230423,610,0.052795031055900624,0.0
grid_g4_p6_s1_c0,4,6,1,0,18566355.33445113,0.9,0.0583333333333333,0.0,0.000266383,0.909724,0.9094576169999999,0.17077799999999999,614,0.046583850931677016,0.0
grid_g1_p6_s1_c1,1,6,1,1,2075781.6311124284,0.9,0.0583333333333333,500.0,0.000860549,0.74577,0.7449094510000001,0.18867599999999998,616,0.043478260869565216,0.0
grid_g2_p6_s1_c1,2,6,1,1,4308869.380063765,0.9,0.0583333333333333,500.0,0.00231665,0.745684,0.74336735,0.181899,609,0.05434782608695652,0.0
grid_g3_p6_s1_c1,3,6,1,1,8944271.90999916,0.9,0.0583333333333333,500.0,0.00222475,0.751479,0.74925425,0.18609799999999999,615,0.043478260869565216,0.0
grid_g6_p6_s0_c6,6,6,0,6,80000000.00000003,0.9,0.0,3000.0,0.00293558,0.489052,0.48611642,0.247006,622,0.034161490683229816,0.0
grid_g0_p6_s1_c2,0,6,1,2,1000000.0,0.9,0.0583333333333333,1000.0,7.55456e-05,0.743204,0.7431284544,0.196285,616,0.040372670807453416,0.0
grid_g5_p6_s1_c0,5,6,1,0,38539699.35995991,0.9,0.0583333333333333,0.0,0.00110088,0.868279,0.86717812,0.16404,614,0.04503105590062112,0.0
grid_g1_p6_s1_c2,1,6,1,2,2075781.6311124284,0.9,0.0583333333333333,1000.0,0.00286844,0.704943,0.70207456,0.20119299999999998,614,0.043478260869565216,0.0
grid_g4_p6_s1_c1,4,6,1,1,18566355.33445113,0.9,0.0583333333333333,500.0,0.000216262,0.729691,0.729474738,0.175599,611,0.049689440993788817,0.0
grid_g2_p6_s1_c2,2,6,1,2,4308869.380063765,0.9,0.0583333333333333,1000.0,0.000625911,0.64094,0.640314089,0.213027,619,0.03881987577639751,0.0
grid_g3_p6_s1_c2,3,6,1,2,8944271.90999916,0.9,0.0583333333333333,1000.0,0.000212769,0.646661,0.646448231,0.193206,614,0.04192546583850932,0.0
grid_g0_p6_s1_c3,0,6,1,3,1000000.0,0.9,0.0583333333333333,1500.0,0.00278132,0.960055,0.95727368,0.192816,625,0.024844720496894408,0.0
grid_g6_p6_s1_c0,6,6,1,0,80000000.00000003,0.9,0.0583333333333333,0.0,0.000465309,1.00111,1.000644691,0.17387,612,0.049689440993788817,0.0
grid_g5_p6_s1_c1,5,6,1,1,38539699.35995991,0.9,0.0583333333333333,500.0,0.000213582,0.785052,0.784838418,0.168631,615,0.04503105590062112,0.0
grid_g4_p6_s1_c2,4,6,1,2,18566355.33445113,0.9,0.0583333333333333,1000.0,0.00135826,0.605683,0.60432474,0.18767899999999998,609,0.037267080745341616,0.0
grid_g1_p6_s1_c3,1,6,1,3,2075781.6311124284,0.9,0.0583333333333333,1500.0,0.000571778,0.714633,0.714061222,0.210634,610,0.029503105590062112,0.0
grid_g2_p6_s1_c3,2,6,1,3,4308869.380063765,0.9,0.0583333333333333,1500.0,0.000313091,1.07478,1.074466909,0.210283,619,0.03881987577639751,0.0
grid_g3_p6_s1_c3,3,6,1,3,8944271.90999916,0.9,0.0583333333333333,1500.0,0.000949652,0.769443,0.768493348,0.213617,635,0.013975155279503106,0.0
grid_g6_p6_s1_c1,6,6,1,1,80000000.00000003,0.9,0.0583333333333333,500.0,0.000783257,0.78156,0.780776743,0.178394,615,0.04503105590062112,0.0
grid_g0_p6_s1_c4,0,6,1,4,1000000.0,0.9,0.0583333333333333,2000.0,0.000155647,0.838601,0.838445353,0.182079,633,0.015527950310559006,0.0
grid_g5_p6_s1_c2,5,6,1,2,38539699.35995991,0.9,0.0583333333333333,1000.0,0.00109127,0.642508,0.64141673,0.182372,620,0.027950310559006212,0.0
grid_g1_p6_s1_c4,1,6,1,4,2075781.6311124284,0.9,0.0583333333333333,2000.0,0.00119402,1.16782,1.16662598,0.19535,588,0.03881987577639751,0.0
grid_g4_p6_s1_c3,4,6,1,3,18566355.33445113,0.9,0.0583333333333333,1500.0,0.00198579,0.691321,0.68933521,0.21692899999999998,619,0.03881987577639751,0.0
grid_g2_p6_s1_c4,2,6,1,4,4308869.380063765,0.9,0.0583333333333333,2000.0,0.00044374,0.618566,0.6181222599999999,0.224267,616,0.03260869565217391,0.0
grid_g6_p6_s1_c2,6,6,1,2,80000000.00000003,0.9,0.0583333333333333,1000.0,0.00196055,0.742067,0.7401064500000001,0.207002,611,0.05124223602484472,0.0
grid_g3_p6_s1_c4,3,6,1,4,8944271.90999916,0.9,0.0583333333333333,2000.0,0.00111934,0.699849,0.69872966,0.23573,624,0.031055900621118012,0.0
grid_g0_p6_s1_c5,0,6,1,5,1000000.0,0.9,0.0583333333333333,2500.0,0.000196003,0.72058,0.720383997,0.20577399999999998,620,0.017080745341614908,0.004658385093167702
grid_g5_p6_s1_c3,5,6,1,3,38539699.35995991,0.9,0.0583333333333333,1500.0,0.000981965,0.766668,0.765686035,0.197099,635,0.013975155279503106,0.0
grid_g1_p6_s1_c5,1,6,1,5,2075781.6311124284,0.9,0.0583333333333333,2500.0,0.00299138,0.602705,0.5997136200000001,0.23241199999999998,622,0.015527950310559006,0.003105590062111801
grid_g4_p6_s1_c4,4,6,1,4,18566355.33445113,0.9,0.0583333333333333,2000.0,0.000167795,0.56607,0.565902205,0.230856,625,0.015527950310559006,0.0
grid_g2_p6_s1_c5,2,6,1,5,4308869.380063765,0.9,0.0583333333333333,2500.0,0.00187094,0.619455,0.61758406,0.20771299999999998,622,0.03260869565217391,0.0015527950310559005
grid_g0_p6_s1_c6,0,6,1,6,1000000.0,0.9,0.0583333333333333,3000.0,0.000633462,0.686633,0.685999538,0.229895,612,0.031055900621118012,0.0015527950310559005
grid_g3_p6_s1_c5,3,6,1,5,8944271.90999916,0.9,0.0583333333333333,2500.0,0.000471117,0.779357,0.778885883,0.221738,628,0.024844720496894408,0.0
grid_g6_p6_s1_c3,6,6,1,3,80000000.00000003,0.9,0.0583333333333333,1500.0,0.000392009,0.654037,0.653644991,0.187971,624,0.031055900621118012,0.0
grid_g5_p6_s1_c4,5,6,1,4,38539699.35995991,0.9,0.0583333333333333,2000.0,0.00176188,0.60091,0.5991481200000001,0.253758,625,0.029503105590062112,0.0
grid_g1_p6_s1_c6,1,6,1,6,2075781.6311124284,0.9,0.0583333333333333,3000.0,0.000834504,0.486218,0.48538349599999997,0.254178,628,0.018633540372670808,0.003105590062111801
grid_g4_p6_s1_c5,4,6,1,5,18566355.33445113,0.9,0.0583333333333333,2500.0,0.00123684,0.562179,0.56094216,0.24676399999999998,625,0.029503105590062112,0.0
grid_g2_p6_s1_c6,2,6,1,6,4308869.380063765,0.9,0.0583333333333333,3000.0,0.00111788,0.477945,0.47682712,0.23968499999999998,626,0.024844720496894408,0.003105590062111801
grid_g3_p6_s1_c6,3,6,1,6,8944271.90999916,0.9,0.0583333333333333,3000.0,0.000768076,0.525641,0.5248729240000001,0.227261,610,0.04503105590062112,0.0
grid_g0_p6_s2_c0,0,6,2,0,1000000.0,0.9,0.1166666666666666,0.0,0.00530364,1.03951,1.03420636,0.240845,587,0.08695652173913043,0.0
grid_g6_p6_s1_c4,6,6,1,4,80000000.00000003,0.9,0.0583333333333333,2000.0,0.000173694,0.603829,0.603655306,0.226718,625,0.029503105590062112,0.0
grid_g5_p6_s1_c5,5,6,1,5,38539699.35995991,0.9,0.0583333333333333,2500.0,0.000192224,0.561205,0.561012776,0.252322,633,0.017080745341614908,0.0
grid_g1_p6_s2_c0,1,6,2,0,2075781.6311124284,0.9,0.1166666666666666,0.0,0.00109362,0.953949,0.95285538,0.215755,586,0.08695652173913043,0.0
grid_g4_p6_s1_c6,4,6,1,6,18566355.33445113,0.9,0.0583333333333333,3000.0,0.00512574,0.494394,0.48926826,0.233105,629,0.023291925465838508,0.0
grid_g2_p6_s2_c0,2,6,2,0,4308869.380063765,0.9,0.1166666666666666,0.0,0.00180768,0.97467,0.9728623200000001,0.210001,604,0.062111801242236024,0.0
grid_g3_p6_s2_c0,3,6,2,0,8944271.90999916,0.9,0.1166666666666666,0.0,0.00200703,0.848112,0.84610497,0.191291,603,0.06366459627329192,0.0
grid_g0_p6_s2_c1,0,6,2,1,1000000.0,0.9,0.1166666666666666,500.0,0.00132996,0.97306,0.9717300400000001,0.262372,586,0.08695652173913043,0.0
grid_g6_p6_s1_c5,6,6,1,5,80000000.00000003,0.9,0.0583333333333333,2500.0,0.00161473,0.580202,0.57858727,0.243595,639,0.007763975155279503,0.0
grid_g5_p6_s1_c6,5,6,1,6,38539699.35995991,0.9,0.0583333333333333,3000.0,0.00215717,0.519626,0.51746883,0.231849,626,0.027950310559006212,0.0
grid_g1_p6_s2_c1,1,6,2,1,2075781.6311124284,0.9,0.1166666666666666,500.0,0.00173726,0.820119,0.8183817400000001,0.225374,608,0.05434782608695652,0.0
grid_g4_p6_s2_c0,4,6,2,0,18566355.33445113,0.9,0.1166666666666666,0.0,0.000184248,0.832484,0.832299752,0.179134,609,0.052795031055900624,0.0
grid_g2_p6_s2_c1,2,6,2,1,4308869.380063765,0.9,0.1166666666666666,500.0,0.00103355,0.803629,0.80259545,0.19855599999999998,609,0.052795031055900624,0.0
grid_g6_p6_s1_c6,6,6,1,6,80000000.00000003,0.9,0.0583333333333333,3000.0,0.00063376,0.487213,0.48657924,0.27651,638,0.009316770186335404,0.0
grid_g3_p6_s2_c1,3,6,2,1,8944271.90999916,0.9,0.1166666666666666,500.0,0.00145955,0.772258,0.77079845,0.192458,612,0.043478260869565216,0.0
grid_g0_p6_s2_c2,0,6,2,2,1000000.0,0.9,0.1166666666666666,1000.0,0.00220328,0.817802,0.81559872,0.2309,588,0.06987577639751552,0.0
grid_g5_p6_s2_c0,5,6,2,0,38539699.35995991,0.9,0.1166666666666666,0.0,0.00131171,0.906539,0.90522729,0.174017,610,0.052795031055900624,0.0
grid_g1_p6_s2_c2,1,6,2,2,2075781.6311124284,0.9,0.1166666666666666,1000.0,0.00172305,0.813448,0.81172495,0.197572,606,0.05745341614906832,0.0015527950310559005
grid_g4_p6_s2_c1,4,6,2,1,18566355.33445113,0.9,0.1166666666666666,500.0,0.000709765,0.782889,0.782179235,0.180224,612,0.04503105590062112,0.0
grid_g2_p6_s2_c2,2,6,2,2,4308869.380063765,0.9,0.1166666666666666,1000.0,0.00369262,0.77924,0.77554738,0.20929699999999998,608,0.05124223602484472,0.0
grid_g0_p6_s2_c3,0,6,2,3,1000000.0,0.9,0.1166666666666666,1500.0,4.95377e-05,0.833218,0.8331684623,0.197603,607,0.05434782608695652,0.0015527950310559005
grid_g3_p6_s2_c2,3,6,2,2,8944271.90999916,0.9,0.1166666666666666,1000.0,0.00151754,0.712717,0.71119946,0.205435,613,0.04503105590062112,0.0015527950310559005
grid_g6_p6_s2_c0,6,6,2,0,80000000.00000003,0.9,0.1166666666666666,0.0,0.00132081,1.10407,1.1027491900000002,0.18056,608,0.055900621118012424,0.0
grid_g5_p6_s2_c1,5,6,2,1,38539699.35995991,0.9,0.1166666666666666,500.0,0.000884772,0.763167,0.762282228,0.182769,610,0.05124223602484472,0.0
grid_g4_p6_s2_c2,4,6,2,2,18566355.33445113,0.9,0.1166666666666666,1000.0,0.00140069,0.626993,0.62559231,0.220487,615,0.03881987577639751,0.0
grid_g1_p6_s2_c3,1,6,2,3,2075781.6311124284,0.9,0.1166666666666666,1500.0,0.000558242,0.632524,0.631965758,0.20464,599,0.049689440993788817,0.003105590062111801
grid_g2_p6_s2_c3,2,6,2,3,4308869.380063765,0.9,0.1166666666666666,1500.0,0.00171459,1.04828,1.0465654100000001,0.193638,614,0.043478260869565216,0.0
grid_g3_p6_s2_c3,3,6,2,3,8944271.90999916,0.9,0.1166666666666666,1500.0,0.00385033,0.675242,0.67139167,0.213438,632,0.018633540372670808,0.0
grid_g6_p6_s2_c1,6,6,2,1,80000000.00000003,0.9,0.1166666666666666,500.0,0.000778237,0.802092,0.801313763,0.176262,610,0.05124223602484472,0.0
grid_g0_p6_s2_c4,0,6,2,4,1000000.0,0.9,0.1166666666666666,2000.0,0.00276956,0.747617,0.74484744,0.207834,613,0.024844720496894408,0.0015527950310559005
grid_g5_p6_s2_c2,5,6,2,2,38539699.35995991,0.9,0.1166666666666666,1000.0,0.000164979,0.682745,0.682580021,0.210557,616,0.04192546583850932,0.0
grid_g1_p6_s2_c4,1,6,2,4,2075781.6311124284,0.9,0.1166666666666666,2000.0,0.00133829,0.690896,0.68955771,0.216576,616,0.031055900621118012,0.0015527950310559005
grid_g4_p6_s2_c3,4,6,2,3,18566355.33445113,0.9,0.1166666666666666,1500.0,0.00552841,0.641104,0.63557559,0.237556,621,0.031055900621118012,0.003105590062111801
grid_g2_p6_s2_c4,2,6,2,4,4308869.380063765,0.9,0.1166666666666666,2000.0,0.000109824,0.755976,0.755866176,0.212024,613,0.043478260869565216,0.0
grid_g3_p6_s2_c4,3,6,2,4,8944271.90999916,0.9,0.1166666666666666,2000.0,0.00216564,0.730069,0.72790336,0.20004,614,0.018633540372670808,0.0
grid_g0_p6_s2_c5,0,6,2,5,1000000.0,0.9,0.1166666666666666,2500.0,0.00103978,0.771756,0.77071622,0.208999,620,0.03260869565217391,0.0015527950310559005
grid_g6_p6_s2_c2,6,6,2,2,80000000.00000003,0.9,0.1166666666666666,1000.0,0.000396003,0.687878,0.687481997,0.20502399999999998,620,0.037267080745341616,0.0
grid_g5_p6_s2_c3,5,6,2,3,38539699.35995991,0.9,0.1166666666666666,1500.0,7.14569e-05,0.755259,0.7551875431,0.20492,623,0.03260869565217391,0.0
grid_g1_p6_s2_c5,1,6,2,5,2075781.6311124284,0.9,0.1166666666666666,2500.0,0.000172046,0.805864,0.805691954,0.201925,628,0.021739130434782608,0.0
grid_g4_p6_s2_c4,4,6,2,4,18566355.33445113,0.9,0.1166666666666666,2000.0,0.00220382,0.670353,0.66814918,0.238432,632,0.018633540372670808,0.0
grid_g2_p6_s2_c5,2,6,2,5,4308869.380063765,0.9,0.1166666666666666,2500.0,0.00245688,0.823789,0.82133212,0.242273,620,0.03571428571428571,0.0
grid_g3_p6_s2_c5,3,6,2,5,8944271.90999916,0.9,0.1166666666666666,2500.0,0.000692889,0.551464,0.550771111,0.222113,634,0.013975155279503106,0.0015527950310559005
grid_g6_p6_s2_c3,6,6,2,3,80000000.00000003,0.9,0.1166666666666666,1500.0,0.000449561,0.696675,0.696225439,0.207974,632,0.018633540372670808,0.0
grid_g0_p6_s2_c6,0,6,2,6,1000000.0,0.9,0.1166666666666666,3000.0,0.000168874,0.637532,0.637363126,0.233732,587,0.08385093167701864,0.0
grid_g5_p6_s2_c4,5,6,2,4,38539699.35995991,0.9,0.1166666666666666,2000.0,0.000245036,0.549625,0.549379964,0.231508,625,0.013975155279503106,0.0015527950310559005
grid_g1_p6_s2_c6,1,6,2,6,2075781.6311124284,0.9,0.1166666666666666,3000.0,0.000371573,0.678024,0.677652427,0.242589,628,0.020186335403726708,0.0
grid_g4_p6_s2_c5,4,6,2,5,18566355.33445113,0.9,0.1166666666666666,2500.0,0.00108417,0.867769,0.86668483,0.244031,621,0.021739130434782608,0.0
grid_g2_p6_s2_c6,2,6,2,6,4308869.380063765,0.9,0.1166666666666666,3000.0,0.00364309,0.528505,0.52486191,0.256423,620,0.029503105590062112,0.003105590062111801
grid_g3_p6_s2_c6,3,6,2,6,8944271.90999916,0.9,0.1166666666666666,3000.0,0.000209601,0.685883,0.685673399,0.230319,632,0.015527950310559006,0.0015527950310559005
grid_g0_p6_s3_c0,0,6,3,0,1000000.0,0.9,0.175,0.0,0.00408074,1.16407,1.15998926,0.30428099999999997,596,0.07298136645962733,0.0
grid_g6_p6_s2_c4,6,6,2,4,80000000.00000003,0.9,0.1166666666666666,2000.0,0.00130735,0.631509,0.63020165,0.233896,631,0.020186335403726708,0.0
grid_g5_p6_s2_c5,5,6,2,5,38539699.35995991,0.9,0.1166666666666666,2500.0,0.000856046,0.60126,0.600403954,0.235823,627,0.026397515527950312,0.0
grid_g1_p6_s3_c0,1,6,3,0,2075781.6311124284,0.9,0.175,0.0,0.00222579,1.04489,1.04266421,0.23710599999999998,578,0.10093167701863354,0.0
grid_g4_p6_s2_c6,4,6,2,6,18566355.33445113,0.9,0.1166666666666666,3000.0,0.000133395,0.851318,0.851184605,0.254011,602,0.05124223602484472,0.0
grid_g2_p6_s3_c0,2,6,3,0,4308869.380063765,0.9,0.175,0.0,0.00252946,1.01371,1.01118054,0.223627,598,0.06832298136645963,0.0
grid_g3_p6_s3_c0,3,6,3,0,8944271.90999916,0.9,0.175,0.0,0.0004872,0.995567,0.9950798,0.19711299999999998,610,0.052795031055900624,0.0
grid_g6_p6_s2_c5,6,6,2,5,80000000.00000003,0.9,0.1166666666666666,2500.0,0.000100351,0.571137,0.571036649,0.257577,628,0.024844720496894408,0.0
grid_g0_p6_s3_c1,0,6,3,1,1000000.0,0.9,0.175,500.0,0.000463258,1.1766,1.1761367420000002,0.275703,585,0.08695652173913043,0.0
grid_g5_p6_s2_c6,5,6,2,6,38539699.35995991,0.9,0.1166666666666666,3000.0,0.000177017,0.465751,0.465573983,0.246663,620,0.021739130434782608,0.0015527950310559005
grid_g1_p6_s3_c1,1,6,3,1,2075781.6311124284,0.9,0.175,500.0,0.000766776,1.1132,1.1124332239999999,0.295119,586,0.08850931677018634,0.0
grid_g4_p6_s3_c0,4,6,3,0,18566355.33445113,0.9,0.175,0.0,0.00244176,0.867862,0.8654202400000001,0.19084199999999998,611,0.05124223602484472,0.0
grid_g2_p6_s3_c1,2,6,3,1,4308869.380063765,0.9,0.175,500.0,0.00145125,0.877858,0.87640675,0.236821,596,0.07453416149068323,0.0
grid_g3_p6_s3_c1,3,6,3,1,8944271.90999916,0.9,0.175,500.0,0.000511214,0.807326,0.806814786,0.201781,605,0.06055900621118013,0.0
grid_g6_p6_s2_c6,6,6,2,6,80000000.00000003,0.9,0.1166666666666666,3000.0,0.000217273,0.500528,0.500310727,0.264328,637,0.010869565217391304,0.0
grid_g0_p6_s3_c2,0,6,3,2,1000000.0,0.9,0.175,1000.0,0.00282549,1.0193,1.01647451,0.280603,564,0.10403726708074534,0.0015527950310559005
grid_g5_p6_s3_c0,5,6,3,0,38539699.35995991,0.9,0.175,0.0,0.00221888,0.908135,0.90591612,0.186217,607,0.05745341614906832,0.0
grid_g4_p6_s3_c1,4,6,3,1,18566355.33445113,0.9,0.175,500.0,0.00538695,0.830943,0.82555605,0.202216,616,0.043478260869565216,0.0
grid_g1_p6_s3_c2,1,6,3,2,2075781.6311124284,0.9,0.175,1000.0,0.000297632,0.864613,0.864315368,0.226541,593,0.07453416149068323,0.0
grid_g2_p6_s3_c2,2,6,3,2,4308869.380063765,0.9,0.175,1000.0,2.07852e-05,0.954223,0.9542022148,0.262915,601,0.062111801242236024,0.0015527950310559005
grid_g3_p6_s3_c2,3,6,3,2,8944271.90999916,0.9,0.175,1000.0,0.00140093,0.744804,0.74340307,0.239206,609,0.05124223602484472,0.0
grid_g0_p6_s3_c3,0,6,3,3,1000000.0,0.9,0.175,1500.0,0.00142884,1.03242,1.03099116,0.253986,580,0.09161490683229814,0.0
grid_g6_p6_s3_c0,6,6,3,0,80000000.00000003,0.9,0.175,0.0,4.276e-05,0.971608,0.97156524,0.171821,613,0.04503105590062112,0.0
grid_g5_p6_s3_c1,5,6,3,1,38539699.35995991,0.9,0.175,500.0,3.77899e-05,0.773747,0.7737092100999999,0.177558,608,0.055900621118012424,0.0
grid_g1_p6_s3_c3,1,6,3,3,2075781.6311124284,0.9,0.175,1500.0,0.000307685,0.833707,0.833399315,0.251843,586,0.07142857142857142,0.0
grid_g4_p6_s3_c2,4,6,3,2,18566355.33445113,0.9,0.175,1000.0,5.86836e-05,0.642987,0.6429283163999999,0.202465,611,0.043478260869565216,0.0
grid_g2_p6_s3_c3,2,6,3,3,4308869.380063765,0.9,0.175,1500.0,7.33587e-05,0.933403,0.9333296413,0.22461399999999998,608,0.052795031055900624,0.0
grid_g3_p6_s3_c3,3,6,3,3,8944271.90999916,0.9,0.175,1500.0,0.0039675,0.65676,0.6527925,0.244522,610,0.043478260869565216,0.0
grid_g6_p6_s3_c1,6,6,3,1,80000000.00000003,0.9,0.175,500.0,0.000182854,0.808123,0.8079401460000001,0.18296099999999998,621,0.034161490683229816,0.0
grid_g0_p6_s3_c4,0,6,3,4,1000000.0,0.9,0.175,2000.0,0.00219623,0.921593,0.91939677,0.21342899999999998,588,0.07608695652173914,0.0015527950310559005
grid_g5_p6_s3_c2,5,6,3,2,38539699.35995991,0.9,0.175,1000.0,0.000531495,0.633718,0.633186505,0.206727,615,0.043478260869565216,0.0
grid_g1_p6_s3_c4,1,6,3,4,2075781.6311124284,0.9,0.175,2000.0,0.00084919,0.789377,0.7885278099999999,0.222181,598,0.055900621118012424,0.0015527950310559005
grid_g4_p6_s3_c3,4,6,3,3,18566355.33445113,0.9,0.175,1500.0,0.00290287,0.597313,0.59441013,0.212647,612,0.046583850931677016,0.0
grid_g2_p6_s3_c4,2,6,3,4,4308869.380063765,0.9,0.175,2000.0,0.000424257,0.807803,0.807378743,0.21914699999999998,610,0.040372670807453416,0.003105590062111801
grid_g6_p6_s3_c2,6,6,3,2,80000000.00000003,0.9,0.175,1000.0,0.000224911,0.681217,0.680992089,0.202921,618,0.03571428571428571,0.0
grid_g3_p6_s3_c4,3,6,3,4,8944271.90999916,0.9,0.175,2000.0,0.000374208,0.62787,0.627495792,0.240987,614,0.043478260869565216,0.0015527950310559005
grid_g0_p6_s3_c5,0,6,3,5,1000000.0,0.9,0.175,2500.0,0.000750825,0.936444,0.935693175,0.22933499999999998,603,0.059006211180124224,0.0015527950310559005
grid_g5_p6_s3_c3,5,6,3,3,38539699.35995991,0.9,0.175,1500.0,0.00116758,0.571741,0.5705734200000001,0.24214,622,0.031055900621118012,0.0015527950310559005
grid_g1_p6_s3_c5,1,6,3,5,2075781.6311124284,0.9,0.175,2500.0,0.00209795,0.729067,0.72696905,0.208734,611,0.046583850931677016,0.0
grid_g4_p6_s3_c4,4,6,3,4,18566355.33445113,0.9,0.175,2000.0,0.000621096,0.659848,0.659226904,0.219835,610,0.046583850931677016,0.0
grid_g2_p6_s3_c5,2,6,3,5,4308869.380063765,0.9,0.175,2500.0,0.00185441,1.00221,1.00035559,0.20852099999999998,615,0.034161490683229816,0.0
grid_g0_p6_s3_c6,0,6,3,6,1000000.0,0.9,0.175,3000.0,0.0011282,1.0182,1.0170718,0.234615,593,0.06055900621118013,0.0015527950310559005
grid_g3_p6_s3_c5,3,6,3,5,8944271.90999916,0.9,0.175,2500.0,0.00537549,0.762641,0.75726551,0.244964,634,0.013975155279503106,0.0
grid_g6_p6_s3_c3,6,6,3,3,80000000.00000003,0.9,0.175,1500.0,0.000664922,0.628118,0.6274530779999999,0.23549899999999999,611,0.046583850931677016,0.0015527950310559005
grid_g5_p6_s3_c4,5,6,3,4,38539699.35995991,0.9,0.175,2000.0,0.00112645,0.559556,0.55842955,0.23227699999999998,625,0.026397515527950312,0.0015527950310559005
grid_g1_p6_s3_c6,1,6,3,6,2075781.6311124284,0.9,0.175,3000.0,0.000456321,0.785633,0.785176679,0.251606,613,0.04503105590062112,0.0
grid_g4_p6_s3_c5,4,6,3,5,18566355.33445113,0.9,0.175,2500.0,0.00438905,1.19434,1.18995095,0.218496,609,0.034161490683229816,0.0
grid_g2_p6_s3_c6,2,6,3,6,4308869.380063765,0.9,0.175,3000.0,0.00278981,0.728407,0.72561719,0.255013,626,0.017080745341614908,0.003105590062111801
grid_g3_p6_s3_c6,3,6,3,6,8944271.90999916,0.9,0.175,3000.0,0.000363166,0.641656,0.641292834,0.214647,630,0.015527950310559006,0.0
grid_g6_p6_s3_c4,6,6,3,4,80000000.00000003,0.9,0.175,2000.0,0.000307505,0.576383,0.576075495,0.227134,630,0.020186335403726708,0.0015527950310559005
grid_g0_p6_s4_c0,0,6,4,0,1000000.0,0.9,0.2333333333333333,0.0,0.00484546,1.25899,1.25414454,0.332622,582,0.09472049689440994,0.0
grid_g5_p6_s3_c5,5,6,3,5,38539699.35995991,0.9,0.175,2500.0,0.000692877,0.557253,0.556560123,0.24504199999999998,616,0.040372670807453416,0.0015527950310559005
grid_g1_p6_s4_c0,1,6,4,0,2075781.6311124284,0.9,0.2333333333333333,0.0,0.00073839,1.11572,1.11498161,0.280675,583,0.08695652173913043,0.0
grid_g4_p6_s3_c6,4,6,3,6,18566355.33445113,0.9,0.175,3000.0,0.000153801,0.627856,0.627702199,0.227291,627,0.024844720496894408,0.0
grid_g2_p6_s4_c0,2,6,4,0,4308869.380063765,0.9,0.2333333333333333,0.0,1.12299e-06,1.00549,1.00548887701,0.23886,591,0.08074534161490683,0.0
grid_g6_p6_s3_c5,6,6,3,5,80000000.00000003,0.9,0.175,2500.0,0.000864142,0.524555,0.523690858,0.254998,628,0.023291925465838508,0.0015527950310559005
grid_g0_p6_s4_c1,0,6,4,1,1000000.0,0.9,0.2333333333333333,500.0,0.000319071,1.39408,1.393760929,0.352354,584,0.06521739130434782,0.0
grid_g3_p6_s4_c0,3,6,4,0,8944271.90999916,0.9,0.2333333333333333,0.0,0.00183996,0.896182,0.8943420400000001,0.198351,604,0.055900621118012424,0.0
grid_g5_p6_s3_c6,5,6,3,6,38539699.35995991,0.9,0.175,3000.0,0.00120023,0.578587,0.5773867699999999,0.241532,633,0.015527950310559006,0.0
grid_g1_p6_s4_c1,1,6,4,1,2075781.6311124284,0.9,0.2333333333333333,500.0,0.00149932,1.09824,1.0967406800000001,0.327322,557,0.12422360248447205,0.0
grid_g4_p6_s4_c0,4,6,4,0,18566355.33445113,0.9,0.2333333333333333,0.0,0.00153616,0.925147,0.92361084,0.17873899999999998,613,0.04813664596273292,0.0
grid_g2_p6_s4_c1,2,6,4,1,4308869.380063765,0.9,0.2333333333333333,500.0,0.00163221,0.953712,0.95207979,0.263192,581,0.09316770186335403,0.0
grid_g3_p6_s4_c1,3,6,4,1,8944271.90999916,0.9,0.2333333333333333,500.0,0.00109782,0.847784,0.84668618,0.228316,594,0.07608695652173914,0.0
grid_g0_p6_s4_c2,0,6,4,2,1000000.0,0.9,0.2333333333333333,1000.0,0.00127365,1.23177,1.2304963500000001,0.335285,585,0.08540372670807453,0.0015527950310559005
grid_g5_p6_s4_c0,5,6,4,0,38539699.35995991,0.9,0.2333333333333333,0.0,0.000856933,1.06672,1.065863067,0.170835,615,0.043478260869565216,0.0
grid_g6_p6_s3_c6,6,6,3,6,80000000.00000003,0.9,0.175,3000.0,0.00049136,0.520433,0.51994164,0.262916,626,0.021739130434782608,0.004658385093167702
grid_g1_p6_s4_c2,1,6,4,2,2075781.6311124284,0.9,0.2333333333333333,1000.0,0.00233391,1.05786,1.05552609,0.252495,585,0.08074534161490683,0.0015527950310559005
grid_g4_p6_s4_c1,4,6,4,1,18566355.33445113,0.9,0.2333333333333333,500.0,0.00264111,0.838949,0.8363078899999999,0.197606,613,0.046583850931677016,0.0
grid_g2_p6_s4_c2,2,6,4,2,4308869.380063765,0.9,0.2333333333333333,1000.0,0.000508476,0.925076,0.924567524,0.316171,591,0.07763975155279502,0.0
grid_g0_p6_s4_c3,0,6,4,3,1000000.0,0.9,0.2333333333333333,1500.0,0.0031115,1.24167,1.2385585000000001,0.289945,570,0.09472049689440994,0.0
grid_g3_p6_s4_c2,3,6,4,2,8944271.90999916,0.9,0.2333333333333333,1000.0,0.00194875,0.805977,0.80402825,0.226956,606,0.05745341614906832,0.0
grid_g6_p6_s4_c0,6,6,4,0,80000000.00000003,0.9,0.2333333333333333,0.0,0.000176456,0.977997,0.977820544,0.17310899999999999,619,0.03881987577639751,0.0
grid_g5_p6_s4_c1,5,6,4,1,38539699.35995991,0.9,0.2333333333333333,500.0,0.00224915,0.808999,0.80674985,0.178758,619,0.034161490683229816,0.0
grid_g4_p6_s4_c2,4,6,4,2,18566355.33445113,0.9,0.2333333333333333,1000.0,0.00400366,0.730915,0.72691134,0.211162,604,0.06055900621118013,0.0
grid_g1_p6_s4_c3,1,6,4,3,2075781.6311124284,0.9,0.2333333333333333,1500.0,0.00631015,1.10318,1.09686985,0.260927,602,0.049689440993788817,0.0015527950310559005
grid_g2_p6_s4_c3,2,6,4,3,4308869.380063765,0.9,0.2333333333333333,1500.0,0.00204857,0.931768,0.92971943,0.22170099999999998,591,0.07142857142857142,0.0
grid_g3_p6_s4_c3,3,6,4,3,8944271.90999916,0.9,0.2333333333333333,1500.0,0.00065721,0.809122,0.80846479,0.227492,605,0.04813664596273292,0.0
grid_g6_p6_s4_c1,6,6,4,1,80000000.00000003,0.9,0.2333333333333333,500.0,0.000528283,0.849952,0.8494237170000001,0.175719,614,0.04503105590062112,0.0
grid_g0_p6_s4_c4,0,6,4,4,1000000.0,0.9,0.2333333333333333,2000.0,0.00025811,1.15817,1.1579118899999998,0.284848,589,0.07919254658385093,0.0
grid_g5_p6_s4_c2,5,6,4,2,38539699.35995991,0.9,0.2333333333333333,1000.0,0.00131351,0.684648,0.68333449,0.207667,613,0.040372670807453416,0.0
grid_g4_p6_s4_c3,4,6,4,3,18566355.33445113,0.9,0.2333333333333333,1500.0,0.00245331,0.727835,0.72538169,0.225822,620,0.024844720496894408,0.0
grid_g1_p6_s4_c4,1,6,4,4,2075781.6311124284,0.9,0.2333333333333333,2000.0,0.000152659,1.14595,1.145797341,0.28596,581,0.09006211180124224,0.0015527950310559005
grid_g2_p6_s4_c4,2,6,4,4,4308869.380063765,0.9,0.2333333333333333,2000.0,0.00171169,0.802488,0.8007763099999999,0.232059,621,0.034161490683229816,0.0015527950310559005
grid_g3_p6_s4_c4,3,6,4,4,8944271.90999916,0.9,0.2333333333333333,2000.0,0.00238906,0.666119,0.66372994,0.228546,612,0.034161490683229816,0.0
grid_g0_p6_s4_c5,0,6,4,5,1000000.0,0.9,0.2333333333333333,2500.0,0.000750852,1.10994,1.109189148,0.268502,581,0.07919254658385093,0.0
grid_g6_p6_s4_c2,6,6,4,2,80000000.00000003,0.9,0.2333333333333333,1000.0,0.00318005,0.716515,0.71333495,0.222072,614,0.040372670807453416,0.0
grid_g5_p6_s4_c3,5,6,4,3,38539699.35995991,0.9,0.2333333333333333,1500.0,0.00130559,0.591248,0.58994241,0.233373,609,0.043478260869565216,0.0
grid_g1_p6_s4_c5,1,6,4,5,2075781.6311124284,0.9,0.2333333333333333,2500.0,0.000797672,0.999622,0.998824328,0.24027199999999999,608,0.049689440993788817,0.0015527950310559005
grid_g4_p6_s4_c4,4,6,4,4,18566355.33445113,0.9,0.2333333333333333,2000.0,0.000283157,0.594519,0.594235843,0.240956,611,0.03881987577639751,0.0015527950310559005
grid_g2_p6_s4_c5,2,6,4,5,4308869.380063765,0.9,0.2333333333333333,2500.0,0.000413121,0.830112,0.829698879,0.26419,601,0.055900621118012424,0.0
grid_g6_p6_s4_c3,6,6,4,3,80000000.00000003,0.9,0.2333333333333333,1500.0,0.00355328,0.66472,0.66116672,0.234724,623,0.027950310559006212,0.0015527950310559005
grid_g3_p6_s4_c5,3,6,4,5,8944271.90999916,0.9,0.2333333333333333,2500.0,0.000878046,0.671094,0.670215954,0.24701399999999998,605,0.05745341614906832,0.003105590062111801
grid_g0_p6_s4_c6,0,6,4,6,1000000.0,0.9,0.2333333333333333,3000.0,0.00827208,1.32259,1.31431792,0.287662,606,0.04813664596273292,0.0
grid_g5_p6_s4_c4,5,6,4,4,38539699.35995991,0.9,0.2333333333333333,2000.0,0.000350504,0.766056,0.7657054959999999,0.231065,623,0.026397515527950312,0.0
grid_g1_p6_s4_c6,1,6,4,6,2075781.6311124284,0.9,0.2333333333333333,3000.0,0.00213709,0.984276,0.9821389100000001,0.24296399999999999,592,0.07608695652173914,0.0015527950310559005
grid_g4_p6_s4_c5,4,6,4,5,18566355.33445113,0.9,0.2333333333333333,2500.0,0.00220457,0.57713,0.5749254300000001,0.26493,612,0.034161490683229816,0.0
grid_g2_p6_s4_c6,2,6,4,6,4308869.380063765,0.9,0.2333333333333333,3000.0,0.00093125,0.840662,0.83973075,0.249546,614,0.04192546583850932,0.0
grid_g3_p6_s4_c6,3,6,4,6,8944271.90999916,0.9,0.2333333333333333,3000.0,0.00198653,0.627018,0.6250314699999999,0.228686,603,0.04813664596273292,0.0015527950310559005
grid_g6_p6_s4_c4,6,6,4,4,80000000.00000003,0.9,0.2333333333333333,2000.0,0.0007592,0.555177,0.5544178000000001,0.261363,618,0.040372670807453416,0.0
grid_g0_p6_s5_c0,0,6,5,0,1000000.0,0.9,0.2916666666666666,0.0,0.000215028,1.26498,1.264764972,0.371046,567,0.09161490683229814,0.0
grid_g5_p6_s4_c5,5,6,4,5,38539699.35995991,0.9,0.2333333333333333,2500.0,1.01209e-05,0.954576,0.9545658791,0.250244,635,0.012422360248447204,0.0
grid_g4_p6_s4_c6,4,6,4,6,18566355.33445113,0.9,0.2333333333333333,3000.0,0.00013009,1.08346,1.08332991,0.257808,628,0.021739130434782608,0.0015527950310559005
grid_g1_p6_s5_c0,1,6,5,0,2075781.6311124284,0.9,0.2916666666666666,0.0,0.000191611,1.19398,1.193788389,0.308866,582,0.09472049689440994,0.0
grid_g2_p6_s5_c0,2,6,5,0,4308869.380063765,0.9,0.2916666666666666,0.0,0.000212416,1.04838,1.048167584,0.24118599999999998,581,0.09782608695652174,0.0
grid_g3_p6_s5_c0,3,6,5,0,8944271.90999916,0.9,0.2916666666666666,0.0,0.00286221,1.06323,1.06036779,0.215276,606,0.059006211180124224,0.0
grid_g5_p6_s4_c6,5,6,4,6,38539699.35995991,0.9,0.2333333333333333,3000.0,1.9108e-05,0.553952,0.553932892,0.21618199999999999,611,0.043478260869565216,0.0015527950310559005
grid_g6_p6_s4_c5,6,6,4,5,80000000.00000003,0.9,0.2333333333333333,2500.0,0.000147855,0.569472,0.569324145,0.229207,622,0.029503105590062112,0.0
grid_g0_p6_s5_c1,0,6,5,1,1000000.0,0.9,0.2916666666666666,500.0,0.0027139,1.57363,1.5709161,0.44628,569,0.09161490683229814,0.0
grid_g1_p6_s5_c1,1,6,5,1,2075781.6311124284,0.9,0.2916666666666666,500.0,0.000337956,1.27539,1.275052044,0.29661899999999997,588,0.06521739130434782,0.0
grid_g4_p6_s5_c0,4,6,5,0,18566355.33445113,0.9,0.2916666666666666,0.0,0.00131551,0.948921,0.94760549,0.189937,611,0.05124223602484472,0.0
grid_g2_p6_s5_c1,2,6,5,1,4308869.380063765,0.9,0.2916666666666666,500.0,0.00145029,1.04452,1.04306971,0.293433,591,0.07763975155279502,0.0
grid_g3_p6_s5_c1,3,6,5,1,8944271.90999916,0.9,0.2916666666666666,500.0,0.00143086,0.927899,0.92646814,0.264871,597,0.06987577639751552,0.0
grid_g0_p6_s5_c2,0,6,5,2,1000000.0,0.9,0.2916666666666666,1000.0,0.000548489,1.48299,1.482441511,0.440187,571,0.09161490683229814,0.0
grid_g6_p6_s4_c6,6,6,4,6,80000000.00000003,0.9,0.2333333333333333,3000.0,0.00132996,0.540799,0.5394690400000001,0.253355,629,0.020186335403726708,0.0015527950310559005
grid_g5_p6_s5_c0,5,6,5,0,38539699.35995991,0.9,0.2916666666666666,0.0,0.000191079,0.973586,0.9733949209999999,0.169293,619,0.03571428571428571,0.0
grid_g4_p6_s5_c1,4,6,5,1,18566355.33445113,0.9,0.2916666666666666,500.0,0.000229394,0.860466,0.860236606,0.229232,601,0.06366459627329192,0.0
grid_g1_p6_s5_c2,1,6,5,2,2075781.6311124284,0.9,0.2916666666666666,1000.0,0.00506407,1.33128,1.32621593,0.304933,588,0.07142857142857142,0.003105590062111801
grid_g2_p6_s5_c2,2,6,5,2,4308869.380063765,0.9,0.2916666666666666,1000.0,0.000862104,1.18342,1.1825578959999998,0.210887,583,0.08850931677018634,0.0015527950310559005
grid_g3_p6_s5_c2,3,6,5,2,8944271.90999916,0.9,0.2916666666666666,1000.0,0.0005595,0.949812,0.9492524999999999,0.229767,605,0.059006211180124224,0.0
grid_g6_p6_s5_c0,6,6,5,0,80000000.00000003,0.9,0.2916666666666666,0.0,0.00110476,1.11766,1.11655524,0.173345,619,0.037267080745341616,0.0
grid_g0_p6_s5_c3,0,6,5,3,1000000.0,0.9,0.2916666666666666,1500.0,0.0031391,1.53548,1.5323409,0.439887,577,0.08540372670807453,0.003105590062111801
grid_g5_p6_s5_c1,5,6,5,1,38539699.35995991,0.9,0.2916666666666666,500.0,0.000165591,0.78358,0.783414409,0.21870399999999998,598,0.06832298136645963,0.0
grid_g1_p6_s5_c3,1,6,5,3,2075781.6311124284,0.9,0.2916666666666666,1500.0,0.00245402,1.42945,1.42699598,0.288253,590,0.07298136645962733,0.0015527950310559005
grid_g4_p6_s5_c2,4,6,5,2,18566355.33445113,0.9,0.2916666666666666,1000.0,0.0017352,0.745005,0.7432698,0.228663,597,0.06366459627329192,0.0
grid_g2_p6_s5_c3,2,6,5,3,4308869.380063765,0.9,0.2916666666666666,1500.0,0.00443701,1.10919,1.10475299,0.2634,590,0.07298136645962733,0.0
grid_g3_p6_s5_c3,3,6,5,3,8944271.90999916,0.9,0.2916666666666666,1500.0,0.000621359,0.834842,0.8342206409999999,0.242806,594,0.055900621118012424,0.0
grid_g6_p6_s5_c1,6,6,5,1,80000000.00000003,0.9,0.2916666666666666,500.0,3.4964e-05,0.752802,0.752767036,0.165075,618,0.03881987577639751,0.0
grid_g0_p6_s5_c4,0,6,5,4,1000000.0,0.9,0.2916666666666666,2000.0,0.000421073,1.29468,1.294258927,0.30119799999999997,559,0.09316770186335403,0.0015527950310559005
grid_g5_p6_s5_c2,5,6,5,2,38539699.35995991,0.9,0.2916666666666666,1000.0,0.000109792,0.743475,0.7433652079999999,0.20371,622,0.029503105590062112,0.0
grid_g4_p6_s5_c3,4,6,5,3,18566355.33445113,0.9,0.2916666666666666,1500.0,0.00375944,0.813902,0.8101425600000001,0.21927,621,0.03260869565217391,0.0
grid_g1_p6_s5_c4,1,6,5,4,2075781.6311124284,0.9,0.2916666666666666,2000.0,0.00235692,1.28709,1.28473308,0.283955,593,0.05434782608695652,0.0015527950310559005
grid_g2_p6_s5_c4,2,6,5,4,4308869.380063765,0.9,0.2916666666666666,2000.0,0.00111203,1.18497,1.18385797,0.268225,592,0.07453416149068323,0.0
grid_g3_p6_s5_c4,3,6,5,4,8944271.90999916,0.9,0.2916666666666666,2000.0,0.0010379,0.79204,0.7910020999999999,0.254927,607,0.052795031055900624,0.0015527950310559005
grid_g6_p6_s5_c2,6,6,5,2,80000000.00000003,0.9,0.2916666666666666,1000.0,0.000310275,0.758475,0.758164725,0.197646,619,0.037267080745341616,0.0
grid_g0_p6_s5_c5,0,6,5,5,1000000.0,0.9,0.2916666666666666,2500.0,0.000213281,1.29002,1.289806719,0.285164,561,0.10403726708074534,0.003105590062111801
grid_g5_p6_s5_c3,5,6,5,3,38539699.35995991,0.9,0.2916666666666666,1500.0,0.00181122,0.754548,0.75273678,0.208729,601,0.05124223602484472,0.0
grid_g4_p6_s5_c4,4,6,5,4,18566355.33445113,0.9,0.2916666666666666,2000.0,0.000769659,0.703782,0.703012341,0.227771,607,0.031055900621118012,0.0
grid_g1_p6_s5_c5,1,6,5,5,2075781.6311124284,0.9,0.2916666666666666,2500.0,0.00180689,1.26106,1.2592531100000002,0.264625,595,0.06366459627329192,0.0015527950310559005
grid_g2_p6_s5_c5,2,6,5,5,4308869.380063765,0.9,0.2916666666666666,2500.0,0.00232127,0.987423,0.98510173,0.20543999999999998,601,0.06055900621118013,0.0015527950310559005
grid_g3_p6_s5_c5,3,6,5,5,8944271.90999916,0.9,0.2916666666666666,2500.0,0.00106938,1.23682,1.2357506200000001,0.252253,607,0.05124223602484472,0.0
grid_g6_p6_s5_c3,6,6,5,3,80000000.00000003,0.9,0.2916666666666666,1500.0,0.000424976,0.649668,0.649243024,0.213454,622,0.029503105590062112,0.0015527950310559005
grid_g0_p6_s5_c6,0,6,5,6,1000000.0,0.9,0.2916666666666666,3000.0,0.00176082,1.26005,1.2582891799999998,0.394857,579,0.07453416149068323,0.003105590062111801
grid_g5_p6_s5_c4,5,6,5,4,38539699.35995991,0.9,0.2916666666666666,2000.0,0.000192421,0.5975,0.597307579,0.212678,606,0.020186335403726708,0.0
grid_g1_p6_s5_c6,1,6,5,6,2075781.6311124284,0.9,0.2916666666666666,3000.0,0.00087172,1.19094,1.1900682800000002,0.24794,591,0.06987577639751552,0.0015527950310559005
grid_g4_p6_s5_c5,4,6,5,5,18566355.33445113,0.9,0.2916666666666666,2500.0,0.000975538,0.754054,0.753078462,0.219503,625,0.021739130434782608,0.0015527950310559005
grid_g2_p6_s5_c6,2,6,5,6,4308869.380063765,0.9,0.2916666666666666,3000.0,0.000536257,1.24364,1.243103743,0.26884,588,0.06677018633540373,0.0015527950310559005
grid_g3_p6_s5_c6,3,6,5,6,8944271.90999916,0.9,0.2916666666666666,3000.0,0.000212142,0.791379,0.7911668580000001,0.28801699999999997,611,0.04813664596273292,0.0
grid_g6_p6_s5_c4,6,6,5,4,80000000.00000003,0.9,0.2916666666666666,2000.0,0.000944877,0.583612,0.582667123,0.23488399999999998,616,0.023291925465838508,0.0
grid_g0_p6_s6_c0,0,6,6,0,1000000.0,0.9,0.35,0.0,3.36576e-05,1.40946,1.4094263424,0.388656,566,0.07919254658385093,0.0
grid_g5_p6_s5_c5,5,6,5,5,38539699.35995991,0.9,0.2916666666666666,2500.0,0.00273818,1.12076,1.11802182,0.258396,611,0.03571428571428571,0.0
grid_g1_p6_s6_c0,1,6,6,0,2075781.6311124284,0.9,0.35,0.0,0.00419426,1.1941,1.18990574,0.335864,580,0.08850931677018634,0.0
grid_g4_p6_s5_c6,4,6,5,6,18566355.33445113,0.9,0.2916666666666666,3000.0,0.00161937,0.881842,0.88022263,0.23746499999999998,594,0.06521739130434782,0.0
grid_g2_p6_s6_c0,2,6,6,0,4308869.380063765,0.9,0.35,0.0,0.000768018,1.13115,1.130381982,0.29570399999999997,578,0.09937888198757763,0.0
grid_g0_p6_s6_c1,0,6,6,1,1000000.0,0.9,0.35,500.0,0.00753232,1.72512,1.71758768,0.301443,573,0.06366459627329192,0.003105590062111801
grid_g3_p6_s6_c0,3,6,6,0,8944271.90999916,0.9,0.35,0.0,0.000716911,1.08699,1.0862730889999999,0.206112,610,0.049689440993788817,0.0
grid_g6_p6_s5_c5,6,6,5,5,80000000.00000003,0.9,0.2916666666666666,2500.0,0.00119737,0.509286,0.50808863,0.24148899999999998,622,0.027950310559006212,0.0
grid_g5_p6_s5_c6,5,6,5,6,38539699.35995991,0.9,0.2916666666666666,3000.0,0.00111088,0.601196,0.6000851199999999,0.243537,613,0.037267080745341616,0.0
grid_g1_p6_s6_c1,1,6,6,1,2075781.6311124284,0.9,0.35,500.0,0.00076631,1.60715,1.6063836900000001,0.372734,600,0.06055900621118013,0.0
grid_g4_p6_s6_c0,4,6,6,0,18566355.33445113,0.9,0.35,0.0,0.00238083,0.976671,0.97429017,0.196873,607,0.05434782608695652,0.0
grid_g2_p6_s6_c1,2,6,6,1,4308869.380063765,0.9,0.35,500.0,0.00137987,1.15066,1.14928013,0.314504,588,0.07919254658385093,0.0
grid_g0_p6_s6_c2,0,6,6,2,1000000.0,0.9,0.35,1000.0,0.00278392,1.80498,1.80219608,0.341485,588,0.06521739130434782,0.0015527950310559005
grid_g3_p6_s6_c1,3,6,6,1,8944271.90999916,0.9,0.35,500.0,0.00028495,1.0079,1.00761505,0.27719499999999997,588,0.08074534161490683,0.0
grid_g6_p6_s5_c6,6,6,5,6,80000000.00000003,0.9,0.2916666666666666,3000.0,0.00147188,0.574459,0.5729871200000001,0.252815,618,0.03881987577639751,0.0015527950310559005
grid_g5_p6_s6_c0,5,6,6,0,38539699.35995991,0.9,0.35,0.0,0.00205722,0.99885,0.99679278,0.182205,615,0.04503105590062112,0.0
grid_g4_p6_s6_c1,4,6,6,1,18566355.33445113,0.9,0.35,500.0,7.47534e-05,0.986837,0.9867622466,0.19741799999999998,618,0.040372670807453416,0.0
grid_g1_p6_s6_c2,1,6,6,2,2075781.6311124284,0.9,0.35,1000.0,0.000793216,1.42666,1.425866784,0.24287999999999998,576,0.08695652173913043,0.0
grid_g2_p6_s6_c2,2,6,6,2,4308869.380063765,0.9,0.35,1000.0,0.000293153,1.16635,1.166056847,0.248729,573,0.10403726708074534,0.0
grid_g0_p6_s6_c3,0,6,6,3,1000000.0,0.9,0.35,1500.0,0.00169978,1.56367,1.5619702199999999,0.266175,564,0.05124223602484472,0.010869565217391304
grid_g3_p6_s6_c2,3,6,6,2,8944271.90999916,0.9,0.35,1000.0,0.00053428,0.907977,0.90744272,0.24193299999999998,592,0.07919254658385093,0.0
grid_g6_p6_s6_c0,6,6,6,0,80000000.00000003,0.9,0.35,0.0,0.000175013,1.04598,1.045804987,0.171207,618,0.040372670807453416,0.0
grid_g5_p6_s6_c1,5,6,6,1,38539699.35995991,0.9,0.35,500.0,0.00377543,0.900427,0.89665157,0.182802,625,0.029503105590062112,0.0
grid_g1_p6_s6_c3,1,6,6,3,2075781.6311124284,0.9,0.35,1500.0,0.000122016,1.56974,1.569617984,0.240286,564,0.09472049689440994,0.0015527950310559005
grid_g4_p6_s6_c2,4,6,6,2,18566355.33445113,0.9,0.35,1000.0,0.000677278,0.83054,0.829862722,0.21678699999999998,610,0.05124223602484472,0.0
grid_g2_p6_s6_c3,2,6,6,3,4308869.380063765,0.9,0.35,1500.0,0.000861435,1.16268,1.161818565,0.278478,576,0.08074534161490683,0.003105590062111801
grid_g3_p6_s6_c3,3,6,6,3,8944271.90999916,0.9,0.35,1500.0,0.000332965,1.01935,1.019017035,0.23082999999999998,585,0.08850931677018634,0.0015527950310559005
grid_g6_p6_s6_c1,6,6,6,1,80000000.00000003,0.9,0.35,500.0,0.000136306,0.778038,0.777901694,0.19150599999999998,604,0.04503105590062112,0.0
grid_g0_p6_s6_c4,0,6,6,4,1000000.0,0.9,0.35,2000.0,0.00195663,1.61752,1.61556337,0.359573,576,0.06055900621118013,0.003105590062111801
grid_g5_p6_s6_c2,5,6,6,2,38539699.35995991,0.9,0.35,1000.0,0.00556478,0.75885,0.75328522,0.19802999999999998,616,0.037267080745341616,0.0
grid_g1_p6_s6_c4,1,6,6,4,2075781.6311124284,0.9,0.35,2000.0,0.00253617,1.39113,1.38859383,0.373139,575,0.08695652173913043,0.003105590062111801
grid_g4_p6_s6_c3,4,6,6,3,18566355.33445113,0.9,0.35,1500.0,0.00372085,0.80725,0.80352915,0.222832,618,0.03881987577639751,0.0015527950310559005
grid_g2_p6_s6_c4,2,6,6,4,4308869.380063765,0.9,0.35,2000.0,0.00232424,1.10401,1.1016857599999998,0.286095,603,0.05124223602484472,0.0015527950310559005
grid_g6_p6_s6_c2,6,6,6,2,80000000.00000003,0.9,0.35,1000.0,0.00234419,0.685386,0.6830418100000001,0.180566,607,0.046583850931677016,0.0
grid_g3_p6_s6_c4,3,6,6,4,8944271.90999916,0.9,0.35,2000.0,0.000468237,1.00147,1.001001763,0.206725,613,0.03260869565217391,0.0
grid_g0_p6_s6_c5,0,6,6,5,1000000.0,0.9,0.35,2500.0,0.00158119,1.4191,1.41751881,0.433218,585,0.062111801242236024,0.003105590062111801
grid_g5_p6_s6_c3,5,6,6,3,38539699.35995991,0.9,0.35,1500.0,0.000100339,0.75713,0.757029661,0.238592,607,0.052795031055900624,0.0
grid_g1_p6_s6_c5,1,6,6,5,2075781.6311124284,0.9,0.35,2500.0,0.00444429,1.33453,1.33008571,0.322117,577,0.08385093167701864,0.0015527950310559005
grid_g4_p6_s6_c4,4,6,6,4,18566355.33445113,0.9,0.35,2000.0,0.00385197,0.724068,0.72021603,0.238034,599,0.055900621118012424,0.003105590062111801
grid_g2_p6_s6_c5,2,6,6,5,4308869.380063765,0.9,0.35,2500.0,0.00218186,1.27771,1.2755281399999998,0.287503,581,0.06366459627329192,0.006211180124223602
grid_g6_p6_s6_c3,6,6,6,3,80000000.00000003,0.9,0.35,1500.0,0.00145312,0.651076,0.64962288,0.236176,606,0.03881987577639751,0.0
grid_g3_p6_s6_c5,3,6,6,5,8944271.90999916,0.9,0.35,2500.0,0.00133631,0.855627,0.85429069,0.268506,593,0.07298136645962733,0.0015527950310559005
grid_g0_p6_s6_c6,0,6,6,6,1000000.0,0.9,0.35,3000.0,0.000223234,1.41695,1.416726766,0.398313,567,0.08850931677018634,0.007763975155279503
grid_g5_p6_s6_c4,5,6,6,4,38539699.35995991,0.9,0.35,2000.0,0.000573373,0.604473,0.603899627,0.208985,615,0.03571428571428571,0.0015527950310559005
grid_g1_p6_s6_c6,1,6,6,6,2075781.6311124284,0.9,0.35,3000.0,0.000700382,1.41479,1.414089618,0.349224,579,0.07919254658385093,0.003105590062111801
grid_g2_p6_s6_c6,2,6,6,6,4308869.380063765,0.9,0.35,3000.0,0.00158275,1.05066,1.0490772499999999,0.303291,568,0.08385093167701864,0.0015527950310559005
grid_g4_p6_s6_c5,4,6,6,5,18566355.33445113,0.9,0.35,2500.0,0.00756364,0.75221,0.7446463600000001,0.257937,621,0.027950310559006212,0.0015527950310559005
grid_g3_p6_s6_c6,3,6,6,6,8944271.90999916,0.9,0.35,3000.0,0.000967388,0.937561,0.936593612,0.247119,593,0.06677018633540373,0.0
grid_g6_p6_s6_c4,6,6,6,4,80000000.00000003,0.9,0.35,2000.0,0.0018745,0.811185,0.8093105,0.214894,633,0.015527950310559006,0.0015527950310559005
grid_g5_p6_s6_c5,5,6,6,5,38539699.35995991,0.9,0.35,2500.0,0.00130313,0.565087,0.56378387,0.25119800000000003,603,0.046583850931677016,0.0
grid_g4_p6_s6_c6,4,6,6,6,18566355.33445113,0.9,0.35,3000.0,0.00199009,0.693151,0.69116091,0.26035600000000003,607,0.03881987577639751,0.0015527950310559005
grid_g5_p6_s6_c6,5,6,6,6,38539699.35995991,0.9,0.35,3000.0,0.00880068,0.611229,0.60242832,0.244603,613,0.037267080745341616,0.0015527950310559005
grid_g6_p6_s6_c5,6,6,6,5,80000000.00000003,0.9,0.35,2500.0,0.0023981,0.567665,0.5652669,0.244146,630,0.021739130434782608,0.0
grid_g6_p6_s6_c6,6,6,6,6,80000000.00000003,0.9,0.35,3000.0,8.82077e-05,0.501849,0.5017607923,0.245641,624,0.031055900621118012,0.0
